path,bytes,kind,width,height
unsorted-source-material/Disassembly guide/PNG/Untitled-1.png,224644,image,1024,655
unsorted-source-material/Disassembly guide/PNG/Untitled-2.png,359890,image,1024,939
unsorted-source-material/Disassembly guide/PNG/Untitled-3.png,271245,image,1024,616
unsorted-source-material/Disassembly guide/PNG/Untitled-4.png,114266,image,1024,1003
unsorted-source-material/Disassembly guide/PNG/Untitled-5.png,406950,image,1024,1258
unsorted-source-material/Disassembly guide/PNG/vp415-colour300dpi-fixed_Page_102.png,915227,image,2048,1477
unsorted-source-material/Disassembly guide/PNG/vp415-colour300dpi-fixed_Page_103.png,315703,image,2048,2038
unsorted-source-material/Disassembly guide/PNG/vp415-colour300dpi-fixed_Page_104.png,837231,image,2048,1518
unsorted-source-material/Disassembly guide/PNG/vp415-colour300dpi-fixed_Page_105.png,399973,image,2048,1436
unsorted-source-material/Disassembly guide/PNG/vp415-colour300dpi-fixed_Page_120.png,1175814,image,893,1956
unsorted-source-material/Disassembly guide/Philips-VP415-Back-panel annotated.jpg,141443,image,1024,410
unsorted-source-material/Disassembly guide/VP415 Cabinet exploded diagram.jpg,375723,image,2048,1477
unsorted-source-material/Disassembly guide/VP415 Drive assembly exploded diagram.jpg,384726,image,2048,1436
unsorted-source-material/Disassembly guide/VP415 Front-loader exploded diagram.jpg,315741,image,2048,1518
unsorted-source-material/Disassembly guide/VP415 Push out tray manually.jpg,93034,image,1024,655
unsorted-source-material/Disassembly guide/VP415 Remove IO module U.jpg,114222,image,1024,1003
unsorted-source-material/Disassembly guide/VP415 Remove optical deck.jpg,127595,image,1024,616
unsorted-source-material/Disassembly guide/VP415 Remove sandwich.jpg,112419,image,1024,1258
unsorted-source-material/Disassembly guide/VP415 Sandwich exploded diagram.jpg,275545,image,2048,2038
unsorted-source-material/Disassembly guide/VP415 Upper case and front-loader.jpg,161736,image,1024,939
unsorted-source-material/Microcontroller dumps/Complete/D8041AHC_NEC_VP410_Module_S_Control.hex,2893,firmware,,
unsorted-source-material/Microcontroller dumps/Complete/D8041AHC_NEC_VP415_Module_S_Control.hex,2891,firmware,,
unsorted-source-material/Microcontroller dumps/Complete/D8041AHC_NEC_VP415_Module_W_CPU.hex,2891,firmware,,
unsorted-source-material/Microcontroller dumps/Complete/VP410 Module S 8041 Slave CPU image.zip,1462,archive,,
unsorted-source-material/Microcontroller dumps/Complete/VP415 Module S and W 8041 Slave CPU images.zip,3060,archive,,
unsorted-source-material/Microcontroller dumps/D8041AHC_NEC.pdf,760346,pdf,,
unsorted-source-material/Microcontroller dumps/D8041AHC_NEC_VP415_Module_S_Control 2.hex,2891,firmware,,
unsorted-source-material/Microcontroller dumps/D8041AHC_NEC_VP415_Module_S_Control 3.hex,2891,firmware,,
unsorted-source-material/Microcontroller dumps/D8041AHC_NEC_VP415_Module_S_Control.hex,8848,firmware,,
unsorted-source-material/Microcontroller dumps/D8041AHC_NEC_VP415_Module_W_CPU 2.hex,2891,firmware,,
unsorted-source-material/Microcontroller dumps/D8041AHC_NEC_VP415_Module_W_CPU 3.hex,2891,firmware,,
unsorted-source-material/Microcontroller dumps/D8041AHC_NEC_VP415_Module_W_CPU.hex,8848,firmware,,
unsorted-source-material/Microcontroller dumps/D8741A.pdf,356573,pdf,,
unsorted-source-material/Module Z diagrams/Deck electronics potentiometer layout.png,36727,image,860,1168
unsorted-source-material/Module Z diagrams/Deck electronics potentiometer layout.pptx,35002,office,,
unsorted-source-material/Module Z diagrams/Deck electronics potentiometers.png,5164962,image,1386,1540
unsorted-source-material/Module Z diagrams/Deck electronics potentiometers.pptx,2890124,office,,
unsorted-source-material/Module Z diagrams/Module Z diagrams/Focus Gain.PNG,25922,image,572,832
unsorted-source-material/Module Z diagrams/Module Z diagrams/Focus Radial Ratio.PNG,26738,image,572,832
unsorted-source-material/Module Z diagrams/Module Z diagrams/HF Amplitude.PNG,25825,image,572,832
unsorted-source-material/Module Z diagrams/Module Z diagrams/Radial Balance.PNG,26479,image,572,832
unsorted-source-material/Module Z diagrams/Module Z diagrams/Radial Gain.PNG,26151,image,572,832
unsorted-source-material/Module Z diagrams/Module Z diagrams/Tilt Offset.PNG,25370,image,572,832
unsorted-source-material/Module photos/Module Layout.jpg,952780,image,2362,2250
unsorted-source-material/Module photos/Module Layout.pptx,2450240,office,,
unsorted-source-material/Module photos/Module V diagram.jpg,386636,image,3138,3009
unsorted-source-material/Module photos/Plug in modules/Module A - Audio Proc bottom.jpg,4185153,image,4792,1155
unsorted-source-material/Module photos/Plug in modules/Module A - Audio Proc top.jpg,3642888,image,4705,1138
unsorted-source-material/Module photos/Plug in modules/Module B - RGB bottom.jpg,3909909,image,4853,1148
unsorted-source-material/Module photos/Plug in modules/Module B - RGB top.jpg,3727588,image,4752,1142
unsorted-source-material/Module photos/Plug in modules/Module C - Video Proc bottom.jpg,3560323,image,4348,1131
unsorted-source-material/Module photos/Plug in modules/Module C - Video Proc top.jpg,3330961,image,4238,1112
unsorted-source-material/Module photos/Plug in modules/Module D - Ref Source bottom.jpg,4096344,image,4798,1132
unsorted-source-material/Module photos/Plug in modules/Module D - Ref Source top.jpg,3589678,image,4693,1116
unsorted-source-material/Module photos/Plug in modules/Module E - Slide Drive bottom.jpg,2027469,image,2436,1155
unsorted-source-material/Module photos/Plug in modules/Module E - Slide Drive top.jpg,1969690,image,2420,1131
unsorted-source-material/Module photos/Plug in modules/Module F - Motor bottom.jpg,3529821,image,4791,1148
unsorted-source-material/Module photos/Plug in modules/Module F - Motor top.jpg,3810966,image,4779,1126
unsorted-source-material/Module photos/Plug in modules/Module G - Genlock bottom.jpg,4549553,image,4904,1182
unsorted-source-material/Module photos/Plug in modules/Module G - Genlock top.jpg,3904806,image,4828,1168
unsorted-source-material/Module photos/Plug in modules/Module H - ETBC B bottom.jpg,4230415,image,4775,1137
unsorted-source-material/Module photos/Plug in modules/Module H - ETBC B top.jpg,4009301,image,4698,1140
unsorted-source-material/Module photos/Plug in modules/Module I - ETBC C bottom.jpg,3966155,image,4739,1140
unsorted-source-material/Module photos/Plug in modules/Module I - ETBC C top.jpg,3610700,image,4662,1116
unsorted-source-material/Module photos/Plug in modules/Module J - Focus bottom.jpg,2121105,image,2434,1124
unsorted-source-material/Module photos/Plug in modules/Module J - Focus top.jpg,1923715,image,2382,1119
unsorted-source-material/Module photos/Plug in modules/Module K - HF Proc bottom.jpg,3573725,image,4766,1118
unsorted-source-material/Module photos/Plug in modules/Module K - HF Proc top.jpg,3958681,image,4694,1124
unsorted-source-material/Module photos/Plug in modules/Module L - Video DO Corr bottom.jpg,3729203,image,4755,1160
unsorted-source-material/Module photos/Plug in modules/Module L - Video DO Corr top.jpg,3310947,image,4690,1121
unsorted-source-material/Module photos/Plug in modules/Module M - Radial bottom.jpg,4179733,image,4740,1127
unsorted-source-material/Module photos/Plug in modules/Module M - Radial top.jpg,3777147,image,4689,1134
unsorted-source-material/Module photos/Plug in modules/Module P - Front Loader bottom.jpg,2077622,image,2012,1345
unsorted-source-material/Module photos/Plug in modules/Module P - Front Loader top.jpg,1569419,image,1995,1359
unsorted-source-material/Module photos/Plug in modules/Module R - Drive Proc bottom.jpg,6076357,image,4912,1718
unsorted-source-material/Module photos/Plug in modules/Module R - Drive Proc top.jpg,4980774,image,4853,1706
unsorted-source-material/Module photos/Plug in modules/Module S - Control bottom.jpg,5923453,image,4931,1744
unsorted-source-material/Module photos/Plug in modules/Module S - Control top.jpg,4910516,image,4834,1713
unsorted-source-material/Module photos/Plug in modules/Module T - Supply top.jpg,4268414,image,4982,1642
unsorted-source-material/Module photos/Plug in modules/Module U - Analog IO bottom.jpg,7745578,image,3999,3015
unsorted-source-material/Module photos/Plug in modules/Module U - Analog IO top.jpg,7214053,image,4057,3323
unsorted-source-material/Module photos/Plug in modules/Module W - CPU and Datagrabber bottom.jpg,8162315,image,5138,2669
unsorted-source-material/Module photos/Plug in modules/Module W - CPU and Datagrabber top.jpg,7116067,image,5092,2656
unsorted-source-material/Module photos/Plug in modules/Module X - LV-ROM Dec bottom.jpg,9468031,image,4769,3168
unsorted-source-material/Module photos/Plug in modules/Module X - LV-ROM Dec top.jpg,7619115,image,4653,3027
unsorted-source-material/Module photos/Plug in modules/Module Y - VidMix bottom.jpg,8706628,image,4810,3107
unsorted-source-material/Module photos/Plug in modules/Module Y - VidMix top.jpg,8011126,image,4636,3113
unsorted-source-material/Module photos/Plug in modules/Remote control top.jpg,3429356,image,4458,1875
unsorted-source-material/Module photos/Plug in modules/Rermote control bottom.jpg,3596491,image,4463,1858
unsorted-source-material/Pictures/415Photos/415Photos/IMG_5845.JPG,3006991,image,3504,2336
unsorted-source-material/Pictures/415Photos/415Photos/IMG_5846.JPG,3056195,image,3504,2336
unsorted-source-material/Pictures/415Photos/415Photos/IMG_5847.JPG,2987774,image,3504,2336
unsorted-source-material/Pictures/415Photos/415Photos/IMG_5848.JPG,3039698,image,3504,2336
unsorted-source-material/Pictures/415Photos/415Photos/IMG_5849.JPG,2965365,image,3504,2336
unsorted-source-material/Pictures/415Photos/415Photos/IMG_5850.JPG,2969356,image,3504,2336
unsorted-source-material/Pictures/415Photos/415Photos/IMG_5851.JPG,2965399,image,3504,2336
unsorted-source-material/Pictures/415Photos/415Photos/IMG_5852.JPG,2931720,image,3504,2336
unsorted-source-material/Pictures/415Photos/415Photos/IMG_5853.JPG,3398860,image,3504,2336
unsorted-source-material/Pictures/415Photos/415Photos/IMG_5854.JPG,3254759,image,3504,2336
unsorted-source-material/Pictures/415Photos/415Photos/IMG_5855.JPG,2887384,image,3504,2336
unsorted-source-material/Pictures/415Photos/415Photos/IMG_5856.JPG,2956841,image,3504,2336
unsorted-source-material/Pictures/415Photos/415Photos/IMG_5857.JPG,2896515,image,3504,2336
unsorted-source-material/Pictures/415Photos/415Photos/IMG_5858.JPG,2861762,image,3504,2336
unsorted-source-material/Pictures/415Photos/415Photos/IMG_5859.JPG,2956522,image,3504,2336
unsorted-source-material/Pictures/415Photos/415Photos/IMG_5863.JPG,3333368,image,3504,2336
unsorted-source-material/Pictures/415Photos/415Photos/IMG_5864.JPG,3494231,image,3504,2336
unsorted-source-material/Pictures/415Photos/415Photos/IMG_5865.JPG,3407900,image,3504,2336
unsorted-source-material/Pictures/415Photos/415Photos/IMG_5866.JPG,3214931,image,3504,2336
unsorted-source-material/Pictures/415Photos/415Photos/IMG_5867.JPG,3287512,image,3504,2336
unsorted-source-material/Pictures/415Photos/415Photos/IMG_5868.JPG,3002106,image,3504,2336
unsorted-source-material/Pictures/415Photos/415Photos/IMG_5869.JPG,3212801,image,3504,2336
unsorted-source-material/Pictures/DSC00262.JPG,2430757,image,3264,2448
unsorted-source-material/Pictures/DSC00263.JPG,2407919,image,3264,2448
unsorted-source-material/Pictures/DSC00264.JPG,2218525,image,3264,2448
unsorted-source-material/Pictures/DSC00265.JPG,2438508,image,3264,2448
unsorted-source-material/Pictures/DSC00266.JPG,2418856,image,3264,2448
unsorted-source-material/Pictures/DSC00267.JPG,2455832,image,3264,2448
unsorted-source-material/Pictures/DSC00282.JPG,2385780,image,3264,2448
unsorted-source-material/Pictures/DSC00283.JPG,2292000,image,3264,2448
unsorted-source-material/Pictures/DSC00284.JPG,2312431,image,3264,2448
unsorted-source-material/Pictures/Philips VP415 LaserVision Player Rear.jpg,474366,image,2874,1176
unsorted-source-material/Pictures/Philips VP415 LaserVision Player.jpg,434506,image,3242,1806
unsorted-source-material/VP415 ROM dumps/Rom descriptions.txt,404,text,,
unsorted-source-material/VP415 ROM dumps/VP410 S Module - Control A 3104 103 68114.BIN,65536,firmware,,
unsorted-source-material/VP415 ROM dumps/VP410 S Module - Control A 3104 103 68114.zip,23379,archive,,
unsorted-source-material/VP415 ROM dumps/VP415 ROM images.zip,56154,archive,,
unsorted-source-material/VP415 ROM dumps/VP415 ROM images/R 3104 103 6803 6 DRIVE V1_7 0x68FF.BIN,16384,firmware,,
unsorted-source-material/VP415 ROM dumps/VP415 ROM images/S 3104 103 6804 9 CONTROL V1_8 0x6728.BIN,65536,firmware,,
unsorted-source-material/VP415 ROM dumps/VP415 ROM images/W 3104 103 6805 2 CPU V1_3 0xB42D.BIN,16384,firmware,,
unsorted-source-material/VP415 ROM dumps/VP415 ROM images/W 3104 103 6805 3 CPU V1_4 0x8F90.BIN,16384,firmware,,
unsorted-source-material/VP415 ROM dumps/VP415 ROM images/W 3104 103 6806 2 CPU V1_3 0x1A1C.BIN,16384,firmware,,
unsorted-source-material/VP415 ROM dumps/VP415 ROM images/W 3104 103 6806 3 CPU V1_4 0x56D7.BIN,16384,firmware,,
unsorted-source-material/VP415 ROM dumps/VP415 ROM images/W 3104 103 6807 0 CPU V1_0 0x1FBE.BIN,16384,firmware,,
unsorted-source-material/VP415 ROM dumps/VP415 ROM images/W 3104 103 6808 0 CPU V1_0 0xD120.BIN,16384,firmware,,
unsorted-source-material/VP415 ROM dumps/VP415 ROM version survey.jpg,217315,image,1822,1286
unsorted-source-material/VP415 ROM dumps/VP415 ROM version survey.png,1775723,image,3510,2482
unsorted-source-material/VP415 ROM dumps/domesday_6803_drive.bin,16384,firmware,,
unsorted-source-material/VP415 ROM dumps/domesday_scsi_6807.rom,16384,firmware,,
unsorted-source-material/VP415 ROM dumps/domesday_scsi_6807.zip,2643,archive,,
unsorted-source-material/VP415 ROM dumps/domesday_scsi_6808.rom,16384,firmware,,
unsorted-source-material/VP415 ROM dumps/domesday_scsi_6808.zip,289,archive,,
unsorted-source-material/VP415 ROM dumps/drive_rom_sdi.BIN,16384,firmware,,
unsorted-source-material/VP415 ROM dumps/old VP415 ROMs/W 3104 103 6805 2 CPU V1_3 0xB42D.bin,16384,firmware,,
unsorted-source-material/VP415 ROM dumps/old VP415 ROMs/W 3104 103 6806 2 CPU V1_3 0x1A1C.bin,16384,firmware,,
unsorted-source-material/VP415 ROM dumps/old VP415 ROMs/same/domesday_6803_drive 0x68FF.rom,16384,firmware,,
unsorted-source-material/VP415 ROM dumps/old VP415 ROMs/same/domesday_6804_control 0x6728.rom,65536,firmware,,
unsorted-source-material/VP415 ROM dumps/old VP415 ROMs/same/domesday_6807_descrambler 0x1FBE.rom,16384,firmware,,
unsorted-source-material/VP415 ROM dumps/old VP415 ROMs/same/domesday_6808_sync 0xD120.rom,16384,firmware,,
unsorted-source-material/VP415 repair/7/Diagnostic mode reports error 7.docx,182461,office,,
unsorted-source-material/VP415 repair/7/FOC-ER input to Module J.png,31891,image,800,512
unsorted-source-material/VP415 repair/7/Module J DSG of 6206.png,46991,image,800,512
unsorted-source-material/VP415 repair/7/Module J test FOC-ER and pins5-6 7001.png,42938,image,800,512
unsorted-source-material/VP415 repair/7/Module J test from startup to fail in diagnostic mode.png,44403,image,800,512
unsorted-source-material/VP415 repair/Diagnostic mode reports error 9.docx,204694,office,,
unsorted-source-material/VP415 repair/Module G 1G1.png,24480,image,800,512
unsorted-source-material/VP415 repair/Module G 2G1.png,24707,image,800,512
unsorted-source-material/VP415 repair/Module G 3G2.png,37836,image,800,512
unsorted-source-material/VP415 repair/Module G 6G1.png,26286,image,800,512
unsorted-source-material/VP415 repair/Module G 6G2.png,21480,image,800,512
unsorted-source-material/VP415 repair/Module G 8G1.png,27543,image,800,512
unsorted-source-material/VP415 repair/Module G E 7014.png,26141,image,800,512
unsorted-source-material/VP415 repair/RGB Module calibration/Adjustment L5002 post.png,46535,image,800,512
unsorted-source-material/VP415 repair/RGB Module calibration/Adjustment L5002 pre.png,44886,image,800,512
unsorted-source-material/VP415 repair/RGB Module calibration/Adjustment L5003 post.png,32188,image,800,512
unsorted-source-material/VP415 repair/RGB Module calibration/Adjustment L5004 post.png,84650,image,800,512
unsorted-source-material/VP415 repair/RGB Module calibration/Adjustment L5004 pre.png,69053,image,800,512
unsorted-source-material/VP415 repair/RGB Module calibration/Adjustment R3045 post.png,50903,image,800,512
unsorted-source-material/VP415 repair/RGB Module calibration/Adjustment R3045 pre.png,50451,image,800,512
unsorted-source-material/VP415 repair/RGB Module calibration/Adjustment R308 pre.png,49536,image,800,512
unsorted-source-material/VP415 repair/RGB Module calibration/Adjustment R3080 post.png,39924,image,800,512
unsorted-source-material/VP415 repair/RGB Module calibration/Adjustment R3080 pre 2.png,40057,image,800,512
unsorted-source-material/VP415 repair/RGB Module calibration/Adjustment R3080 pre.png,52915,image,800,512
unsorted-source-material/VP415 repair/RGB Module calibration/Adjustment R3082 post.png,56529,image,800,512
unsorted-source-material/VP415 repair/RGB Module calibration/Adjustment R3082 pre.png,56662,image,800,512
unsorted-source-material/VP415 repair/RGB Module calibration/Adjustment R3084 post.png,57698,image,800,512
unsorted-source-material/VP415 repair/RGB Module calibration/Adjustment R3084 pre.png,57814,image,800,512
unsorted-source-material/VP415 repair/RGB Module calibration/Calibration and adjustment of RGB Module.docx,1998491,office,,
unsorted-source-material/VP415 repair/RGB Module calibration/RGB Module diagram.pptx,1397658,office,,
unsorted-source-material/VP415 repair/RGB Module calibration/documentation images/B-Signal after black-level adjustment 4B3.png,58789,image,800,512
unsorted-source-material/VP415 repair/RGB Module calibration/documentation images/B-signal adjustment of 3084.png,35909,image,800,512
unsorted-source-material/VP415 repair/RGB Module calibration/documentation images/Bandpass adjustment on IC 7201 pin 15.png,86712,image,800,512
unsorted-source-material/VP415 repair/RGB Module calibration/documentation images/CVBS input signal on 1B1.png,63778,image,800,512
unsorted-source-material/VP415 repair/RGB Module calibration/documentation images/Chroma over and under shoot adjustment on 10B3.png,32938,image,800,512
unsorted-source-material/VP415 repair/RGB Module calibration/documentation images/Chroma rest adjustment 10B3 of L5002.png,42362,image,800,512
unsorted-source-material/VP415 repair/RGB Module calibration/documentation images/G-signal after luminance adjustment 3B3.png,28326,image,800,512
unsorted-source-material/VP415 repair/RGB Module calibration/documentation images/R-signal after adjustment 2B3.png,32303,image,800,512
unsorted-source-material/VP415 repair/RGB Module calibration/documentation images/RGB Module diagram.png,2302979,image,2000,1319
unsorted-source-material/VP415 repair/RGB Module calibration/documentation images/Vector Diagram Colour Bar.png,218708,image,895,722
unsorted-source-material/VP415 repair/RGB Module calibration/documentation images/Vector diagram after adjustment of 2015.png,58822,image,800,512
unsorted-source-material/VP415 repair/RGB Module calibration/documentation images/Vector diagram after adjustment of L5007.png,34851,image,800,512
unsorted-source-material/VP415 repair/RGB Module calibration/documentation images/Vector diagram before adjustment.png,61187,image,800,512
unsorted-source-material/VP415 repair/RGB Module calibration/documentation images/Vector diagram with delay line off.png,30874,image,800,512
unsorted-source-material/VP415 repair/RGB Module calibration/documentation images/Vector diagram with delay line on.png,36952,image,800,512
unsorted-source-material/misc/Disc information bytes from a real VP415.docx,12767,office,,
unsorted-source-material/misc/Disc information bytes from a real VP415.pdf,185612,pdf,,
unsorted-source-material/misc/MB88303-Fujitsu.pdf,905787,pdf,,
unsorted-source-material/misc/vp415Fcode.xlsx,13862,office,,
unsorted-source-material/ocr-markdown-service-manual/ocr-playground-download-20260821T150015Z/Philips-VP415-Operating-Instructions.pdf/markdown.md,124332,text,,
unsorted-source-material/ocr-markdown-service-manual/ocr-playground-download-20260821T150015Z/Philips-VP415-Operating-Instructions.pdf/pages/page-1/markdown.md,89,text,,
unsorted-source-material/ocr-markdown-service-manual/ocr-playground-download-20260821T150015Z/Philips-VP415-Operating-Instructions.pdf/pages/page-1/page-metadata.json,1531,text,,
unsorted-source-material/ocr-markdown-service-manual/ocr-playground-download-20260821T150015Z/Philips-VP415-Operating-Instructions.pdf/pages/page-10/markdown.md,4066,text,,
unsorted-source-material/ocr-markdown-service-manual/ocr-playground-download-20260821T150015Z/Philips-VP415-Operating-Instructions.pdf/pages/page-10/page-metadata.json,15639,text,,
unsorted-source-material/ocr-markdown-service-manual/ocr-playground-download-20260821T150015Z/Philips-VP415-Operating-Instructions.pdf/pages/page-11/markdown.md,132,text,,
unsorted-source-material/ocr-markdown-service-manual/ocr-playground-download-20260821T150015Z/Philips-VP415-Operating-Instructions.pdf/pages/page-11/page-metadata.json,1744,text,,
unsorted-source-material/ocr-markdown-service-manual/ocr-playground-download-20260821T150015Z/Philips-VP415-Operating-Instructions.pdf/pages/page-12/markdown.md,1876,text,,
unsorted-source-material/ocr-markdown-service-manual/ocr-playground-download-20260821T150015Z/Philips-VP415-Operating-Instructions.pdf/pages/page-12/page-metadata.json,4778,text,,
unsorted-source-material/ocr-markdown-service-manual/ocr-playground-download-20260821T150015Z/Philips-VP415-Operating-Instructions.pdf/pages/page-13/markdown.md,704,text,,
unsorted-source-material/ocr-markdown-service-manual/ocr-playground-download-20260821T150015Z/Philips-VP415-Operating-Instructions.pdf/pages/page-13/page-metadata.json,6733,text,,
unsorted-source-material/ocr-markdown-service-manual/ocr-playground-download-20260821T150015Z/Philips-VP415-Operating-Instructions.pdf/pages/page-14/markdown.md,4903,text,,
unsorted-source-material/ocr-markdown-service-manual/ocr-playground-download-20260821T150015Z/Philips-VP415-Operating-Instructions.pdf/pages/page-14/page-metadata.json,13578,text,,
unsorted-source-material/ocr-markdown-service-manual/ocr-playground-download-20260821T150015Z/Philips-VP415-Operating-Instructions.pdf/pages/page-15/markdown.md,4910,text,,
unsorted-source-material/ocr-markdown-service-manual/ocr-playground-download-20260821T150015Z/Philips-VP415-Operating-Instructions.pdf/pages/page-15/page-metadata.json,9764,text,,
unsorted-source-material/ocr-markdown-service-manual/ocr-playground-download-20260821T150015Z/Philips-VP415-Operating-Instructions.pdf/pages/page-16/markdown.md,6073,text,,
unsorted-source-material/ocr-markdown-service-manual/ocr-playground-download-20260821T150015Z/Philips-VP415-Operating-Instructions.pdf/pages/page-16/page-metadata.json,13593,text,,
unsorted-source-material/ocr-markdown-service-manual/ocr-playground-download-20260821T150015Z/Philips-VP415-Operating-Instructions.pdf/pages/page-17/markdown.md,499,text,,
unsorted-source-material/ocr-markdown-service-manual/ocr-playground-download-20260821T150015Z/Philips-VP415-Operating-Instructions.pdf/pages/page-17/page-metadata.json,2485,text,,
unsorted-source-material/ocr-markdown-service-manual/ocr-playground-download-20260821T150015Z/Philips-VP415-Operating-Instructions.pdf/pages/page-18/markdown.md,2,text,,
unsorted-source-material/ocr-markdown-service-manual/ocr-playground-download-20260821T150015Z/Philips-VP415-Operating-Instructions.pdf/pages/page-18/page-metadata.json,328,text,,
unsorted-source-material/ocr-markdown-service-manual/ocr-playground-download-20260821T150015Z/Philips-VP415-Operating-Instructions.pdf/pages/page-19/markdown.md,160,text,,
unsorted-source-material/ocr-markdown-service-manual/ocr-playground-download-20260821T150015Z/Philips-VP415-Operating-Instructions.pdf/pages/page-19/page-metadata.json,1957,text,,
unsorted-source-material/ocr-markdown-service-manual/ocr-playground-download-20260821T150015Z/Philips-VP415-Operating-Instructions.pdf/pages/page-2/markdown.md,364,text,,
unsorted-source-material/ocr-markdown-service-manual/ocr-playground-download-20260821T150015Z/Philips-VP415-Operating-Instructions.pdf/pages/page-2/page-metadata.json,2723,text,,
unsorted-source-material/ocr-markdown-service-manual/ocr-playground-download-20260821T150015Z/Philips-VP415-Operating-Instructions.pdf/pages/page-20/markdown.md,2325,text,,
unsorted-source-material/ocr-markdown-service-manual/ocr-playground-download-20260821T150015Z/Philips-VP415-Operating-Instructions.pdf/pages/page-20/page-metadata.json,5599,text,,
unsorted-source-material/ocr-markdown-service-manual/ocr-playground-download-20260821T150015Z/Philips-VP415-Operating-Instructions.pdf/pages/page-21/markdown.md,769,text,,
unsorted-source-material/ocr-markdown-service-manual/ocr-playground-download-20260821T150015Z/Philips-VP415-Operating-Instructions.pdf/pages/page-21/page-metadata.json,4409,text,,
unsorted-source-material/ocr-markdown-service-manual/ocr-playground-download-20260821T150015Z/Philips-VP415-Operating-Instructions.pdf/pages/page-22/img-10.jpeg,3081,image,89,65
unsorted-source-material/ocr-markdown-service-manual/ocr-playground-download-20260821T150015Z/Philips-VP415-Operating-Instructions.pdf/pages/page-22/img-11.jpeg,2079,image,75,49
unsorted-source-material/ocr-markdown-service-manual/ocr-playground-download-20260821T150015Z/Philips-VP415-Operating-Instructions.pdf/pages/page-22/markdown.md,4977,text,,
unsorted-source-material/ocr-markdown-service-manual/ocr-playground-download-20260821T150015Z/Philips-VP415-Operating-Instructions.pdf/pages/page-22/page-metadata.json,12766,text,,
unsorted-source-material/ocr-markdown-service-manual/ocr-playground-download-20260821T150015Z/Philips-VP415-Operating-Instructions.pdf/pages/page-23/markdown.md,3940,text,,
unsorted-source-material/ocr-markdown-service-manual/ocr-playground-download-20260821T150015Z/Philips-VP415-Operating-Instructions.pdf/pages/page-23/page-metadata.json,5676,text,,
unsorted-source-material/ocr-markdown-service-manual/ocr-playground-download-20260821T150015Z/Philips-VP415-Operating-Instructions.pdf/pages/page-24/markdown.md,1280,text,,
unsorted-source-material/ocr-markdown-service-manual/ocr-playground-download-20260821T150015Z/Philips-VP415-Operating-Instructions.pdf/pages/page-24/page-metadata.json,3582,text,,
unsorted-source-material/ocr-markdown-service-manual/ocr-playground-download-20260821T150015Z/Philips-VP415-Operating-Instructions.pdf/pages/page-25/markdown.md,1889,text,,
unsorted-source-material/ocr-markdown-service-manual/ocr-playground-download-20260821T150015Z/Philips-VP415-Operating-Instructions.pdf/pages/page-25/page-metadata.json,3181,text,,
unsorted-source-material/ocr-markdown-service-manual/ocr-playground-download-20260821T150015Z/Philips-VP415-Operating-Instructions.pdf/pages/page-26/markdown.md,2,text,,
unsorted-source-material/ocr-markdown-service-manual/ocr-playground-download-20260821T150015Z/Philips-VP415-Operating-Instructions.pdf/pages/page-26/page-metadata.json,328,text,,
unsorted-source-material/ocr-markdown-service-manual/ocr-playground-download-20260821T150015Z/Philips-VP415-Operating-Instructions.pdf/pages/page-27/markdown.md,1614,text,,
unsorted-source-material/ocr-markdown-service-manual/ocr-playground-download-20260821T150015Z/Philips-VP415-Operating-Instructions.pdf/pages/page-27/page-metadata.json,14635,text,,
unsorted-source-material/ocr-markdown-service-manual/ocr-playground-download-20260821T150015Z/Philips-VP415-Operating-Instructions.pdf/pages/page-28/markdown.md,140,text,,
unsorted-source-material/ocr-markdown-service-manual/ocr-playground-download-20260821T150015Z/Philips-VP415-Operating-Instructions.pdf/pages/page-28/page-metadata.json,654,text,,
unsorted-source-material/ocr-markdown-service-manual/ocr-playground-download-20260821T150015Z/Philips-VP415-Operating-Instructions.pdf/pages/page-29/markdown.md,3625,text,,
unsorted-source-material/ocr-markdown-service-manual/ocr-playground-download-20260821T150015Z/Philips-VP415-Operating-Instructions.pdf/pages/page-29/page-metadata.json,18704,text,,
unsorted-source-material/ocr-markdown-service-manual/ocr-playground-download-20260821T150015Z/Philips-VP415-Operating-Instructions.pdf/pages/page-3/img-0.jpeg,19205,image,504,281
unsorted-source-material/ocr-markdown-service-manual/ocr-playground-download-20260821T150015Z/Philips-VP415-Operating-Instructions.pdf/pages/page-3/img-1.jpeg,26080,image,515,287
unsorted-source-material/ocr-markdown-service-manual/ocr-playground-download-20260821T150015Z/Philips-VP415-Operating-Instructions.pdf/pages/page-3/img-2.jpeg,7829,image,105,241
unsorted-source-material/ocr-markdown-service-manual/ocr-playground-download-20260821T150015Z/Philips-VP415-Operating-Instructions.pdf/pages/page-3/markdown.md,123,text,,
unsorted-source-material/ocr-markdown-service-manual/ocr-playground-download-20260821T150015Z/Philips-VP415-Operating-Instructions.pdf/pages/page-3/page-metadata.json,1288,text,,
unsorted-source-material/ocr-markdown-service-manual/ocr-playground-download-20260821T150015Z/Philips-VP415-Operating-Instructions.pdf/pages/page-30/markdown.md,3441,text,,
unsorted-source-material/ocr-markdown-service-manual/ocr-playground-download-20260821T150015Z/Philips-VP415-Operating-Instructions.pdf/pages/page-30/page-metadata.json,22970,text,,
unsorted-source-material/ocr-markdown-service-manual/ocr-playground-download-20260821T150015Z/Philips-VP415-Operating-Instructions.pdf/pages/page-31/markdown.md,3780,text,,
unsorted-source-material/ocr-markdown-service-manual/ocr-playground-download-20260821T150015Z/Philips-VP415-Operating-Instructions.pdf/pages/page-31/page-metadata.json,11409,text,,
unsorted-source-material/ocr-markdown-service-manual/ocr-playground-download-20260821T150015Z/Philips-VP415-Operating-Instructions.pdf/pages/page-32/markdown.md,3722,text,,
unsorted-source-material/ocr-markdown-service-manual/ocr-playground-download-20260821T150015Z/Philips-VP415-Operating-Instructions.pdf/pages/page-32/page-metadata.json,21753,text,,
unsorted-source-material/ocr-markdown-service-manual/ocr-playground-download-20260821T150015Z/Philips-VP415-Operating-Instructions.pdf/pages/page-33/markdown.md,3707,text,,
unsorted-source-material/ocr-markdown-service-manual/ocr-playground-download-20260821T150015Z/Philips-VP415-Operating-Instructions.pdf/pages/page-33/page-metadata.json,19726,text,,
unsorted-source-material/ocr-markdown-service-manual/ocr-playground-download-20260821T150015Z/Philips-VP415-Operating-Instructions.pdf/pages/page-34/markdown.md,3719,text,,
unsorted-source-material/ocr-markdown-service-manual/ocr-playground-download-20260821T150015Z/Philips-VP415-Operating-Instructions.pdf/pages/page-34/page-metadata.json,20273,text,,
unsorted-source-material/ocr-markdown-service-manual/ocr-playground-download-20260821T150015Z/Philips-VP415-Operating-Instructions.pdf/pages/page-35/markdown.md,4241,text,,
unsorted-source-material/ocr-markdown-service-manual/ocr-playground-download-20260821T150015Z/Philips-VP415-Operating-Instructions.pdf/pages/page-35/page-metadata.json,21362,text,,
unsorted-source-material/ocr-markdown-service-manual/ocr-playground-download-20260821T150015Z/Philips-VP415-Operating-Instructions.pdf/pages/page-36/markdown.md,1895,text,,
unsorted-source-material/ocr-markdown-service-manual/ocr-playground-download-20260821T150015Z/Philips-VP415-Operating-Instructions.pdf/pages/page-36/page-metadata.json,11055,text,,
unsorted-source-material/ocr-markdown-service-manual/ocr-playground-download-20260821T150015Z/Philips-VP415-Operating-Instructions.pdf/pages/page-37/markdown.md,954,text,,
unsorted-source-material/ocr-markdown-service-manual/ocr-playground-download-20260821T150015Z/Philips-VP415-Operating-Instructions.pdf/pages/page-37/page-metadata.json,7733,text,,
unsorted-source-material/ocr-markdown-service-manual/ocr-playground-download-20260821T150015Z/Philips-VP415-Operating-Instructions.pdf/pages/page-38/img-12.jpeg,7330,image,293,159
unsorted-source-material/ocr-markdown-service-manual/ocr-playground-download-20260821T150015Z/Philips-VP415-Operating-Instructions.pdf/pages/page-38/markdown.md,5851,text,,
unsorted-source-material/ocr-markdown-service-manual/ocr-playground-download-20260821T150015Z/Philips-VP415-Operating-Instructions.pdf/pages/page-38/page-metadata.json,10850,text,,
unsorted-source-material/ocr-markdown-service-manual/ocr-playground-download-20260821T150015Z/Philips-VP415-Operating-Instructions.pdf/pages/page-39/markdown.md,5807,text,,
unsorted-source-material/ocr-markdown-service-manual/ocr-playground-download-20260821T150015Z/Philips-VP415-Operating-Instructions.pdf/pages/page-39/page-metadata.json,13186,text,,
unsorted-source-material/ocr-markdown-service-manual/ocr-playground-download-20260821T150015Z/Philips-VP415-Operating-Instructions.pdf/pages/page-4/markdown.md,637,text,,
unsorted-source-material/ocr-markdown-service-manual/ocr-playground-download-20260821T150015Z/Philips-VP415-Operating-Instructions.pdf/pages/page-4/page-metadata.json,3738,text,,
unsorted-source-material/ocr-markdown-service-manual/ocr-playground-download-20260821T150015Z/Philips-VP415-Operating-Instructions.pdf/pages/page-40/markdown.md,6124,text,,
unsorted-source-material/ocr-markdown-service-manual/ocr-playground-download-20260821T150015Z/Philips-VP415-Operating-Instructions.pdf/pages/page-40/page-metadata.json,12981,text,,
unsorted-source-material/ocr-markdown-service-manual/ocr-playground-download-20260821T150015Z/Philips-VP415-Operating-Instructions.pdf/pages/page-41/markdown.md,5533,text,,
unsorted-source-material/ocr-markdown-service-manual/ocr-playground-download-20260821T150015Z/Philips-VP415-Operating-Instructions.pdf/pages/page-41/page-metadata.json,12567,text,,
unsorted-source-material/ocr-markdown-service-manual/ocr-playground-download-20260821T150015Z/Philips-VP415-Operating-Instructions.pdf/pages/page-42/img-13.jpeg,3562,image,123,65
unsorted-source-material/ocr-markdown-service-manual/ocr-playground-download-20260821T150015Z/Philips-VP415-Operating-Instructions.pdf/pages/page-42/markdown.md,3490,text,,
unsorted-source-material/ocr-markdown-service-manual/ocr-playground-download-20260821T150015Z/Philips-VP415-Operating-Instructions.pdf/pages/page-42/page-metadata.json,8856,text,,
unsorted-source-material/ocr-markdown-service-manual/ocr-playground-download-20260821T150015Z/Philips-VP415-Operating-Instructions.pdf/pages/page-43/markdown.md,363,text,,
unsorted-source-material/ocr-markdown-service-manual/ocr-playground-download-20260821T150015Z/Philips-VP415-Operating-Instructions.pdf/pages/page-43/page-metadata.json,4184,text,,
unsorted-source-material/ocr-markdown-service-manual/ocr-playground-download-20260821T150015Z/Philips-VP415-Operating-Instructions.pdf/pages/page-44/markdown.md,3585,text,,
unsorted-source-material/ocr-markdown-service-manual/ocr-playground-download-20260821T150015Z/Philips-VP415-Operating-Instructions.pdf/pages/page-44/page-metadata.json,9449,text,,
unsorted-source-material/ocr-markdown-service-manual/ocr-playground-download-20260821T150015Z/Philips-VP415-Operating-Instructions.pdf/pages/page-45/markdown.md,3601,text,,
unsorted-source-material/ocr-markdown-service-manual/ocr-playground-download-20260821T150015Z/Philips-VP415-Operating-Instructions.pdf/pages/page-45/page-metadata.json,21485,text,,
unsorted-source-material/ocr-markdown-service-manual/ocr-playground-download-20260821T150015Z/Philips-VP415-Operating-Instructions.pdf/pages/page-46/markdown.md,2821,text,,
unsorted-source-material/ocr-markdown-service-manual/ocr-playground-download-20260821T150015Z/Philips-VP415-Operating-Instructions.pdf/pages/page-46/page-metadata.json,9337,text,,
unsorted-source-material/ocr-markdown-service-manual/ocr-playground-download-20260821T150015Z/Philips-VP415-Operating-Instructions.pdf/pages/page-5/markdown.md,809,text,,
unsorted-source-material/ocr-markdown-service-manual/ocr-playground-download-20260821T150015Z/Philips-VP415-Operating-Instructions.pdf/pages/page-5/page-metadata.json,6471,text,,
unsorted-source-material/ocr-markdown-service-manual/ocr-playground-download-20260821T150015Z/Philips-VP415-Operating-Instructions.pdf/pages/page-6/markdown.md,6500,text,,
unsorted-source-material/ocr-markdown-service-manual/ocr-playground-download-20260821T150015Z/Philips-VP415-Operating-Instructions.pdf/pages/page-6/page-metadata.json,12365,text,,
unsorted-source-material/ocr-markdown-service-manual/ocr-playground-download-20260821T150015Z/Philips-VP415-Operating-Instructions.pdf/pages/page-7/markdown.md,3419,text,,
unsorted-source-material/ocr-markdown-service-manual/ocr-playground-download-20260821T150015Z/Philips-VP415-Operating-Instructions.pdf/pages/page-7/page-metadata.json,9277,text,,
unsorted-source-material/ocr-markdown-service-manual/ocr-playground-download-20260821T150015Z/Philips-VP415-Operating-Instructions.pdf/pages/page-8/img-3.jpeg,6420,image,90,207
unsorted-source-material/ocr-markdown-service-manual/ocr-playground-download-20260821T150015Z/Philips-VP415-Operating-Instructions.pdf/pages/page-8/img-4.jpeg,7624,image,166,148
unsorted-source-material/ocr-markdown-service-manual/ocr-playground-download-20260821T150015Z/Philips-VP415-Operating-Instructions.pdf/pages/page-8/markdown.md,5605,text,,
unsorted-source-material/ocr-markdown-service-manual/ocr-playground-download-20260821T150015Z/Philips-VP415-Operating-Instructions.pdf/pages/page-8/page-metadata.json,13557,text,,
unsorted-source-material/ocr-markdown-service-manual/ocr-playground-download-20260821T150015Z/Philips-VP415-Operating-Instructions.pdf/pages/page-9/img-5.jpeg,16012,image,624,164
unsorted-source-material/ocr-markdown-service-manual/ocr-playground-download-20260821T150015Z/Philips-VP415-Operating-Instructions.pdf/pages/page-9/img-6.jpeg,12695,image,625,155
unsorted-source-material/ocr-markdown-service-manual/ocr-playground-download-20260821T150015Z/Philips-VP415-Operating-Instructions.pdf/pages/page-9/img-7.jpeg,16001,image,625,175
unsorted-source-material/ocr-markdown-service-manual/ocr-playground-download-20260821T150015Z/Philips-VP415-Operating-Instructions.pdf/pages/page-9/img-8.jpeg,7748,image,624,73
unsorted-source-material/ocr-markdown-service-manual/ocr-playground-download-20260821T150015Z/Philips-VP415-Operating-Instructions.pdf/pages/page-9/img-9.jpeg,9251,image,624,104
unsorted-source-material/ocr-markdown-service-manual/ocr-playground-download-20260821T150015Z/Philips-VP415-Operating-Instructions.pdf/pages/page-9/markdown.md,176,text,,
unsorted-source-material/ocr-markdown-service-manual/ocr-playground-download-20260821T150015Z/Philips-VP415-Operating-Instructions.pdf/pages/page-9/page-metadata.json,1769,text,,
unsorted-source-material/ocr-markdown-service-manual/ocr-playground-download-20260821T150529Z/Philips-VP415-Service-Manual-hires-300-part1of5-pages001-044.pdf/markdown.md,133345,text,,
unsorted-source-material/ocr-markdown-service-manual/ocr-playground-download-20260821T150529Z/Philips-VP415-Service-Manual-hires-300-part1of5-pages001-044.pdf/pages/page-1/img-0.jpeg,2122,image,91,71
unsorted-source-material/ocr-markdown-service-manual/ocr-playground-download-20260821T150529Z/Philips-VP415-Service-Manual-hires-300-part1of5-pages001-044.pdf/pages/page-1/img-1.jpeg,9742,image,351,181
unsorted-source-material/ocr-markdown-service-manual/ocr-playground-download-20260821T150529Z/Philips-VP415-Service-Manual-hires-300-part1of5-pages001-044.pdf/pages/page-1/img-2.jpeg,1884,image,108,35
unsorted-source-material/ocr-markdown-service-manual/ocr-playground-download-20260821T150529Z/Philips-VP415-Service-Manual-hires-300-part1of5-pages001-044.pdf/pages/page-1/img-3.jpeg,4333,image,173,85
unsorted-source-material/ocr-markdown-service-manual/ocr-playground-download-20260821T150529Z/Philips-VP415-Service-Manual-hires-300-part1of5-pages001-044.pdf/pages/page-1/markdown.md,2089,text,,
unsorted-source-material/ocr-markdown-service-manual/ocr-playground-download-20260821T150529Z/Philips-VP415-Service-Manual-hires-300-part1of5-pages001-044.pdf/pages/page-1/page-metadata.json,12898,text,,
unsorted-source-material/ocr-markdown-service-manual/ocr-playground-download-20260821T150529Z/Philips-VP415-Service-Manual-hires-300-part1of5-pages001-044.pdf/pages/page-10/img-8.jpeg,4882,image,274,60
unsorted-source-material/ocr-markdown-service-manual/ocr-playground-download-20260821T150529Z/Philips-VP415-Service-Manual-hires-300-part1of5-pages001-044.pdf/pages/page-10/img-9.jpeg,2901,image,122,58
unsorted-source-material/ocr-markdown-service-manual/ocr-playground-download-20260821T150529Z/Philips-VP415-Service-Manual-hires-300-part1of5-pages001-044.pdf/pages/page-10/markdown.md,2651,text,,
unsorted-source-material/ocr-markdown-service-manual/ocr-playground-download-20260821T150529Z/Philips-VP415-Service-Manual-hires-300-part1of5-pages001-044.pdf/pages/page-10/page-metadata.json,9384,text,,
unsorted-source-material/ocr-markdown-service-manual/ocr-playground-download-20260821T150529Z/Philips-VP415-Service-Manual-hires-300-part1of5-pages001-044.pdf/pages/page-11/markdown.md,1459,text,,
unsorted-source-material/ocr-markdown-service-manual/ocr-playground-download-20260821T150529Z/Philips-VP415-Service-Manual-hires-300-part1of5-pages001-044.pdf/pages/page-11/page-metadata.json,4920,text,,
unsorted-source-material/ocr-markdown-service-manual/ocr-playground-download-20260821T150529Z/Philips-VP415-Service-Manual-hires-300-part1of5-pages001-044.pdf/pages/page-12/img-10.jpeg,55510,image,875,450
unsorted-source-material/ocr-markdown-service-manual/ocr-playground-download-20260821T150529Z/Philips-VP415-Service-Manual-hires-300-part1of5-pages001-044.pdf/pages/page-12/markdown.md,67,text,,
unsorted-source-material/ocr-markdown-service-manual/ocr-playground-download-20260821T150529Z/Philips-VP415-Service-Manual-hires-300-part1of5-pages001-044.pdf/pages/page-12/page-metadata.json,984,text,,
unsorted-source-material/ocr-markdown-service-manual/ocr-playground-download-20260821T150529Z/Philips-VP415-Service-Manual-hires-300-part1of5-pages001-044.pdf/pages/page-13/img-11.jpeg,7325,image,255,160
unsorted-source-material/ocr-markdown-service-manual/ocr-playground-download-20260821T150529Z/Philips-VP415-Service-Manual-hires-300-part1of5-pages001-044.pdf/pages/page-13/img-12.jpeg,15102,image,327,290
unsorted-source-material/ocr-markdown-service-manual/ocr-playground-download-20260821T150529Z/Philips-VP415-Service-Manual-hires-300-part1of5-pages001-044.pdf/pages/page-13/img-13.jpeg,8629,image,254,151
unsorted-source-material/ocr-markdown-service-manual/ocr-playground-download-20260821T150529Z/Philips-VP415-Service-Manual-hires-300-part1of5-pages001-044.pdf/pages/page-13/img-14.jpeg,8577,image,298,193
unsorted-source-material/ocr-markdown-service-manual/ocr-playground-download-20260821T150529Z/Philips-VP415-Service-Manual-hires-300-part1of5-pages001-044.pdf/pages/page-13/img-15.jpeg,7591,image,301,134
unsorted-source-material/ocr-markdown-service-manual/ocr-playground-download-20260821T150529Z/Philips-VP415-Service-Manual-hires-300-part1of5-pages001-044.pdf/pages/page-13/img-16.jpeg,9235,image,263,253
unsorted-source-material/ocr-markdown-service-manual/ocr-playground-download-20260821T150529Z/Philips-VP415-Service-Manual-hires-300-part1of5-pages001-044.pdf/pages/page-13/img-17.jpeg,9646,image,235,240
unsorted-source-material/ocr-markdown-service-manual/ocr-playground-download-20260821T150529Z/Philips-VP415-Service-Manual-hires-300-part1of5-pages001-044.pdf/pages/page-13/img-18.jpeg,7909,image,237,285
unsorted-source-material/ocr-markdown-service-manual/ocr-playground-download-20260821T150529Z/Philips-VP415-Service-Manual-hires-300-part1of5-pages001-044.pdf/pages/page-13/markdown.md,541,text,,
unsorted-source-material/ocr-markdown-service-manual/ocr-playground-download-20260821T150529Z/Philips-VP415-Service-Manual-hires-300-part1of5-pages001-044.pdf/pages/page-13/page-metadata.json,5006,text,,
unsorted-source-material/ocr-markdown-service-manual/ocr-playground-download-20260821T150529Z/Philips-VP415-Service-Manual-hires-300-part1of5-pages001-044.pdf/pages/page-14/img-19.jpeg,14178,image,212,442
unsorted-source-material/ocr-markdown-service-manual/ocr-playground-download-20260821T150529Z/Philips-VP415-Service-Manual-hires-300-part1of5-pages001-044.pdf/pages/page-14/img-20.jpeg,17189,image,187,442
unsorted-source-material/ocr-markdown-service-manual/ocr-playground-download-20260821T150529Z/Philips-VP415-Service-Manual-hires-300-part1of5-pages001-044.pdf/pages/page-14/img-21.jpeg,15728,image,186,441
unsorted-source-material/ocr-markdown-service-manual/ocr-playground-download-20260821T150529Z/Philips-VP415-Service-Manual-hires-300-part1of5-pages001-044.pdf/pages/page-14/markdown.md,935,text,,
unsorted-source-material/ocr-markdown-service-manual/ocr-playground-download-20260821T150529Z/Philips-VP415-Service-Manual-hires-300-part1of5-pages001-044.pdf/pages/page-14/page-metadata.json,4310,text,,
unsorted-source-material/ocr-markdown-service-manual/ocr-playground-download-20260821T150529Z/Philips-VP415-Service-Manual-hires-300-part1of5-pages001-044.pdf/pages/page-15/img-22.jpeg,58895,image,615,892
unsorted-source-material/ocr-markdown-service-manual/ocr-playground-download-20260821T150529Z/Philips-VP415-Service-Manual-hires-300-part1of5-pages001-044.pdf/pages/page-15/markdown.md,52,text,,
unsorted-source-material/ocr-markdown-service-manual/ocr-playground-download-20260821T150529Z/Philips-VP415-Service-Manual-hires-300-part1of5-pages001-044.pdf/pages/page-15/page-metadata.json,777,text,,
unsorted-source-material/ocr-markdown-service-manual/ocr-playground-download-20260821T150529Z/Philips-VP415-Service-Manual-hires-300-part1of5-pages001-044.pdf/pages/page-16/img-23.jpeg,41381,image,443,624
unsorted-source-material/ocr-markdown-service-manual/ocr-playground-download-20260821T150529Z/Philips-VP415-Service-Manual-hires-300-part1of5-pages001-044.pdf/pages/page-16/img-24.jpeg,42440,image,438,624
unsorted-source-material/ocr-markdown-service-manual/ocr-playground-download-20260821T150529Z/Philips-VP415-Service-Manual-hires-300-part1of5-pages001-044.pdf/pages/page-16/markdown.md,96,text,,
unsorted-source-material/ocr-markdown-service-manual/ocr-playground-download-20260821T150529Z/Philips-VP415-Service-Manual-hires-300-part1of5-pages001-044.pdf/pages/page-16/page-metadata.json,1042,text,,
unsorted-source-material/ocr-markdown-service-manual/ocr-playground-download-20260821T150529Z/Philips-VP415-Service-Manual-hires-300-part1of5-pages001-044.pdf/pages/page-17/markdown.md,4731,text,,
unsorted-source-material/ocr-markdown-service-manual/ocr-playground-download-20260821T150529Z/Philips-VP415-Service-Manual-hires-300-part1of5-pages001-044.pdf/pages/page-17/page-metadata.json,45939,text,,
unsorted-source-material/ocr-markdown-service-manual/ocr-playground-download-20260821T150529Z/Philips-VP415-Service-Manual-hires-300-part1of5-pages001-044.pdf/pages/page-18/markdown.md,159,text,,
unsorted-source-material/ocr-markdown-service-manual/ocr-playground-download-20260821T150529Z/Philips-VP415-Service-Manual-hires-300-part1of5-pages001-044.pdf/pages/page-18/page-metadata.json,1594,text,,
unsorted-source-material/ocr-markdown-service-manual/ocr-playground-download-20260821T150529Z/Philips-VP415-Service-Manual-hires-300-part1of5-pages001-044.pdf/pages/page-19/img-25.jpeg,31083,image,507,505
unsorted-source-material/ocr-markdown-service-manual/ocr-playground-download-20260821T150529Z/Philips-VP415-Service-Manual-hires-300-part1of5-pages001-044.pdf/pages/page-19/img-26.jpeg,11495,image,352,348
unsorted-source-material/ocr-markdown-service-manual/ocr-playground-download-20260821T150529Z/Philips-VP415-Service-Manual-hires-300-part1of5-pages001-044.pdf/pages/page-19/markdown.md,117,text,,
unsorted-source-material/ocr-markdown-service-manual/ocr-playground-download-20260821T150529Z/Philips-VP415-Service-Manual-hires-300-part1of5-pages001-044.pdf/pages/page-19/page-metadata.json,1251,text,,
unsorted-source-material/ocr-markdown-service-manual/ocr-playground-download-20260821T150529Z/Philips-VP415-Service-Manual-hires-300-part1of5-pages001-044.pdf/pages/page-2/markdown.md,736,text,,
unsorted-source-material/ocr-markdown-service-manual/ocr-playground-download-20260821T150529Z/Philips-VP415-Service-Manual-hires-300-part1of5-pages001-044.pdf/pages/page-2/page-metadata.json,8091,text,,
unsorted-source-material/ocr-markdown-service-manual/ocr-playground-download-20260821T150529Z/Philips-VP415-Service-Manual-hires-300-part1of5-pages001-044.pdf/pages/page-20/markdown.md,9135,text,,
unsorted-source-material/ocr-markdown-service-manual/ocr-playground-download-20260821T150529Z/Philips-VP415-Service-Manual-hires-300-part1of5-pages001-044.pdf/pages/page-20/page-metadata.json,10182,text,,
unsorted-source-material/ocr-markdown-service-manual/ocr-playground-download-20260821T150529Z/Philips-VP415-Service-Manual-hires-300-part1of5-pages001-044.pdf/pages/page-21/img-27.jpeg,74181,image,922,638
unsorted-source-material/ocr-markdown-service-manual/ocr-playground-download-20260821T150529Z/Philips-VP415-Service-Manual-hires-300-part1of5-pages001-044.pdf/pages/page-21/markdown.md,39,text,,
unsorted-source-material/ocr-markdown-service-manual/ocr-playground-download-20260821T150529Z/Philips-VP415-Service-Manual-hires-300-part1of5-pages001-044.pdf/pages/page-21/page-metadata.json,1150,text,,
unsorted-source-material/ocr-markdown-service-manual/ocr-playground-download-20260821T150529Z/Philips-VP415-Service-Manual-hires-300-part1of5-pages001-044.pdf/pages/page-22/img-28.jpeg,94939,image,1009,639
unsorted-source-material/ocr-markdown-service-manual/ocr-playground-download-20260821T150529Z/Philips-VP415-Service-Manual-hires-300-part1of5-pages001-044.pdf/pages/page-22/markdown.md,37,text,,
unsorted-source-material/ocr-markdown-service-manual/ocr-playground-download-20260821T150529Z/Philips-VP415-Service-Manual-hires-300-part1of5-pages001-044.pdf/pages/page-22/page-metadata.json,580,text,,
unsorted-source-material/ocr-markdown-service-manual/ocr-playground-download-20260821T150529Z/Philips-VP415-Service-Manual-hires-300-part1of5-pages001-044.pdf/pages/page-23/img-29.jpeg,21383,image,674,471
unsorted-source-material/ocr-markdown-service-manual/ocr-playground-download-20260821T150529Z/Philips-VP415-Service-Manual-hires-300-part1of5-pages001-044.pdf/pages/page-23/markdown.md,67,text,,
unsorted-source-material/ocr-markdown-service-manual/ocr-playground-download-20260821T150529Z/Philips-VP415-Service-Manual-hires-300-part1of5-pages001-044.pdf/pages/page-23/page-metadata.json,981,text,,
unsorted-source-material/ocr-markdown-service-manual/ocr-playground-download-20260821T150529Z/Philips-VP415-Service-Manual-hires-300-part1of5-pages001-044.pdf/pages/page-24/img-30.jpeg,40041,image,852,603
unsorted-source-material/ocr-markdown-service-manual/ocr-playground-download-20260821T150529Z/Philips-VP415-Service-Manual-hires-300-part1of5-pages001-044.pdf/pages/page-24/markdown.md,68,text,,
unsorted-source-material/ocr-markdown-service-manual/ocr-playground-download-20260821T150529Z/Philips-VP415-Service-Manual-hires-300-part1of5-pages001-044.pdf/pages/page-24/page-metadata.json,796,text,,
unsorted-source-material/ocr-markdown-service-manual/ocr-playground-download-20260821T150529Z/Philips-VP415-Service-Manual-hires-300-part1of5-pages001-044.pdf/pages/page-25/img-31.jpeg,43888,image,850,348
unsorted-source-material/ocr-markdown-service-manual/ocr-playground-download-20260821T150529Z/Philips-VP415-Service-Manual-hires-300-part1of5-pages001-044.pdf/pages/page-25/markdown.md,68,text,,
unsorted-source-material/ocr-markdown-service-manual/ocr-playground-download-20260821T150529Z/Philips-VP415-Service-Manual-hires-300-part1of5-pages001-044.pdf/pages/page-25/page-metadata.json,795,text,,
unsorted-source-material/ocr-markdown-service-manual/ocr-playground-download-20260821T150529Z/Philips-VP415-Service-Manual-hires-300-part1of5-pages001-044.pdf/pages/page-26/img-32.jpeg,40196,image,690,437
unsorted-source-material/ocr-markdown-service-manual/ocr-playground-download-20260821T150529Z/Philips-VP415-Service-Manual-hires-300-part1of5-pages001-044.pdf/pages/page-26/markdown.md,59,text,,
unsorted-source-material/ocr-markdown-service-manual/ocr-playground-download-20260821T150529Z/Philips-VP415-Service-Manual-hires-300-part1of5-pages001-044.pdf/pages/page-26/page-metadata.json,788,text,,
unsorted-source-material/ocr-markdown-service-manual/ocr-playground-download-20260821T150529Z/Philips-VP415-Service-Manual-hires-300-part1of5-pages001-044.pdf/pages/page-27/markdown.md,2312,text,,
unsorted-source-material/ocr-markdown-service-manual/ocr-playground-download-20260821T150529Z/Philips-VP415-Service-Manual-hires-300-part1of5-pages001-044.pdf/pages/page-27/page-metadata.json,3486,text,,
unsorted-source-material/ocr-markdown-service-manual/ocr-playground-download-20260821T150529Z/Philips-VP415-Service-Manual-hires-300-part1of5-pages001-044.pdf/pages/page-28/markdown.md,126,text,,
unsorted-source-material/ocr-markdown-service-manual/ocr-playground-download-20260821T150529Z/Philips-VP415-Service-Manual-hires-300-part1of5-pages001-044.pdf/pages/page-28/page-metadata.json,1194,text,,
unsorted-source-material/ocr-markdown-service-manual/ocr-playground-download-20260821T150529Z/Philips-VP415-Service-Manual-hires-300-part1of5-pages001-044.pdf/pages/page-29/markdown.md,600,text,,
unsorted-source-material/ocr-markdown-service-manual/ocr-playground-download-20260821T150529Z/Philips-VP415-Service-Manual-hires-300-part1of5-pages001-044.pdf/pages/page-29/page-metadata.json,1345,text,,
unsorted-source-material/ocr-markdown-service-manual/ocr-playground-download-20260821T150529Z/Philips-VP415-Service-Manual-hires-300-part1of5-pages001-044.pdf/pages/page-3/markdown.md,79,text,,
unsorted-source-material/ocr-markdown-service-manual/ocr-playground-download-20260821T150529Z/Philips-VP415-Service-Manual-hires-300-part1of5-pages001-044.pdf/pages/page-3/page-metadata.json,951,text,,
unsorted-source-material/ocr-markdown-service-manual/ocr-playground-download-20260821T150529Z/Philips-VP415-Service-Manual-hires-300-part1of5-pages001-044.pdf/pages/page-30/img-33.jpeg,33252,image,645,600
unsorted-source-material/ocr-markdown-service-manual/ocr-playground-download-20260821T150529Z/Philips-VP415-Service-Manual-hires-300-part1of5-pages001-044.pdf/pages/page-30/img-34.jpeg,17891,image,240,601
unsorted-source-material/ocr-markdown-service-manual/ocr-playground-download-20260821T150529Z/Philips-VP415-Service-Manual-hires-300-part1of5-pages001-044.pdf/pages/page-30/markdown.md,72,text,,
unsorted-source-material/ocr-markdown-service-manual/ocr-playground-download-20260821T150529Z/Philips-VP415-Service-Manual-hires-300-part1of5-pages001-044.pdf/pages/page-30/page-metadata.json,833,text,,
unsorted-source-material/ocr-markdown-service-manual/ocr-playground-download-20260821T150529Z/Philips-VP415-Service-Manual-hires-300-part1of5-pages001-044.pdf/pages/page-31/img-35.jpeg,19857,image,329,600
unsorted-source-material/ocr-markdown-service-manual/ocr-playground-download-20260821T150529Z/Philips-VP415-Service-Manual-hires-300-part1of5-pages001-044.pdf/pages/page-31/img-36.jpeg,35500,image,641,599
unsorted-source-material/ocr-markdown-service-manual/ocr-playground-download-20260821T150529Z/Philips-VP415-Service-Manual-hires-300-part1of5-pages001-044.pdf/pages/page-31/markdown.md,99,text,,
unsorted-source-material/ocr-markdown-service-manual/ocr-playground-download-20260821T150529Z/Philips-VP415-Service-Manual-hires-300-part1of5-pages001-044.pdf/pages/page-31/page-metadata.json,1420,text,,
unsorted-source-material/ocr-markdown-service-manual/ocr-playground-download-20260821T150529Z/Philips-VP415-Service-Manual-hires-300-part1of5-pages001-044.pdf/pages/page-32/img-37.jpeg,67192,image,655,447
unsorted-source-material/ocr-markdown-service-manual/ocr-playground-download-20260821T150529Z/Philips-VP415-Service-Manual-hires-300-part1of5-pages001-044.pdf/pages/page-32/markdown.md,3329,text,,
unsorted-source-material/ocr-markdown-service-manual/ocr-playground-download-20260821T150529Z/Philips-VP415-Service-Manual-hires-300-part1of5-pages001-044.pdf/pages/page-32/page-metadata.json,8197,text,,
unsorted-source-material/ocr-markdown-service-manual/ocr-playground-download-20260821T150529Z/Philips-VP415-Service-Manual-hires-300-part1of5-pages001-044.pdf/pages/page-33/img-38.jpeg,51615,image,724,606
unsorted-source-material/ocr-markdown-service-manual/ocr-playground-download-20260821T150529Z/Philips-VP415-Service-Manual-hires-300-part1of5-pages001-044.pdf/pages/page-33/markdown.md,21278,text,,
unsorted-source-material/ocr-markdown-service-manual/ocr-playground-download-20260821T150529Z/Philips-VP415-Service-Manual-hires-300-part1of5-pages001-044.pdf/pages/page-33/page-metadata.json,384,text,,
unsorted-source-material/ocr-markdown-service-manual/ocr-playground-download-20260821T150529Z/Philips-VP415-Service-Manual-hires-300-part1of5-pages001-044.pdf/pages/page-34/img-39.jpeg,65481,image,880,584
unsorted-source-material/ocr-markdown-service-manual/ocr-playground-download-20260821T150529Z/Philips-VP415-Service-Manual-hires-300-part1of5-pages001-044.pdf/pages/page-34/markdown.md,330,text,,
unsorted-source-material/ocr-markdown-service-manual/ocr-playground-download-20260821T150529Z/Philips-VP415-Service-Manual-hires-300-part1of5-pages001-044.pdf/pages/page-34/page-metadata.json,1056,text,,
unsorted-source-material/ocr-markdown-service-manual/ocr-playground-download-20260821T150529Z/Philips-VP415-Service-Manual-hires-300-part1of5-pages001-044.pdf/pages/page-35/img-40.jpeg,2222,image,169,81
unsorted-source-material/ocr-markdown-service-manual/ocr-playground-download-20260821T150529Z/Philips-VP415-Service-Manual-hires-300-part1of5-pages001-044.pdf/pages/page-35/img-41.jpeg,3606,image,151,126
unsorted-source-material/ocr-markdown-service-manual/ocr-playground-download-20260821T150529Z/Philips-VP415-Service-Manual-hires-300-part1of5-pages001-044.pdf/pages/page-35/img-42.jpeg,7813,image,182,259
unsorted-source-material/ocr-markdown-service-manual/ocr-playground-download-20260821T150529Z/Philips-VP415-Service-Manual-hires-300-part1of5-pages001-044.pdf/pages/page-35/img-43.jpeg,11840,image,272,182
unsorted-source-material/ocr-markdown-service-manual/ocr-playground-download-20260821T150529Z/Philips-VP415-Service-Manual-hires-300-part1of5-pages001-044.pdf/pages/page-35/img-44.jpeg,9834,image,272,183
unsorted-source-material/ocr-markdown-service-manual/ocr-playground-download-20260821T150529Z/Philips-VP415-Service-Manual-hires-300-part1of5-pages001-044.pdf/pages/page-35/markdown.md,4281,text,,
unsorted-source-material/ocr-markdown-service-manual/ocr-playground-download-20260821T150529Z/Philips-VP415-Service-Manual-hires-300-part1of5-pages001-044.pdf/pages/page-35/page-metadata.json,19426,text,,
unsorted-source-material/ocr-markdown-service-manual/ocr-playground-download-20260821T150529Z/Philips-VP415-Service-Manual-hires-300-part1of5-pages001-044.pdf/pages/page-36/img-45.jpeg,1484,image,74,78
unsorted-source-material/ocr-markdown-service-manual/ocr-playground-download-20260821T150529Z/Philips-VP415-Service-Manual-hires-300-part1of5-pages001-044.pdf/pages/page-36/img-46.jpeg,1036,image,74,46
unsorted-source-material/ocr-markdown-service-manual/ocr-playground-download-20260821T150529Z/Philips-VP415-Service-Manual-hires-300-part1of5-pages001-044.pdf/pages/page-36/img-47.jpeg,1065,image,74,46
unsorted-source-material/ocr-markdown-service-manual/ocr-playground-download-20260821T150529Z/Philips-VP415-Service-Manual-hires-300-part1of5-pages001-044.pdf/pages/page-36/img-48.jpeg,1184,image,74,52
unsorted-source-material/ocr-markdown-service-manual/ocr-playground-download-20260821T150529Z/Philips-VP415-Service-Manual-hires-300-part1of5-pages001-044.pdf/pages/page-36/img-49.jpeg,26341,image,670,185
unsorted-source-material/ocr-markdown-service-manual/ocr-playground-download-20260821T150529Z/Philips-VP415-Service-Manual-hires-300-part1of5-pages001-044.pdf/pages/page-36/img-50.jpeg,23774,image,672,188
unsorted-source-material/ocr-markdown-service-manual/ocr-playground-download-20260821T150529Z/Philips-VP415-Service-Manual-hires-300-part1of5-pages001-044.pdf/pages/page-36/markdown.md,4952,text,,
unsorted-source-material/ocr-markdown-service-manual/ocr-playground-download-20260821T150529Z/Philips-VP415-Service-Manual-hires-300-part1of5-pages001-044.pdf/pages/page-36/page-metadata.json,13515,text,,
unsorted-source-material/ocr-markdown-service-manual/ocr-playground-download-20260821T150529Z/Philips-VP415-Service-Manual-hires-300-part1of5-pages001-044.pdf/pages/page-37/img-51.jpeg,2463,image,126,125
unsorted-source-material/ocr-markdown-service-manual/ocr-playground-download-20260821T150529Z/Philips-VP415-Service-Manual-hires-300-part1of5-pages001-044.pdf/pages/page-37/img-52.jpeg,22512,image,598,187
unsorted-source-material/ocr-markdown-service-manual/ocr-playground-download-20260821T150529Z/Philips-VP415-Service-Manual-hires-300-part1of5-pages001-044.pdf/pages/page-37/img-53.jpeg,22935,image,598,187
unsorted-source-material/ocr-markdown-service-manual/ocr-playground-download-20260821T150529Z/Philips-VP415-Service-Manual-hires-300-part1of5-pages001-044.pdf/pages/page-37/markdown.md,4140,text,,
unsorted-source-material/ocr-markdown-service-manual/ocr-playground-download-20260821T150529Z/Philips-VP415-Service-Manual-hires-300-part1of5-pages001-044.pdf/pages/page-37/page-metadata.json,12796,text,,
unsorted-source-material/ocr-markdown-service-manual/ocr-playground-download-20260821T150529Z/Philips-VP415-Service-Manual-hires-300-part1of5-pages001-044.pdf/pages/page-38/markdown.md,18876,text,,
unsorted-source-material/ocr-markdown-service-manual/ocr-playground-download-20260821T150529Z/Philips-VP415-Service-Manual-hires-300-part1of5-pages001-044.pdf/pages/page-38/page-metadata.json,33799,text,,
unsorted-source-material/ocr-markdown-service-manual/ocr-playground-download-20260821T150529Z/Philips-VP415-Service-Manual-hires-300-part1of5-pages001-044.pdf/pages/page-39/img-54.jpeg,72757,image,981,598
unsorted-source-material/ocr-markdown-service-manual/ocr-playground-download-20260821T150529Z/Philips-VP415-Service-Manual-hires-300-part1of5-pages001-044.pdf/pages/page-39/markdown.md,8249,text,,
unsorted-source-material/ocr-markdown-service-manual/ocr-playground-download-20260821T150529Z/Philips-VP415-Service-Manual-hires-300-part1of5-pages001-044.pdf/pages/page-39/page-metadata.json,8971,text,,
unsorted-source-material/ocr-markdown-service-manual/ocr-playground-download-20260821T150529Z/Philips-VP415-Service-Manual-hires-300-part1of5-pages001-044.pdf/pages/page-4/markdown.md,3987,text,,
unsorted-source-material/ocr-markdown-service-manual/ocr-playground-download-20260821T150529Z/Philips-VP415-Service-Manual-hires-300-part1of5-pages001-044.pdf/pages/page-4/page-metadata.json,8555,text,,
unsorted-source-material/ocr-markdown-service-manual/ocr-playground-download-20260821T150529Z/Philips-VP415-Service-Manual-hires-300-part1of5-pages001-044.pdf/pages/page-40/img-55.jpeg,76862,image,943,584
unsorted-source-material/ocr-markdown-service-manual/ocr-playground-download-20260821T150529Z/Philips-VP415-Service-Manual-hires-300-part1of5-pages001-044.pdf/pages/page-40/markdown.md,1248,text,,
unsorted-source-material/ocr-markdown-service-manual/ocr-playground-download-20260821T150529Z/Philips-VP415-Service-Manual-hires-300-part1of5-pages001-044.pdf/pages/page-40/page-metadata.json,7767,text,,
unsorted-source-material/ocr-markdown-service-manual/ocr-playground-download-20260821T150529Z/Philips-VP415-Service-Manual-hires-300-part1of5-pages001-044.pdf/pages/page-41/img-56.jpeg,29055,image,667,185
unsorted-source-material/ocr-markdown-service-manual/ocr-playground-download-20260821T150529Z/Philips-VP415-Service-Manual-hires-300-part1of5-pages001-044.pdf/pages/page-41/img-57.jpeg,26939,image,667,189
unsorted-source-material/ocr-markdown-service-manual/ocr-playground-download-20260821T150529Z/Philips-VP415-Service-Manual-hires-300-part1of5-pages001-044.pdf/pages/page-41/markdown.md,3579,text,,
unsorted-source-material/ocr-markdown-service-manual/ocr-playground-download-20260821T150529Z/Philips-VP415-Service-Manual-hires-300-part1of5-pages001-044.pdf/pages/page-41/page-metadata.json,8064,text,,
unsorted-source-material/ocr-markdown-service-manual/ocr-playground-download-20260821T150529Z/Philips-VP415-Service-Manual-hires-300-part1of5-pages001-044.pdf/pages/page-42/img-58.jpeg,18656,image,352,216
unsorted-source-material/ocr-markdown-service-manual/ocr-playground-download-20260821T150529Z/Philips-VP415-Service-Manual-hires-300-part1of5-pages001-044.pdf/pages/page-42/img-59.jpeg,19067,image,352,228
unsorted-source-material/ocr-markdown-service-manual/ocr-playground-download-20260821T150529Z/Philips-VP415-Service-Manual-hires-300-part1of5-pages001-044.pdf/pages/page-42/markdown.md,412,text,,
unsorted-source-material/ocr-markdown-service-manual/ocr-playground-download-20260821T150529Z/Philips-VP415-Service-Manual-hires-300-part1of5-pages001-044.pdf/pages/page-42/page-metadata.json,2680,text,,
unsorted-source-material/ocr-markdown-service-manual/ocr-playground-download-20260821T150529Z/Philips-VP415-Service-Manual-hires-300-part1of5-pages001-044.pdf/pages/page-43/img-60.jpeg,21523,image,364,435
unsorted-source-material/ocr-markdown-service-manual/ocr-playground-download-20260821T150529Z/Philips-VP415-Service-Manual-hires-300-part1of5-pages001-044.pdf/pages/page-43/markdown.md,11937,text,,
unsorted-source-material/ocr-markdown-service-manual/ocr-playground-download-20260821T150529Z/Philips-VP415-Service-Manual-hires-300-part1of5-pages001-044.pdf/pages/page-43/page-metadata.json,12689,text,,
unsorted-source-material/ocr-markdown-service-manual/ocr-playground-download-20260821T150529Z/Philips-VP415-Service-Manual-hires-300-part1of5-pages001-044.pdf/pages/page-44/img-61.jpeg,75194,image,867,597
unsorted-source-material/ocr-markdown-service-manual/ocr-playground-download-20260821T150529Z/Philips-VP415-Service-Manual-hires-300-part1of5-pages001-044.pdf/pages/page-44/markdown.md,9485,text,,
unsorted-source-material/ocr-markdown-service-manual/ocr-playground-download-20260821T150529Z/Philips-VP415-Service-Manual-hires-300-part1of5-pages001-044.pdf/pages/page-44/page-metadata.json,10234,text,,
unsorted-source-material/ocr-markdown-service-manual/ocr-playground-download-20260821T150529Z/Philips-VP415-Service-Manual-hires-300-part1of5-pages001-044.pdf/pages/page-5/img-4.jpeg,19935,image,508,288
unsorted-source-material/ocr-markdown-service-manual/ocr-playground-download-20260821T150529Z/Philips-VP415-Service-Manual-hires-300-part1of5-pages001-044.pdf/pages/page-5/img-5.jpeg,32308,image,641,294
unsorted-source-material/ocr-markdown-service-manual/ocr-playground-download-20260821T150529Z/Philips-VP415-Service-Manual-hires-300-part1of5-pages001-044.pdf/pages/page-5/markdown.md,1217,text,,
unsorted-source-material/ocr-markdown-service-manual/ocr-playground-download-20260821T150529Z/Philips-VP415-Service-Manual-hires-300-part1of5-pages001-044.pdf/pages/page-5/page-metadata.json,5320,text,,
unsorted-source-material/ocr-markdown-service-manual/ocr-playground-download-20260821T150529Z/Philips-VP415-Service-Manual-hires-300-part1of5-pages001-044.pdf/pages/page-6/markdown.md,3388,text,,
unsorted-source-material/ocr-markdown-service-manual/ocr-playground-download-20260821T150529Z/Philips-VP415-Service-Manual-hires-300-part1of5-pages001-044.pdf/pages/page-6/page-metadata.json,9754,text,,
unsorted-source-material/ocr-markdown-service-manual/ocr-playground-download-20260821T150529Z/Philips-VP415-Service-Manual-hires-300-part1of5-pages001-044.pdf/pages/page-7/markdown.md,170,text,,
unsorted-source-material/ocr-markdown-service-manual/ocr-playground-download-20260821T150529Z/Philips-VP415-Service-Manual-hires-300-part1of5-pages001-044.pdf/pages/page-7/page-metadata.json,2159,text,,
unsorted-source-material/ocr-markdown-service-manual/ocr-playground-download-20260821T150529Z/Philips-VP415-Service-Manual-hires-300-part1of5-pages001-044.pdf/pages/page-8/img-6.jpeg,2116,image,110,62
unsorted-source-material/ocr-markdown-service-manual/ocr-playground-download-20260821T150529Z/Philips-VP415-Service-Manual-hires-300-part1of5-pages001-044.pdf/pages/page-8/img-7.jpeg,2129,image,118,63
unsorted-source-material/ocr-markdown-service-manual/ocr-playground-download-20260821T150529Z/Philips-VP415-Service-Manual-hires-300-part1of5-pages001-044.pdf/pages/page-8/markdown.md,4481,text,,
unsorted-source-material/ocr-markdown-service-manual/ocr-playground-download-20260821T150529Z/Philips-VP415-Service-Manual-hires-300-part1of5-pages001-044.pdf/pages/page-8/page-metadata.json,15116,text,,
unsorted-source-material/ocr-markdown-service-manual/ocr-playground-download-20260821T150529Z/Philips-VP415-Service-Manual-hires-300-part1of5-pages001-044.pdf/pages/page-9/markdown.md,1526,text,,
unsorted-source-material/ocr-markdown-service-manual/ocr-playground-download-20260821T150529Z/Philips-VP415-Service-Manual-hires-300-part1of5-pages001-044.pdf/pages/page-9/page-metadata.json,3884,text,,
unsorted-source-material/ocr-markdown-service-manual/ocr-playground-download-20260821T150604Z/Philips-VP415-Service-Manual-hires-300-part2of5-pages045-072.pdf/markdown.md,105730,text,,
unsorted-source-material/ocr-markdown-service-manual/ocr-playground-download-20260821T150604Z/Philips-VP415-Service-Manual-hires-300-part2of5-pages045-072.pdf/pages/page-1/img-0.jpeg,2445,image,204,59
unsorted-source-material/ocr-markdown-service-manual/ocr-playground-download-20260821T150604Z/Philips-VP415-Service-Manual-hires-300-part2of5-pages045-072.pdf/pages/page-1/markdown.md,3789,text,,
unsorted-source-material/ocr-markdown-service-manual/ocr-playground-download-20260821T150604Z/Philips-VP415-Service-Manual-hires-300-part2of5-pages045-072.pdf/pages/page-1/page-metadata.json,10288,text,,
unsorted-source-material/ocr-markdown-service-manual/ocr-playground-download-20260821T150604Z/Philips-VP415-Service-Manual-hires-300-part2of5-pages045-072.pdf/pages/page-10/img-19.jpeg,23210,image,668,196
unsorted-source-material/ocr-markdown-service-manual/ocr-playground-download-20260821T150604Z/Philips-VP415-Service-Manual-hires-300-part2of5-pages045-072.pdf/pages/page-10/img-20.jpeg,32214,image,668,213
unsorted-source-material/ocr-markdown-service-manual/ocr-playground-download-20260821T150604Z/Philips-VP415-Service-Manual-hires-300-part2of5-pages045-072.pdf/pages/page-10/markdown.md,3471,text,,
unsorted-source-material/ocr-markdown-service-manual/ocr-playground-download-20260821T150604Z/Philips-VP415-Service-Manual-hires-300-part2of5-pages045-072.pdf/pages/page-10/page-metadata.json,9896,text,,
unsorted-source-material/ocr-markdown-service-manual/ocr-playground-download-20260821T150604Z/Philips-VP415-Service-Manual-hires-300-part2of5-pages045-072.pdf/pages/page-11/img-21.jpeg,34258,image,804,376
unsorted-source-material/ocr-markdown-service-manual/ocr-playground-download-20260821T150604Z/Philips-VP415-Service-Manual-hires-300-part2of5-pages045-072.pdf/pages/page-11/markdown.md,572,text,,
unsorted-source-material/ocr-markdown-service-manual/ocr-playground-download-20260821T150604Z/Philips-VP415-Service-Manual-hires-300-part2of5-pages045-072.pdf/pages/page-11/page-metadata.json,1299,text,,
unsorted-source-material/ocr-markdown-service-manual/ocr-playground-download-20260821T150604Z/Philips-VP415-Service-Manual-hires-300-part2of5-pages045-072.pdf/pages/page-12/markdown.md,21890,text,,
unsorted-source-material/ocr-markdown-service-manual/ocr-playground-download-20260821T150604Z/Philips-VP415-Service-Manual-hires-300-part2of5-pages045-072.pdf/pages/page-12/page-metadata.json,136,text,,
unsorted-source-material/ocr-markdown-service-manual/ocr-playground-download-20260821T150604Z/Philips-VP415-Service-Manual-hires-300-part2of5-pages045-072.pdf/pages/page-13/img-22.jpeg,4251,image,152,99
unsorted-source-material/ocr-markdown-service-manual/ocr-playground-download-20260821T150604Z/Philips-VP415-Service-Manual-hires-300-part2of5-pages045-072.pdf/pages/page-13/img-23.jpeg,2494,image,143,67
unsorted-source-material/ocr-markdown-service-manual/ocr-playground-download-20260821T150604Z/Philips-VP415-Service-Manual-hires-300-part2of5-pages045-072.pdf/pages/page-13/img-24.jpeg,23350,image,665,183
unsorted-source-material/ocr-markdown-service-manual/ocr-playground-download-20260821T150604Z/Philips-VP415-Service-Manual-hires-300-part2of5-pages045-072.pdf/pages/page-13/img-25.jpeg,9728,image,580,47
unsorted-source-material/ocr-markdown-service-manual/ocr-playground-download-20260821T150604Z/Philips-VP415-Service-Manual-hires-300-part2of5-pages045-072.pdf/pages/page-13/img-26.jpeg,27655,image,665,182
unsorted-source-material/ocr-markdown-service-manual/ocr-playground-download-20260821T150604Z/Philips-VP415-Service-Manual-hires-300-part2of5-pages045-072.pdf/pages/page-13/markdown.md,3959,text,,
unsorted-source-material/ocr-markdown-service-manual/ocr-playground-download-20260821T150604Z/Philips-VP415-Service-Manual-hires-300-part2of5-pages045-072.pdf/pages/page-13/page-metadata.json,12574,text,,
unsorted-source-material/ocr-markdown-service-manual/ocr-playground-download-20260821T150604Z/Philips-VP415-Service-Manual-hires-300-part2of5-pages045-072.pdf/pages/page-14/img-27.jpeg,22234,image,668,184
unsorted-source-material/ocr-markdown-service-manual/ocr-playground-download-20260821T150604Z/Philips-VP415-Service-Manual-hires-300-part2of5-pages045-072.pdf/pages/page-14/img-28.jpeg,25491,image,668,184
unsorted-source-material/ocr-markdown-service-manual/ocr-playground-download-20260821T150604Z/Philips-VP415-Service-Manual-hires-300-part2of5-pages045-072.pdf/pages/page-14/markdown.md,1858,text,,
unsorted-source-material/ocr-markdown-service-manual/ocr-playground-download-20260821T150604Z/Philips-VP415-Service-Manual-hires-300-part2of5-pages045-072.pdf/pages/page-14/page-metadata.json,5063,text,,
unsorted-source-material/ocr-markdown-service-manual/ocr-playground-download-20260821T150604Z/Philips-VP415-Service-Manual-hires-300-part2of5-pages045-072.pdf/pages/page-15/img-29.jpeg,42218,image,654,515
unsorted-source-material/ocr-markdown-service-manual/ocr-playground-download-20260821T150604Z/Philips-VP415-Service-Manual-hires-300-part2of5-pages045-072.pdf/pages/page-15/markdown.md,20596,text,,
unsorted-source-material/ocr-markdown-service-manual/ocr-playground-download-20260821T150604Z/Philips-VP415-Service-Manual-hires-300-part2of5-pages045-072.pdf/pages/page-15/page-metadata.json,21348,text,,
unsorted-source-material/ocr-markdown-service-manual/ocr-playground-download-20260821T150604Z/Philips-VP415-Service-Manual-hires-300-part2of5-pages045-072.pdf/pages/page-16/img-30.jpeg,46591,image,607,614
unsorted-source-material/ocr-markdown-service-manual/ocr-playground-download-20260821T150604Z/Philips-VP415-Service-Manual-hires-300-part2of5-pages045-072.pdf/pages/page-16/markdown.md,599,text,,
unsorted-source-material/ocr-markdown-service-manual/ocr-playground-download-20260821T150604Z/Philips-VP415-Service-Manual-hires-300-part2of5-pages045-072.pdf/pages/page-16/page-metadata.json,1351,text,,
unsorted-source-material/ocr-markdown-service-manual/ocr-playground-download-20260821T150604Z/Philips-VP415-Service-Manual-hires-300-part2of5-pages045-072.pdf/pages/page-17/img-31.jpeg,25771,image,932,175
unsorted-source-material/ocr-markdown-service-manual/ocr-playground-download-20260821T150604Z/Philips-VP415-Service-Manual-hires-300-part2of5-pages045-072.pdf/pages/page-17/img-32.jpeg,26873,image,932,195
unsorted-source-material/ocr-markdown-service-manual/ocr-playground-download-20260821T150604Z/Philips-VP415-Service-Manual-hires-300-part2of5-pages045-072.pdf/pages/page-17/markdown.md,613,text,,
unsorted-source-material/ocr-markdown-service-manual/ocr-playground-download-20260821T150604Z/Philips-VP415-Service-Manual-hires-300-part2of5-pages045-072.pdf/pages/page-17/page-metadata.json,3639,text,,
unsorted-source-material/ocr-markdown-service-manual/ocr-playground-download-20260821T150604Z/Philips-VP415-Service-Manual-hires-300-part2of5-pages045-072.pdf/pages/page-18/img-33.jpeg,26045,image,423,458
unsorted-source-material/ocr-markdown-service-manual/ocr-playground-download-20260821T150604Z/Philips-VP415-Service-Manual-hires-300-part2of5-pages045-072.pdf/pages/page-18/img-34.jpeg,15232,image,295,342
unsorted-source-material/ocr-markdown-service-manual/ocr-playground-download-20260821T150604Z/Philips-VP415-Service-Manual-hires-300-part2of5-pages045-072.pdf/pages/page-18/img-35.jpeg,9960,image,258,185
unsorted-source-material/ocr-markdown-service-manual/ocr-playground-download-20260821T150604Z/Philips-VP415-Service-Manual-hires-300-part2of5-pages045-072.pdf/pages/page-18/img-36.jpeg,8908,image,258,201
unsorted-source-material/ocr-markdown-service-manual/ocr-playground-download-20260821T150604Z/Philips-VP415-Service-Manual-hires-300-part2of5-pages045-072.pdf/pages/page-18/markdown.md,306,text,,
unsorted-source-material/ocr-markdown-service-manual/ocr-playground-download-20260821T150604Z/Philips-VP415-Service-Manual-hires-300-part2of5-pages045-072.pdf/pages/page-18/page-metadata.json,2611,text,,
unsorted-source-material/ocr-markdown-service-manual/ocr-playground-download-20260821T150604Z/Philips-VP415-Service-Manual-hires-300-part2of5-pages045-072.pdf/pages/page-19/img-37.jpeg,10665,image,367,210
unsorted-source-material/ocr-markdown-service-manual/ocr-playground-download-20260821T150604Z/Philips-VP415-Service-Manual-hires-300-part2of5-pages045-072.pdf/pages/page-19/img-38.jpeg,5182,image,166,109
unsorted-source-material/ocr-markdown-service-manual/ocr-playground-download-20260821T150604Z/Philips-VP415-Service-Manual-hires-300-part2of5-pages045-072.pdf/pages/page-19/img-39.jpeg,19772,image,307,298
unsorted-source-material/ocr-markdown-service-manual/ocr-playground-download-20260821T150604Z/Philips-VP415-Service-Manual-hires-300-part2of5-pages045-072.pdf/pages/page-19/img-40.jpeg,18351,image,307,306
unsorted-source-material/ocr-markdown-service-manual/ocr-playground-download-20260821T150604Z/Philips-VP415-Service-Manual-hires-300-part2of5-pages045-072.pdf/pages/page-19/markdown.md,2042,text,,
unsorted-source-material/ocr-markdown-service-manual/ocr-playground-download-20260821T150604Z/Philips-VP415-Service-Manual-hires-300-part2of5-pages045-072.pdf/pages/page-19/page-metadata.json,5890,text,,
unsorted-source-material/ocr-markdown-service-manual/ocr-playground-download-20260821T150604Z/Philips-VP415-Service-Manual-hires-300-part2of5-pages045-072.pdf/pages/page-2/img-1.jpeg,29264,image,666,210
unsorted-source-material/ocr-markdown-service-manual/ocr-playground-download-20260821T150604Z/Philips-VP415-Service-Manual-hires-300-part2of5-pages045-072.pdf/pages/page-2/img-2.jpeg,9306,image,666,44
unsorted-source-material/ocr-markdown-service-manual/ocr-playground-download-20260821T150604Z/Philips-VP415-Service-Manual-hires-300-part2of5-pages045-072.pdf/pages/page-2/img-3.jpeg,28857,image,666,191
unsorted-source-material/ocr-markdown-service-manual/ocr-playground-download-20260821T150604Z/Philips-VP415-Service-Manual-hires-300-part2of5-pages045-072.pdf/pages/page-2/markdown.md,2582,text,,
unsorted-source-material/ocr-markdown-service-manual/ocr-playground-download-20260821T150604Z/Philips-VP415-Service-Manual-hires-300-part2of5-pages045-072.pdf/pages/page-2/page-metadata.json,8109,text,,
unsorted-source-material/ocr-markdown-service-manual/ocr-playground-download-20260821T150604Z/Philips-VP415-Service-Manual-hires-300-part2of5-pages045-072.pdf/pages/page-20/img-41.jpeg,46094,image,778,281
unsorted-source-material/ocr-markdown-service-manual/ocr-playground-download-20260821T150604Z/Philips-VP415-Service-Manual-hires-300-part2of5-pages045-072.pdf/pages/page-20/markdown.md,18249,text,,
unsorted-source-material/ocr-markdown-service-manual/ocr-playground-download-20260821T150604Z/Philips-VP415-Service-Manual-hires-300-part2of5-pages045-072.pdf/pages/page-20/page-metadata.json,3956,text,,
unsorted-source-material/ocr-markdown-service-manual/ocr-playground-download-20260821T150604Z/Philips-VP415-Service-Manual-hires-300-part2of5-pages045-072.pdf/pages/page-21/img-42.jpeg,104503,image,946,609
unsorted-source-material/ocr-markdown-service-manual/ocr-playground-download-20260821T150604Z/Philips-VP415-Service-Manual-hires-300-part2of5-pages045-072.pdf/pages/page-21/markdown.md,149,text,,
unsorted-source-material/ocr-markdown-service-manual/ocr-playground-download-20260821T150604Z/Philips-VP415-Service-Manual-hires-300-part2of5-pages045-072.pdf/pages/page-21/page-metadata.json,886,text,,
unsorted-source-material/ocr-markdown-service-manual/ocr-playground-download-20260821T150604Z/Philips-VP415-Service-Manual-hires-300-part2of5-pages045-072.pdf/pages/page-22/img-43.jpeg,109719,image,941,633
unsorted-source-material/ocr-markdown-service-manual/ocr-playground-download-20260821T150604Z/Philips-VP415-Service-Manual-hires-300-part2of5-pages045-072.pdf/pages/page-22/img-44.jpeg,8838,image,48,633
unsorted-source-material/ocr-markdown-service-manual/ocr-playground-download-20260821T150604Z/Philips-VP415-Service-Manual-hires-300-part2of5-pages045-072.pdf/pages/page-22/markdown.md,66,text,,
unsorted-source-material/ocr-markdown-service-manual/ocr-playground-download-20260821T150604Z/Philips-VP415-Service-Manual-hires-300-part2of5-pages045-072.pdf/pages/page-22/page-metadata.json,825,text,,
unsorted-source-material/ocr-markdown-service-manual/ocr-playground-download-20260821T150604Z/Philips-VP415-Service-Manual-hires-300-part2of5-pages045-072.pdf/pages/page-23/img-45.jpeg,102190,image,986,609
unsorted-source-material/ocr-markdown-service-manual/ocr-playground-download-20260821T150604Z/Philips-VP415-Service-Manual-hires-300-part2of5-pages045-072.pdf/pages/page-23/markdown.md,37,text,,
unsorted-source-material/ocr-markdown-service-manual/ocr-playground-download-20260821T150604Z/Philips-VP415-Service-Manual-hires-300-part2of5-pages045-072.pdf/pages/page-23/page-metadata.json,579,text,,
unsorted-source-material/ocr-markdown-service-manual/ocr-playground-download-20260821T150604Z/Philips-VP415-Service-Manual-hires-300-part2of5-pages045-072.pdf/pages/page-24/img-46.jpeg,58826,image,562,607
unsorted-source-material/ocr-markdown-service-manual/ocr-playground-download-20260821T150604Z/Philips-VP415-Service-Manual-hires-300-part2of5-pages045-072.pdf/pages/page-24/markdown.md,130,text,,
unsorted-source-material/ocr-markdown-service-manual/ocr-playground-download-20260821T150604Z/Philips-VP415-Service-Manual-hires-300-part2of5-pages045-072.pdf/pages/page-24/page-metadata.json,670,text,,
unsorted-source-material/ocr-markdown-service-manual/ocr-playground-download-20260821T150604Z/Philips-VP415-Service-Manual-hires-300-part2of5-pages045-072.pdf/pages/page-25/img-47.jpeg,32196,image,484,290
unsorted-source-material/ocr-markdown-service-manual/ocr-playground-download-20260821T150604Z/Philips-VP415-Service-Manual-hires-300-part2of5-pages045-072.pdf/pages/page-25/img-48.jpeg,28587,image,467,312
unsorted-source-material/ocr-markdown-service-manual/ocr-playground-download-20260821T150604Z/Philips-VP415-Service-Manual-hires-300-part2of5-pages045-072.pdf/pages/page-25/markdown.md,2519,text,,
unsorted-source-material/ocr-markdown-service-manual/ocr-playground-download-20260821T150604Z/Philips-VP415-Service-Manual-hires-300-part2of5-pages045-072.pdf/pages/page-25/page-metadata.json,6078,text,,
unsorted-source-material/ocr-markdown-service-manual/ocr-playground-download-20260821T150604Z/Philips-VP415-Service-Manual-hires-300-part2of5-pages045-072.pdf/pages/page-26/img-49.jpeg,49794,image,784,290
unsorted-source-material/ocr-markdown-service-manual/ocr-playground-download-20260821T150604Z/Philips-VP415-Service-Manual-hires-300-part2of5-pages045-072.pdf/pages/page-26/img-50.jpeg,41805,image,783,301
unsorted-source-material/ocr-markdown-service-manual/ocr-playground-download-20260821T150604Z/Philips-VP415-Service-Manual-hires-300-part2of5-pages045-072.pdf/pages/page-26/markdown.md,1630,text,,
unsorted-source-material/ocr-markdown-service-manual/ocr-playground-download-20260821T150604Z/Philips-VP415-Service-Manual-hires-300-part2of5-pages045-072.pdf/pages/page-26/page-metadata.json,5008,text,,
unsorted-source-material/ocr-markdown-service-manual/ocr-playground-download-20260821T150604Z/Philips-VP415-Service-Manual-hires-300-part2of5-pages045-072.pdf/pages/page-27/img-51.jpeg,39809,image,543,306
unsorted-source-material/ocr-markdown-service-manual/ocr-playground-download-20260821T150604Z/Philips-VP415-Service-Manual-hires-300-part2of5-pages045-072.pdf/pages/page-27/markdown.md,2234,text,,
unsorted-source-material/ocr-markdown-service-manual/ocr-playground-download-20260821T150604Z/Philips-VP415-Service-Manual-hires-300-part2of5-pages045-072.pdf/pages/page-27/page-metadata.json,17939,text,,
unsorted-source-material/ocr-markdown-service-manual/ocr-playground-download-20260821T150604Z/Philips-VP415-Service-Manual-hires-300-part2of5-pages045-072.pdf/pages/page-28/img-52.jpeg,71683,image,895,324
unsorted-source-material/ocr-markdown-service-manual/ocr-playground-download-20260821T150604Z/Philips-VP415-Service-Manual-hires-300-part2of5-pages045-072.pdf/pages/page-28/markdown.md,1221,text,,
unsorted-source-material/ocr-markdown-service-manual/ocr-playground-download-20260821T150604Z/Philips-VP415-Service-Manual-hires-300-part2of5-pages045-072.pdf/pages/page-28/page-metadata.json,1996,text,,
unsorted-source-material/ocr-markdown-service-manual/ocr-playground-download-20260821T150604Z/Philips-VP415-Service-Manual-hires-300-part2of5-pages045-072.pdf/pages/page-3/img-4.jpeg,79922,image,811,637
unsorted-source-material/ocr-markdown-service-manual/ocr-playground-download-20260821T150604Z/Philips-VP415-Service-Manual-hires-300-part2of5-pages045-072.pdf/pages/page-3/markdown.md,3929,text,,
unsorted-source-material/ocr-markdown-service-manual/ocr-playground-download-20260821T150604Z/Philips-VP415-Service-Manual-hires-300-part2of5-pages045-072.pdf/pages/page-3/page-metadata.json,4657,text,,
unsorted-source-material/ocr-markdown-service-manual/ocr-playground-download-20260821T150604Z/Philips-VP415-Service-Manual-hires-300-part2of5-pages045-072.pdf/pages/page-4/img-5.jpeg,10887,image,833,38
unsorted-source-material/ocr-markdown-service-manual/ocr-playground-download-20260821T150604Z/Philips-VP415-Service-Manual-hires-300-part2of5-pages045-072.pdf/pages/page-4/img-6.jpeg,72271,image,872,597
unsorted-source-material/ocr-markdown-service-manual/ocr-playground-download-20260821T150604Z/Philips-VP415-Service-Manual-hires-300-part2of5-pages045-072.pdf/pages/page-4/markdown.md,62,text,,
unsorted-source-material/ocr-markdown-service-manual/ocr-playground-download-20260821T150604Z/Philips-VP415-Service-Manual-hires-300-part2of5-pages045-072.pdf/pages/page-4/page-metadata.json,816,text,,
unsorted-source-material/ocr-markdown-service-manual/ocr-playground-download-20260821T150604Z/Philips-VP415-Service-Manual-hires-300-part2of5-pages045-072.pdf/pages/page-5/img-7.jpeg,4010,image,202,100
unsorted-source-material/ocr-markdown-service-manual/ocr-playground-download-20260821T150604Z/Philips-VP415-Service-Manual-hires-300-part2of5-pages045-072.pdf/pages/page-5/img-8.jpeg,27707,image,649,180
unsorted-source-material/ocr-markdown-service-manual/ocr-playground-download-20260821T150604Z/Philips-VP415-Service-Manual-hires-300-part2of5-pages045-072.pdf/pages/page-5/img-9.jpeg,28858,image,649,183
unsorted-source-material/ocr-markdown-service-manual/ocr-playground-download-20260821T150604Z/Philips-VP415-Service-Manual-hires-300-part2of5-pages045-072.pdf/pages/page-5/markdown.md,7907,text,,
unsorted-source-material/ocr-markdown-service-manual/ocr-playground-download-20260821T150604Z/Philips-VP415-Service-Manual-hires-300-part2of5-pages045-072.pdf/pages/page-5/page-metadata.json,17066,text,,
unsorted-source-material/ocr-markdown-service-manual/ocr-playground-download-20260821T150604Z/Philips-VP415-Service-Manual-hires-300-part2of5-pages045-072.pdf/pages/page-6/img-10.jpeg,27023,image,667,205
unsorted-source-material/ocr-markdown-service-manual/ocr-playground-download-20260821T150604Z/Philips-VP415-Service-Manual-hires-300-part2of5-pages045-072.pdf/pages/page-6/img-11.jpeg,10343,image,667,49
unsorted-source-material/ocr-markdown-service-manual/ocr-playground-download-20260821T150604Z/Philips-VP415-Service-Manual-hires-300-part2of5-pages045-072.pdf/pages/page-6/img-12.jpeg,26552,image,667,166
unsorted-source-material/ocr-markdown-service-manual/ocr-playground-download-20260821T150604Z/Philips-VP415-Service-Manual-hires-300-part2of5-pages045-072.pdf/pages/page-6/img-13.jpeg,2363,image,667,16
unsorted-source-material/ocr-markdown-service-manual/ocr-playground-download-20260821T150604Z/Philips-VP415-Service-Manual-hires-300-part2of5-pages045-072.pdf/pages/page-6/markdown.md,2455,text,,
unsorted-source-material/ocr-markdown-service-manual/ocr-playground-download-20260821T150604Z/Philips-VP415-Service-Manual-hires-300-part2of5-pages045-072.pdf/pages/page-6/page-metadata.json,8225,text,,
unsorted-source-material/ocr-markdown-service-manual/ocr-playground-download-20260821T150604Z/Philips-VP415-Service-Manual-hires-300-part2of5-pages045-072.pdf/pages/page-7/img-14.jpeg,9783,image,833,35
unsorted-source-material/ocr-markdown-service-manual/ocr-playground-download-20260821T150604Z/Philips-VP415-Service-Manual-hires-300-part2of5-pages045-072.pdf/pages/page-7/img-15.jpeg,80968,image,883,604
unsorted-source-material/ocr-markdown-service-manual/ocr-playground-download-20260821T150604Z/Philips-VP415-Service-Manual-hires-300-part2of5-pages045-072.pdf/pages/page-7/markdown.md,66,text,,
unsorted-source-material/ocr-markdown-service-manual/ocr-playground-download-20260821T150604Z/Philips-VP415-Service-Manual-hires-300-part2of5-pages045-072.pdf/pages/page-7/page-metadata.json,825,text,,
unsorted-source-material/ocr-markdown-service-manual/ocr-playground-download-20260821T150604Z/Philips-VP415-Service-Manual-hires-300-part2of5-pages045-072.pdf/pages/page-8/img-16.jpeg,58306,image,616,851
unsorted-source-material/ocr-markdown-service-manual/ocr-playground-download-20260821T150604Z/Philips-VP415-Service-Manual-hires-300-part2of5-pages045-072.pdf/pages/page-8/markdown.md,1457,text,,
unsorted-source-material/ocr-markdown-service-manual/ocr-playground-download-20260821T150604Z/Philips-VP415-Service-Manual-hires-300-part2of5-pages045-072.pdf/pages/page-8/page-metadata.json,2214,text,,
unsorted-source-material/ocr-markdown-service-manual/ocr-playground-download-20260821T150604Z/Philips-VP415-Service-Manual-hires-300-part2of5-pages045-072.pdf/pages/page-9/img-17.jpeg,22065,image,357,229
unsorted-source-material/ocr-markdown-service-manual/ocr-playground-download-20260821T150604Z/Philips-VP415-Service-Manual-hires-300-part2of5-pages045-072.pdf/pages/page-9/img-18.jpeg,16559,image,357,191
unsorted-source-material/ocr-markdown-service-manual/ocr-playground-download-20260821T150604Z/Philips-VP415-Service-Manual-hires-300-part2of5-pages045-072.pdf/pages/page-9/markdown.md,1288,text,,
unsorted-source-material/ocr-markdown-service-manual/ocr-playground-download-20260821T150604Z/Philips-VP415-Service-Manual-hires-300-part2of5-pages045-072.pdf/pages/page-9/page-metadata.json,3778,text,,
unsorted-source-material/ocr-markdown-service-manual/ocr-playground-download-20260821T150708Z/Philips-VP415-Service-Manual-hires-300-part3of5-pages073-092.pdf/markdown.md,71277,text,,
unsorted-source-material/ocr-markdown-service-manual/ocr-playground-download-20260821T150708Z/Philips-VP415-Service-Manual-hires-300-part3of5-pages073-092.pdf/pages/page-1/img-0.jpeg,38942,image,777,542
unsorted-source-material/ocr-markdown-service-manual/ocr-playground-download-20260821T150708Z/Philips-VP415-Service-Manual-hires-300-part3of5-pages073-092.pdf/pages/page-1/markdown.md,851,text,,
unsorted-source-material/ocr-markdown-service-manual/ocr-playground-download-20260821T150708Z/Philips-VP415-Service-Manual-hires-300-part3of5-pages073-092.pdf/pages/page-1/page-metadata.json,2318,text,,
unsorted-source-material/ocr-markdown-service-manual/ocr-playground-download-20260821T150708Z/Philips-VP415-Service-Manual-hires-300-part3of5-pages073-092.pdf/pages/page-10/img-13.jpeg,51631,image,597,472
unsorted-source-material/ocr-markdown-service-manual/ocr-playground-download-20260821T150708Z/Philips-VP415-Service-Manual-hires-300-part3of5-pages073-092.pdf/pages/page-10/markdown.md,6441,text,,
unsorted-source-material/ocr-markdown-service-manual/ocr-playground-download-20260821T150708Z/Philips-VP415-Service-Manual-hires-300-part3of5-pages073-092.pdf/pages/page-10/page-metadata.json,9380,text,,
unsorted-source-material/ocr-markdown-service-manual/ocr-playground-download-20260821T150708Z/Philips-VP415-Service-Manual-hires-300-part3of5-pages073-092.pdf/pages/page-11/markdown.md,1065,text,,
unsorted-source-material/ocr-markdown-service-manual/ocr-playground-download-20260821T150708Z/Philips-VP415-Service-Manual-hires-300-part3of5-pages073-092.pdf/pages/page-11/page-metadata.json,2995,text,,
unsorted-source-material/ocr-markdown-service-manual/ocr-playground-download-20260821T150708Z/Philips-VP415-Service-Manual-hires-300-part3of5-pages073-092.pdf/pages/page-12/img-14.jpeg,121363,image,884,500
unsorted-source-material/ocr-markdown-service-manual/ocr-playground-download-20260821T150708Z/Philips-VP415-Service-Manual-hires-300-part3of5-pages073-092.pdf/pages/page-12/markdown.md,843,text,,
unsorted-source-material/ocr-markdown-service-manual/ocr-playground-download-20260821T150708Z/Philips-VP415-Service-Manual-hires-300-part3of5-pages073-092.pdf/pages/page-12/page-metadata.json,2128,text,,
unsorted-source-material/ocr-markdown-service-manual/ocr-playground-download-20260821T150708Z/Philips-VP415-Service-Manual-hires-300-part3of5-pages073-092.pdf/pages/page-13/img-15.jpeg,106767,image,946,607
unsorted-source-material/ocr-markdown-service-manual/ocr-playground-download-20260821T150708Z/Philips-VP415-Service-Manual-hires-300-part3of5-pages073-092.pdf/pages/page-13/markdown.md,149,text,,
unsorted-source-material/ocr-markdown-service-manual/ocr-playground-download-20260821T150708Z/Philips-VP415-Service-Manual-hires-300-part3of5-pages073-092.pdf/pages/page-13/page-metadata.json,886,text,,
unsorted-source-material/ocr-markdown-service-manual/ocr-playground-download-20260821T150708Z/Philips-VP415-Service-Manual-hires-300-part3of5-pages073-092.pdf/pages/page-14/img-16.jpeg,99723,image,855,593
unsorted-source-material/ocr-markdown-service-manual/ocr-playground-download-20260821T150708Z/Philips-VP415-Service-Manual-hires-300-part3of5-pages073-092.pdf/pages/page-14/markdown.md,158,text,,
unsorted-source-material/ocr-markdown-service-manual/ocr-playground-download-20260821T150708Z/Philips-VP415-Service-Manual-hires-300-part3of5-pages073-092.pdf/pages/page-14/page-metadata.json,1444,text,,
unsorted-source-material/ocr-markdown-service-manual/ocr-playground-download-20260821T150708Z/Philips-VP415-Service-Manual-hires-300-part3of5-pages073-092.pdf/pages/page-15/img-17.jpeg,113924,image,989,631
unsorted-source-material/ocr-markdown-service-manual/ocr-playground-download-20260821T150708Z/Philips-VP415-Service-Manual-hires-300-part3of5-pages073-092.pdf/pages/page-15/markdown.md,37,text,,
unsorted-source-material/ocr-markdown-service-manual/ocr-playground-download-20260821T150708Z/Philips-VP415-Service-Manual-hires-300-part3of5-pages073-092.pdf/pages/page-15/page-metadata.json,579,text,,
unsorted-source-material/ocr-markdown-service-manual/ocr-playground-download-20260821T150708Z/Philips-VP415-Service-Manual-hires-300-part3of5-pages073-092.pdf/pages/page-16/img-18.jpeg,101270,image,877,633
unsorted-source-material/ocr-markdown-service-manual/ocr-playground-download-20260821T150708Z/Philips-VP415-Service-Manual-hires-300-part3of5-pages073-092.pdf/pages/page-16/markdown.md,420,text,,
unsorted-source-material/ocr-markdown-service-manual/ocr-playground-download-20260821T150708Z/Philips-VP415-Service-Manual-hires-300-part3of5-pages073-092.pdf/pages/page-16/page-metadata.json,960,text,,
unsorted-source-material/ocr-markdown-service-manual/ocr-playground-download-20260821T150708Z/Philips-VP415-Service-Manual-hires-300-part3of5-pages073-092.pdf/pages/page-17/img-19.jpeg,93209,image,889,491
unsorted-source-material/ocr-markdown-service-manual/ocr-playground-download-20260821T150708Z/Philips-VP415-Service-Manual-hires-300-part3of5-pages073-092.pdf/pages/page-17/markdown.md,5770,text,,
unsorted-source-material/ocr-markdown-service-manual/ocr-playground-download-20260821T150708Z/Philips-VP415-Service-Manual-hires-300-part3of5-pages073-092.pdf/pages/page-17/page-metadata.json,7425,text,,
unsorted-source-material/ocr-markdown-service-manual/ocr-playground-download-20260821T150708Z/Philips-VP415-Service-Manual-hires-300-part3of5-pages073-092.pdf/pages/page-18/img-20.jpeg,111236,image,896,514
unsorted-source-material/ocr-markdown-service-manual/ocr-playground-download-20260821T150708Z/Philips-VP415-Service-Manual-hires-300-part3of5-pages073-092.pdf/pages/page-18/markdown.md,1140,text,,
unsorted-source-material/ocr-markdown-service-manual/ocr-playground-download-20260821T150708Z/Philips-VP415-Service-Manual-hires-300-part3of5-pages073-092.pdf/pages/page-18/page-metadata.json,2429,text,,
unsorted-source-material/ocr-markdown-service-manual/ocr-playground-download-20260821T150708Z/Philips-VP415-Service-Manual-hires-300-part3of5-pages073-092.pdf/pages/page-19/img-21.jpeg,34590,image,563,394
unsorted-source-material/ocr-markdown-service-manual/ocr-playground-download-20260821T150708Z/Philips-VP415-Service-Manual-hires-300-part3of5-pages073-092.pdf/pages/page-19/img-22.jpeg,16397,image,226,394
unsorted-source-material/ocr-markdown-service-manual/ocr-playground-download-20260821T150708Z/Philips-VP415-Service-Manual-hires-300-part3of5-pages073-092.pdf/pages/page-19/markdown.md,5368,text,,
unsorted-source-material/ocr-markdown-service-manual/ocr-playground-download-20260821T150708Z/Philips-VP415-Service-Manual-hires-300-part3of5-pages073-092.pdf/pages/page-19/page-metadata.json,10226,text,,
unsorted-source-material/ocr-markdown-service-manual/ocr-playground-download-20260821T150708Z/Philips-VP415-Service-Manual-hires-300-part3of5-pages073-092.pdf/pages/page-2/img-1.jpeg,79663,image,734,634
unsorted-source-material/ocr-markdown-service-manual/ocr-playground-download-20260821T150708Z/Philips-VP415-Service-Manual-hires-300-part3of5-pages073-092.pdf/pages/page-2/markdown.md,914,text,,
unsorted-source-material/ocr-markdown-service-manual/ocr-playground-download-20260821T150708Z/Philips-VP415-Service-Manual-hires-300-part3of5-pages073-092.pdf/pages/page-2/page-metadata.json,2013,text,,
unsorted-source-material/ocr-markdown-service-manual/ocr-playground-download-20260821T150708Z/Philips-VP415-Service-Manual-hires-300-part3of5-pages073-092.pdf/pages/page-20/img-23.jpeg,63893,image,914,394
unsorted-source-material/ocr-markdown-service-manual/ocr-playground-download-20260821T150708Z/Philips-VP415-Service-Manual-hires-300-part3of5-pages073-092.pdf/pages/page-20/markdown.md,2874,text,,
unsorted-source-material/ocr-markdown-service-manual/ocr-playground-download-20260821T150708Z/Philips-VP415-Service-Manual-hires-300-part3of5-pages073-092.pdf/pages/page-20/page-metadata.json,4023,text,,
unsorted-source-material/ocr-markdown-service-manual/ocr-playground-download-20260821T150708Z/Philips-VP415-Service-Manual-hires-300-part3of5-pages073-092.pdf/pages/page-3/img-2.jpeg,70563,image,662,550
unsorted-source-material/ocr-markdown-service-manual/ocr-playground-download-20260821T150708Z/Philips-VP415-Service-Manual-hires-300-part3of5-pages073-092.pdf/pages/page-3/img-3.jpeg,34104,image,284,510
unsorted-source-material/ocr-markdown-service-manual/ocr-playground-download-20260821T150708Z/Philips-VP415-Service-Manual-hires-300-part3of5-pages073-092.pdf/pages/page-3/markdown.md,3080,text,,
unsorted-source-material/ocr-markdown-service-manual/ocr-playground-download-20260821T150708Z/Philips-VP415-Service-Manual-hires-300-part3of5-pages073-092.pdf/pages/page-3/page-metadata.json,4645,text,,
unsorted-source-material/ocr-markdown-service-manual/ocr-playground-download-20260821T150708Z/Philips-VP415-Service-Manual-hires-300-part3of5-pages073-092.pdf/pages/page-4/markdown.md,23075,text,,
unsorted-source-material/ocr-markdown-service-manual/ocr-playground-download-20260821T150708Z/Philips-VP415-Service-Manual-hires-300-part3of5-pages073-092.pdf/pages/page-4/page-metadata.json,135,text,,
unsorted-source-material/ocr-markdown-service-manual/ocr-playground-download-20260821T150708Z/Philips-VP415-Service-Manual-hires-300-part3of5-pages073-092.pdf/pages/page-5/img-4.jpeg,67155,image,666,535
unsorted-source-material/ocr-markdown-service-manual/ocr-playground-download-20260821T150708Z/Philips-VP415-Service-Manual-hires-300-part3of5-pages073-092.pdf/pages/page-5/img-5.jpeg,40815,image,332,518
unsorted-source-material/ocr-markdown-service-manual/ocr-playground-download-20260821T150708Z/Philips-VP415-Service-Manual-hires-300-part3of5-pages073-092.pdf/pages/page-5/markdown.md,2547,text,,
unsorted-source-material/ocr-markdown-service-manual/ocr-playground-download-20260821T150708Z/Philips-VP415-Service-Manual-hires-300-part3of5-pages073-092.pdf/pages/page-5/page-metadata.json,4247,text,,
unsorted-source-material/ocr-markdown-service-manual/ocr-playground-download-20260821T150708Z/Philips-VP415-Service-Manual-hires-300-part3of5-pages073-092.pdf/pages/page-6/img-6.jpeg,25424,image,220,548
unsorted-source-material/ocr-markdown-service-manual/ocr-playground-download-20260821T150708Z/Philips-VP415-Service-Manual-hires-300-part3of5-pages073-092.pdf/pages/page-6/img-7.jpeg,87312,image,685,558
unsorted-source-material/ocr-markdown-service-manual/ocr-playground-download-20260821T150708Z/Philips-VP415-Service-Manual-hires-300-part3of5-pages073-092.pdf/pages/page-6/markdown.md,11932,text,,
unsorted-source-material/ocr-markdown-service-manual/ocr-playground-download-20260821T150708Z/Philips-VP415-Service-Manual-hires-300-part3of5-pages073-092.pdf/pages/page-6/page-metadata.json,13469,text,,
unsorted-source-material/ocr-markdown-service-manual/ocr-playground-download-20260821T150708Z/Philips-VP415-Service-Manual-hires-300-part3of5-pages073-092.pdf/pages/page-7/img-8.jpeg,65088,image,776,640
unsorted-source-material/ocr-markdown-service-manual/ocr-playground-download-20260821T150708Z/Philips-VP415-Service-Manual-hires-300-part3of5-pages073-092.pdf/pages/page-7/img-9.jpeg,9078,image,69,625
unsorted-source-material/ocr-markdown-service-manual/ocr-playground-download-20260821T150708Z/Philips-VP415-Service-Manual-hires-300-part3of5-pages073-092.pdf/pages/page-7/markdown.md,62,text,,
unsorted-source-material/ocr-markdown-service-manual/ocr-playground-download-20260821T150708Z/Philips-VP415-Service-Manual-hires-300-part3of5-pages073-092.pdf/pages/page-7/page-metadata.json,820,text,,
unsorted-source-material/ocr-markdown-service-manual/ocr-playground-download-20260821T150708Z/Philips-VP415-Service-Manual-hires-300-part3of5-pages073-092.pdf/pages/page-8/img-10.jpeg,68523,image,849,624
unsorted-source-material/ocr-markdown-service-manual/ocr-playground-download-20260821T150708Z/Philips-VP415-Service-Manual-hires-300-part3of5-pages073-092.pdf/pages/page-8/markdown.md,932,text,,
unsorted-source-material/ocr-markdown-service-manual/ocr-playground-download-20260821T150708Z/Philips-VP415-Service-Manual-hires-300-part3of5-pages073-092.pdf/pages/page-8/page-metadata.json,1664,text,,
unsorted-source-material/ocr-markdown-service-manual/ocr-playground-download-20260821T150708Z/Philips-VP415-Service-Manual-hires-300-part3of5-pages073-092.pdf/pages/page-9/img-11.jpeg,8533,image,341,152
unsorted-source-material/ocr-markdown-service-manual/ocr-playground-download-20260821T150708Z/Philips-VP415-Service-Manual-hires-300-part3of5-pages073-092.pdf/pages/page-9/img-12.jpeg,3873,image,239,108
unsorted-source-material/ocr-markdown-service-manual/ocr-playground-download-20260821T150708Z/Philips-VP415-Service-Manual-hires-300-part3of5-pages073-092.pdf/pages/page-9/markdown.md,3581,text,,
unsorted-source-material/ocr-markdown-service-manual/ocr-playground-download-20260821T150708Z/Philips-VP415-Service-Manual-hires-300-part3of5-pages073-092.pdf/pages/page-9/page-metadata.json,11605,text,,
unsorted-source-material/ocr-markdown-service-manual/ocr-playground-download-20260821T150737Z/Philips-VP415-Service-Manual-hires-300-part4of5-pages093-139.pdf/markdown.md,88516,text,,
unsorted-source-material/ocr-markdown-service-manual/ocr-playground-download-20260821T150737Z/Philips-VP415-Service-Manual-hires-300-part4of5-pages093-139.pdf/pages/page-1/img-0.jpeg,75308,image,879,593
unsorted-source-material/ocr-markdown-service-manual/ocr-playground-download-20260821T150737Z/Philips-VP415-Service-Manual-hires-300-part4of5-pages093-139.pdf/pages/page-1/markdown.md,247,text,,
unsorted-source-material/ocr-markdown-service-manual/ocr-playground-download-20260821T150737Z/Philips-VP415-Service-Manual-hires-300-part4of5-pages093-139.pdf/pages/page-1/page-metadata.json,972,text,,
unsorted-source-material/ocr-markdown-service-manual/ocr-playground-download-20260821T150737Z/Philips-VP415-Service-Manual-hires-300-part4of5-pages093-139.pdf/pages/page-10/img-16.jpeg,80404,image,870,628
unsorted-source-material/ocr-markdown-service-manual/ocr-playground-download-20260821T150737Z/Philips-VP415-Service-Manual-hires-300-part4of5-pages093-139.pdf/pages/page-10/markdown.md,37,text,,
unsorted-source-material/ocr-markdown-service-manual/ocr-playground-download-20260821T150737Z/Philips-VP415-Service-Manual-hires-300-part4of5-pages093-139.pdf/pages/page-10/page-metadata.json,580,text,,
unsorted-source-material/ocr-markdown-service-manual/ocr-playground-download-20260821T150737Z/Philips-VP415-Service-Manual-hires-300-part4of5-pages093-139.pdf/pages/page-11/img-17.jpeg,41449,image,598,586
unsorted-source-material/ocr-markdown-service-manual/ocr-playground-download-20260821T150737Z/Philips-VP415-Service-Manual-hires-300-part4of5-pages093-139.pdf/pages/page-11/markdown.md,49,text,,
unsorted-source-material/ocr-markdown-service-manual/ocr-playground-download-20260821T150737Z/Philips-VP415-Service-Manual-hires-300-part4of5-pages093-139.pdf/pages/page-11/page-metadata.json,773,text,,
unsorted-source-material/ocr-markdown-service-manual/ocr-playground-download-20260821T150737Z/Philips-VP415-Service-Manual-hires-300-part4of5-pages093-139.pdf/pages/page-12/img-18.jpeg,23728,image,426,386
unsorted-source-material/ocr-markdown-service-manual/ocr-playground-download-20260821T150737Z/Philips-VP415-Service-Manual-hires-300-part4of5-pages093-139.pdf/pages/page-12/img-19.jpeg,35850,image,422,560
unsorted-source-material/ocr-markdown-service-manual/ocr-playground-download-20260821T150737Z/Philips-VP415-Service-Manual-hires-300-part4of5-pages093-139.pdf/pages/page-12/img-20.jpeg,8592,image,170,234
unsorted-source-material/ocr-markdown-service-manual/ocr-playground-download-20260821T150737Z/Philips-VP415-Service-Manual-hires-300-part4of5-pages093-139.pdf/pages/page-12/markdown.md,141,text,,
unsorted-source-material/ocr-markdown-service-manual/ocr-playground-download-20260821T150737Z/Philips-VP415-Service-Manual-hires-300-part4of5-pages093-139.pdf/pages/page-12/page-metadata.json,1859,text,,
unsorted-source-material/ocr-markdown-service-manual/ocr-playground-download-20260821T150737Z/Philips-VP415-Service-Manual-hires-300-part4of5-pages093-139.pdf/pages/page-13/img-21.jpeg,89450,image,878,609
unsorted-source-material/ocr-markdown-service-manual/ocr-playground-download-20260821T150737Z/Philips-VP415-Service-Manual-hires-300-part4of5-pages093-139.pdf/pages/page-13/markdown.md,49,text,,
unsorted-source-material/ocr-markdown-service-manual/ocr-playground-download-20260821T150737Z/Philips-VP415-Service-Manual-hires-300-part4of5-pages093-139.pdf/pages/page-13/page-metadata.json,772,text,,
unsorted-source-material/ocr-markdown-service-manual/ocr-playground-download-20260821T150737Z/Philips-VP415-Service-Manual-hires-300-part4of5-pages093-139.pdf/pages/page-14/markdown.md,24,text,,
unsorted-source-material/ocr-markdown-service-manual/ocr-playground-download-20260821T150737Z/Philips-VP415-Service-Manual-hires-300-part4of5-pages093-139.pdf/pages/page-14/page-metadata.json,538,text,,
unsorted-source-material/ocr-markdown-service-manual/ocr-playground-download-20260821T150737Z/Philips-VP415-Service-Manual-hires-300-part4of5-pages093-139.pdf/pages/page-15/img-22.jpeg,2147,image,91,71
unsorted-source-material/ocr-markdown-service-manual/ocr-playground-download-20260821T150737Z/Philips-VP415-Service-Manual-hires-300-part4of5-pages093-139.pdf/pages/page-15/img-23.jpeg,9564,image,352,181
unsorted-source-material/ocr-markdown-service-manual/ocr-playground-download-20260821T150737Z/Philips-VP415-Service-Manual-hires-300-part4of5-pages093-139.pdf/pages/page-15/markdown.md,549,text,,
unsorted-source-material/ocr-markdown-service-manual/ocr-playground-download-20260821T150737Z/Philips-VP415-Service-Manual-hires-300-part4of5-pages093-139.pdf/pages/page-15/page-metadata.json,3912,text,,
unsorted-source-material/ocr-markdown-service-manual/ocr-playground-download-20260821T150737Z/Philips-VP415-Service-Manual-hires-300-part4of5-pages093-139.pdf/pages/page-16/markdown.md,2675,text,,
unsorted-source-material/ocr-markdown-service-manual/ocr-playground-download-20260821T150737Z/Philips-VP415-Service-Manual-hires-300-part4of5-pages093-139.pdf/pages/page-16/page-metadata.json,7970,text,,
unsorted-source-material/ocr-markdown-service-manual/ocr-playground-download-20260821T150737Z/Philips-VP415-Service-Manual-hires-300-part4of5-pages093-139.pdf/pages/page-17/img-24.jpeg,5913,image,337,134
unsorted-source-material/ocr-markdown-service-manual/ocr-playground-download-20260821T150737Z/Philips-VP415-Service-Manual-hires-300-part4of5-pages093-139.pdf/pages/page-17/img-25.jpeg,21172,image,522,170
unsorted-source-material/ocr-markdown-service-manual/ocr-playground-download-20260821T150737Z/Philips-VP415-Service-Manual-hires-300-part4of5-pages093-139.pdf/pages/page-17/markdown.md,815,text,,
unsorted-source-material/ocr-markdown-service-manual/ocr-playground-download-20260821T150737Z/Philips-VP415-Service-Manual-hires-300-part4of5-pages093-139.pdf/pages/page-17/page-metadata.json,3978,text,,
unsorted-source-material/ocr-markdown-service-manual/ocr-playground-download-20260821T150737Z/Philips-VP415-Service-Manual-hires-300-part4of5-pages093-139.pdf/pages/page-18/img-26.jpeg,28928,image,427,695
unsorted-source-material/ocr-markdown-service-manual/ocr-playground-download-20260821T150737Z/Philips-VP415-Service-Manual-hires-300-part4of5-pages093-139.pdf/pages/page-18/markdown.md,224,text,,
unsorted-source-material/ocr-markdown-service-manual/ocr-playground-download-20260821T150737Z/Philips-VP415-Service-Manual-hires-300-part4of5-pages093-139.pdf/pages/page-18/page-metadata.json,1503,text,,
unsorted-source-material/ocr-markdown-service-manual/ocr-playground-download-20260821T150737Z/Philips-VP415-Service-Manual-hires-300-part4of5-pages093-139.pdf/pages/page-19/markdown.md,3741,text,,
unsorted-source-material/ocr-markdown-service-manual/ocr-playground-download-20260821T150737Z/Philips-VP415-Service-Manual-hires-300-part4of5-pages093-139.pdf/pages/page-19/page-metadata.json,5487,text,,
unsorted-source-material/ocr-markdown-service-manual/ocr-playground-download-20260821T150737Z/Philips-VP415-Service-Manual-hires-300-part4of5-pages093-139.pdf/pages/page-2/img-1.jpeg,96277,image,983,633
unsorted-source-material/ocr-markdown-service-manual/ocr-playground-download-20260821T150737Z/Philips-VP415-Service-Manual-hires-300-part4of5-pages093-139.pdf/pages/page-2/markdown.md,35,text,,
unsorted-source-material/ocr-markdown-service-manual/ocr-playground-download-20260821T150737Z/Philips-VP415-Service-Manual-hires-300-part4of5-pages093-139.pdf/pages/page-2/page-metadata.json,575,text,,
unsorted-source-material/ocr-markdown-service-manual/ocr-playground-download-20260821T150737Z/Philips-VP415-Service-Manual-hires-300-part4of5-pages093-139.pdf/pages/page-20/img-27.jpeg,7077,image,144,349
unsorted-source-material/ocr-markdown-service-manual/ocr-playground-download-20260821T150737Z/Philips-VP415-Service-Manual-hires-300-part4of5-pages093-139.pdf/pages/page-20/markdown.md,511,text,,
unsorted-source-material/ocr-markdown-service-manual/ocr-playground-download-20260821T150737Z/Philips-VP415-Service-Manual-hires-300-part4of5-pages093-139.pdf/pages/page-20/page-metadata.json,2713,text,,
unsorted-source-material/ocr-markdown-service-manual/ocr-playground-download-20260821T150737Z/Philips-VP415-Service-Manual-hires-300-part4of5-pages093-139.pdf/pages/page-21/img-28.jpeg,39323,image,527,827
unsorted-source-material/ocr-markdown-service-manual/ocr-playground-download-20260821T150737Z/Philips-VP415-Service-Manual-hires-300-part4of5-pages093-139.pdf/pages/page-21/markdown.md,59,text,,
unsorted-source-material/ocr-markdown-service-manual/ocr-playground-download-20260821T150737Z/Philips-VP415-Service-Manual-hires-300-part4of5-pages093-139.pdf/pages/page-21/page-metadata.json,972,text,,
unsorted-source-material/ocr-markdown-service-manual/ocr-playground-download-20260821T150737Z/Philips-VP415-Service-Manual-hires-300-part4of5-pages093-139.pdf/pages/page-22/img-29.jpeg,30614,image,533,653
unsorted-source-material/ocr-markdown-service-manual/ocr-playground-download-20260821T150737Z/Philips-VP415-Service-Manual-hires-300-part4of5-pages093-139.pdf/pages/page-22/markdown.md,55,text,,
unsorted-source-material/ocr-markdown-service-manual/ocr-playground-download-20260821T150737Z/Philips-VP415-Service-Manual-hires-300-part4of5-pages093-139.pdf/pages/page-22/page-metadata.json,783,text,,
unsorted-source-material/ocr-markdown-service-manual/ocr-playground-download-20260821T150737Z/Philips-VP415-Service-Manual-hires-300-part4of5-pages093-139.pdf/pages/page-23/img-30.jpeg,13715,image,261,481
unsorted-source-material/ocr-markdown-service-manual/ocr-playground-download-20260821T150737Z/Philips-VP415-Service-Manual-hires-300-part4of5-pages093-139.pdf/pages/page-23/markdown.md,418,text,,
unsorted-source-material/ocr-markdown-service-manual/ocr-playground-download-20260821T150737Z/Philips-VP415-Service-Manual-hires-300-part4of5-pages093-139.pdf/pages/page-23/page-metadata.json,3558,text,,
unsorted-source-material/ocr-markdown-service-manual/ocr-playground-download-20260821T150737Z/Philips-VP415-Service-Manual-hires-300-part4of5-pages093-139.pdf/pages/page-24/img-31.jpeg,15918,image,268,606
unsorted-source-material/ocr-markdown-service-manual/ocr-playground-download-20260821T150737Z/Philips-VP415-Service-Manual-hires-300-part4of5-pages093-139.pdf/pages/page-24/markdown.md,146,text,,
unsorted-source-material/ocr-markdown-service-manual/ocr-playground-download-20260821T150737Z/Philips-VP415-Service-Manual-hires-300-part4of5-pages093-139.pdf/pages/page-24/page-metadata.json,1433,text,,
unsorted-source-material/ocr-markdown-service-manual/ocr-playground-download-20260821T150737Z/Philips-VP415-Service-Manual-hires-300-part4of5-pages093-139.pdf/pages/page-25/img-32.jpeg,14660,image,277,489
unsorted-source-material/ocr-markdown-service-manual/ocr-playground-download-20260821T150737Z/Philips-VP415-Service-Manual-hires-300-part4of5-pages093-139.pdf/pages/page-25/img-33.jpeg,3558,image,182,139
unsorted-source-material/ocr-markdown-service-manual/ocr-playground-download-20260821T150737Z/Philips-VP415-Service-Manual-hires-300-part4of5-pages093-139.pdf/pages/page-25/markdown.md,197,text,,
unsorted-source-material/ocr-markdown-service-manual/ocr-playground-download-20260821T150737Z/Philips-VP415-Service-Manual-hires-300-part4of5-pages093-139.pdf/pages/page-25/page-metadata.json,2439,text,,
unsorted-source-material/ocr-markdown-service-manual/ocr-playground-download-20260821T150737Z/Philips-VP415-Service-Manual-hires-300-part4of5-pages093-139.pdf/pages/page-26/markdown.md,30,text,,
unsorted-source-material/ocr-markdown-service-manual/ocr-playground-download-20260821T150737Z/Philips-VP415-Service-Manual-hires-300-part4of5-pages093-139.pdf/pages/page-26/page-metadata.json,544,text,,
unsorted-source-material/ocr-markdown-service-manual/ocr-playground-download-20260821T150737Z/Philips-VP415-Service-Manual-hires-300-part4of5-pages093-139.pdf/pages/page-27/img-34.jpeg,29061,image,629,289
unsorted-source-material/ocr-markdown-service-manual/ocr-playground-download-20260821T150737Z/Philips-VP415-Service-Manual-hires-300-part4of5-pages093-139.pdf/pages/page-27/markdown.md,53,text,,
unsorted-source-material/ocr-markdown-service-manual/ocr-playground-download-20260821T150737Z/Philips-VP415-Service-Manual-hires-300-part4of5-pages093-139.pdf/pages/page-27/page-metadata.json,783,text,,
unsorted-source-material/ocr-markdown-service-manual/ocr-playground-download-20260821T150737Z/Philips-VP415-Service-Manual-hires-300-part4of5-pages093-139.pdf/pages/page-28/markdown.md,3546,text,,
unsorted-source-material/ocr-markdown-service-manual/ocr-playground-download-20260821T150737Z/Philips-VP415-Service-Manual-hires-300-part4of5-pages093-139.pdf/pages/page-28/page-metadata.json,5681,text,,
unsorted-source-material/ocr-markdown-service-manual/ocr-playground-download-20260821T150737Z/Philips-VP415-Service-Manual-hires-300-part4of5-pages093-139.pdf/pages/page-29/markdown.md,3095,text,,
unsorted-source-material/ocr-markdown-service-manual/ocr-playground-download-20260821T150737Z/Philips-VP415-Service-Manual-hires-300-part4of5-pages093-139.pdf/pages/page-29/page-metadata.json,7898,text,,
unsorted-source-material/ocr-markdown-service-manual/ocr-playground-download-20260821T150737Z/Philips-VP415-Service-Manual-hires-300-part4of5-pages093-139.pdf/pages/page-3/img-2.jpeg,58636,image,661,573
unsorted-source-material/ocr-markdown-service-manual/ocr-playground-download-20260821T150737Z/Philips-VP415-Service-Manual-hires-300-part4of5-pages093-139.pdf/pages/page-3/img-3.jpeg,3263,image,151,124
unsorted-source-material/ocr-markdown-service-manual/ocr-playground-download-20260821T150737Z/Philips-VP415-Service-Manual-hires-300-part4of5-pages093-139.pdf/pages/page-3/img-4.jpeg,8811,image,232,216
unsorted-source-material/ocr-markdown-service-manual/ocr-playground-download-20260821T150737Z/Philips-VP415-Service-Manual-hires-300-part4of5-pages093-139.pdf/pages/page-3/markdown.md,669,text,,
unsorted-source-material/ocr-markdown-service-manual/ocr-playground-download-20260821T150737Z/Philips-VP415-Service-Manual-hires-300-part4of5-pages093-139.pdf/pages/page-3/page-metadata.json,4099,text,,
unsorted-source-material/ocr-markdown-service-manual/ocr-playground-download-20260821T150737Z/Philips-VP415-Service-Manual-hires-300-part4of5-pages093-139.pdf/pages/page-30/markdown.md,4071,text,,
unsorted-source-material/ocr-markdown-service-manual/ocr-playground-download-20260821T150737Z/Philips-VP415-Service-Manual-hires-300-part4of5-pages093-139.pdf/pages/page-30/page-metadata.json,5849,text,,
unsorted-source-material/ocr-markdown-service-manual/ocr-playground-download-20260821T150737Z/Philips-VP415-Service-Manual-hires-300-part4of5-pages093-139.pdf/pages/page-31/markdown.md,3513,text,,
unsorted-source-material/ocr-markdown-service-manual/ocr-playground-download-20260821T150737Z/Philips-VP415-Service-Manual-hires-300-part4of5-pages093-139.pdf/pages/page-31/page-metadata.json,4735,text,,
unsorted-source-material/ocr-markdown-service-manual/ocr-playground-download-20260821T150737Z/Philips-VP415-Service-Manual-hires-300-part4of5-pages093-139.pdf/pages/page-32/markdown.md,4003,text,,
unsorted-source-material/ocr-markdown-service-manual/ocr-playground-download-20260821T150737Z/Philips-VP415-Service-Manual-hires-300-part4of5-pages093-139.pdf/pages/page-32/page-metadata.json,6206,text,,
unsorted-source-material/ocr-markdown-service-manual/ocr-playground-download-20260821T150737Z/Philips-VP415-Service-Manual-hires-300-part4of5-pages093-139.pdf/pages/page-33/img-35.jpeg,2082,image,91,68
unsorted-source-material/ocr-markdown-service-manual/ocr-playground-download-20260821T150737Z/Philips-VP415-Service-Manual-hires-300-part4of5-pages093-139.pdf/pages/page-33/img-36.jpeg,9505,image,351,178
unsorted-source-material/ocr-markdown-service-manual/ocr-playground-download-20260821T150737Z/Philips-VP415-Service-Manual-hires-300-part4of5-pages093-139.pdf/pages/page-33/markdown.md,1752,text,,
unsorted-source-material/ocr-markdown-service-manual/ocr-playground-download-20260821T150737Z/Philips-VP415-Service-Manual-hires-300-part4of5-pages093-139.pdf/pages/page-33/page-metadata.json,4052,text,,
unsorted-source-material/ocr-markdown-service-manual/ocr-playground-download-20260821T150737Z/Philips-VP415-Service-Manual-hires-300-part4of5-pages093-139.pdf/pages/page-34/img-37.jpeg,2857,image,155,66
unsorted-source-material/ocr-markdown-service-manual/ocr-playground-download-20260821T150737Z/Philips-VP415-Service-Manual-hires-300-part4of5-pages093-139.pdf/pages/page-34/img-38.jpeg,5166,image,286,58
unsorted-source-material/ocr-markdown-service-manual/ocr-playground-download-20260821T150737Z/Philips-VP415-Service-Manual-hires-300-part4of5-pages093-139.pdf/pages/page-34/img-39.jpeg,1454,image,134,40
unsorted-source-material/ocr-markdown-service-manual/ocr-playground-download-20260821T150737Z/Philips-VP415-Service-Manual-hires-300-part4of5-pages093-139.pdf/pages/page-34/img-40.jpeg,8935,image,204,227
unsorted-source-material/ocr-markdown-service-manual/ocr-playground-download-20260821T150737Z/Philips-VP415-Service-Manual-hires-300-part4of5-pages093-139.pdf/pages/page-34/img-41.jpeg,6042,image,259,143
unsorted-source-material/ocr-markdown-service-manual/ocr-playground-download-20260821T150737Z/Philips-VP415-Service-Manual-hires-300-part4of5-pages093-139.pdf/pages/page-34/markdown.md,4772,text,,
unsorted-source-material/ocr-markdown-service-manual/ocr-playground-download-20260821T150737Z/Philips-VP415-Service-Manual-hires-300-part4of5-pages093-139.pdf/pages/page-34/page-metadata.json,11370,text,,
unsorted-source-material/ocr-markdown-service-manual/ocr-playground-download-20260821T150737Z/Philips-VP415-Service-Manual-hires-300-part4of5-pages093-139.pdf/pages/page-35/img-42.jpeg,8810,image,230,126
unsorted-source-material/ocr-markdown-service-manual/ocr-playground-download-20260821T150737Z/Philips-VP415-Service-Manual-hires-300-part4of5-pages093-139.pdf/pages/page-35/img-43.jpeg,3483,image,229,70
unsorted-source-material/ocr-markdown-service-manual/ocr-playground-download-20260821T150737Z/Philips-VP415-Service-Manual-hires-300-part4of5-pages093-139.pdf/pages/page-35/img-44.jpeg,7935,image,312,194
unsorted-source-material/ocr-markdown-service-manual/ocr-playground-download-20260821T150737Z/Philips-VP415-Service-Manual-hires-300-part4of5-pages093-139.pdf/pages/page-35/markdown.md,4966,text,,
unsorted-source-material/ocr-markdown-service-manual/ocr-playground-download-20260821T150737Z/Philips-VP415-Service-Manual-hires-300-part4of5-pages093-139.pdf/pages/page-35/page-metadata.json,11851,text,,
unsorted-source-material/ocr-markdown-service-manual/ocr-playground-download-20260821T150737Z/Philips-VP415-Service-Manual-hires-300-part4of5-pages093-139.pdf/pages/page-36/img-45.jpeg,4782,image,174,123
unsorted-source-material/ocr-markdown-service-manual/ocr-playground-download-20260821T150737Z/Philips-VP415-Service-Manual-hires-300-part4of5-pages093-139.pdf/pages/page-36/img-46.jpeg,6860,image,249,128
unsorted-source-material/ocr-markdown-service-manual/ocr-playground-download-20260821T150737Z/Philips-VP415-Service-Manual-hires-300-part4of5-pages093-139.pdf/pages/page-36/markdown.md,4687,text,,
unsorted-source-material/ocr-markdown-service-manual/ocr-playground-download-20260821T150737Z/Philips-VP415-Service-Manual-hires-300-part4of5-pages093-139.pdf/pages/page-36/page-metadata.json,9884,text,,
unsorted-source-material/ocr-markdown-service-manual/ocr-playground-download-20260821T150737Z/Philips-VP415-Service-Manual-hires-300-part4of5-pages093-139.pdf/pages/page-37/img-47.jpeg,65852,image,589,609
unsorted-source-material/ocr-markdown-service-manual/ocr-playground-download-20260821T150737Z/Philips-VP415-Service-Manual-hires-300-part4of5-pages093-139.pdf/pages/page-37/markdown.md,62,text,,
unsorted-source-material/ocr-markdown-service-manual/ocr-playground-download-20260821T150737Z/Philips-VP415-Service-Manual-hires-300-part4of5-pages093-139.pdf/pages/page-37/page-metadata.json,975,text,,
unsorted-source-material/ocr-markdown-service-manual/ocr-playground-download-20260821T150737Z/Philips-VP415-Service-Manual-hires-300-part4of5-pages093-139.pdf/pages/page-38/img-48.jpeg,6017,image,176,259
unsorted-source-material/ocr-markdown-service-manual/ocr-playground-download-20260821T150737Z/Philips-VP415-Service-Manual-hires-300-part4of5-pages093-139.pdf/pages/page-38/img-49.jpeg,16038,image,288,273
unsorted-source-material/ocr-markdown-service-manual/ocr-playground-download-20260821T150737Z/Philips-VP415-Service-Manual-hires-300-part4of5-pages093-139.pdf/pages/page-38/markdown.md,2570,text,,
unsorted-source-material/ocr-markdown-service-manual/ocr-playground-download-20260821T150737Z/Philips-VP415-Service-Manual-hires-300-part4of5-pages093-139.pdf/pages/page-38/page-metadata.json,6100,text,,
unsorted-source-material/ocr-markdown-service-manual/ocr-playground-download-20260821T150737Z/Philips-VP415-Service-Manual-hires-300-part4of5-pages093-139.pdf/pages/page-39/img-50.jpeg,21842,image,578,358
unsorted-source-material/ocr-markdown-service-manual/ocr-playground-download-20260821T150737Z/Philips-VP415-Service-Manual-hires-300-part4of5-pages093-139.pdf/pages/page-39/img-51.jpeg,13853,image,471,278
unsorted-source-material/ocr-markdown-service-manual/ocr-playground-download-20260821T150737Z/Philips-VP415-Service-Manual-hires-300-part4of5-pages093-139.pdf/pages/page-39/markdown.md,1437,text,,
unsorted-source-material/ocr-markdown-service-manual/ocr-playground-download-20260821T150737Z/Philips-VP415-Service-Manual-hires-300-part4of5-pages093-139.pdf/pages/page-39/page-metadata.json,3671,text,,
unsorted-source-material/ocr-markdown-service-manual/ocr-playground-download-20260821T150737Z/Philips-VP415-Service-Manual-hires-300-part4of5-pages093-139.pdf/pages/page-4/img-5.jpeg,66142,image,611,419
unsorted-source-material/ocr-markdown-service-manual/ocr-playground-download-20260821T150737Z/Philips-VP415-Service-Manual-hires-300-part4of5-pages093-139.pdf/pages/page-4/img-6.jpeg,19395,image,233,417
unsorted-source-material/ocr-markdown-service-manual/ocr-playground-download-20260821T150737Z/Philips-VP415-Service-Manual-hires-300-part4of5-pages093-139.pdf/pages/page-4/markdown.md,4826,text,,
unsorted-source-material/ocr-markdown-service-manual/ocr-playground-download-20260821T150737Z/Philips-VP415-Service-Manual-hires-300-part4of5-pages093-139.pdf/pages/page-4/page-metadata.json,7058,text,,
unsorted-source-material/ocr-markdown-service-manual/ocr-playground-download-20260821T150737Z/Philips-VP415-Service-Manual-hires-300-part4of5-pages093-139.pdf/pages/page-40/markdown.md,7191,text,,
unsorted-source-material/ocr-markdown-service-manual/ocr-playground-download-20260821T150737Z/Philips-VP415-Service-Manual-hires-300-part4of5-pages093-139.pdf/pages/page-40/page-metadata.json,10485,text,,
unsorted-source-material/ocr-markdown-service-manual/ocr-playground-download-20260821T150737Z/Philips-VP415-Service-Manual-hires-300-part4of5-pages093-139.pdf/pages/page-41/img-52.jpeg,49132,image,855,346
unsorted-source-material/ocr-markdown-service-manual/ocr-playground-download-20260821T150737Z/Philips-VP415-Service-Manual-hires-300-part4of5-pages093-139.pdf/pages/page-41/markdown.md,74,text,,
unsorted-source-material/ocr-markdown-service-manual/ocr-playground-download-20260821T150737Z/Philips-VP415-Service-Manual-hires-300-part4of5-pages093-139.pdf/pages/page-41/page-metadata.json,992,text,,
unsorted-source-material/ocr-markdown-service-manual/ocr-playground-download-20260821T150737Z/Philips-VP415-Service-Manual-hires-300-part4of5-pages093-139.pdf/pages/page-42/img-53.jpeg,44127,image,854,601
unsorted-source-material/ocr-markdown-service-manual/ocr-playground-download-20260821T150737Z/Philips-VP415-Service-Manual-hires-300-part4of5-pages093-139.pdf/pages/page-42/markdown.md,79,text,,
unsorted-source-material/ocr-markdown-service-manual/ocr-playground-download-20260821T150737Z/Philips-VP415-Service-Manual-hires-300-part4of5-pages093-139.pdf/pages/page-42/page-metadata.json,994,text,,
unsorted-source-material/ocr-markdown-service-manual/ocr-playground-download-20260821T150737Z/Philips-VP415-Service-Manual-hires-300-part4of5-pages093-139.pdf/pages/page-43/img-54.jpeg,28120,image,293,647
unsorted-source-material/ocr-markdown-service-manual/ocr-playground-download-20260821T150737Z/Philips-VP415-Service-Manual-hires-300-part4of5-pages093-139.pdf/pages/page-43/img-55.jpeg,16172,image,290,427
unsorted-source-material/ocr-markdown-service-manual/ocr-playground-download-20260821T150737Z/Philips-VP415-Service-Manual-hires-300-part4of5-pages093-139.pdf/pages/page-43/markdown.md,84,text,,
unsorted-source-material/ocr-markdown-service-manual/ocr-playground-download-20260821T150737Z/Philips-VP415-Service-Manual-hires-300-part4of5-pages093-139.pdf/pages/page-43/page-metadata.json,844,text,,
unsorted-source-material/ocr-markdown-service-manual/ocr-playground-download-20260821T150737Z/Philips-VP415-Service-Manual-hires-300-part4of5-pages093-139.pdf/pages/page-44/markdown.md,9009,text,,
unsorted-source-material/ocr-markdown-service-manual/ocr-playground-download-20260821T150737Z/Philips-VP415-Service-Manual-hires-300-part4of5-pages093-139.pdf/pages/page-44/page-metadata.json,20618,text,,
unsorted-source-material/ocr-markdown-service-manual/ocr-playground-download-20260821T150737Z/Philips-VP415-Service-Manual-hires-300-part4of5-pages093-139.pdf/pages/page-45/img-56.jpeg,42166,image,692,438
unsorted-source-material/ocr-markdown-service-manual/ocr-playground-download-20260821T150737Z/Philips-VP415-Service-Manual-hires-300-part4of5-pages093-139.pdf/pages/page-45/markdown.md,71,text,,
unsorted-source-material/ocr-markdown-service-manual/ocr-playground-download-20260821T150737Z/Philips-VP415-Service-Manual-hires-300-part4of5-pages093-139.pdf/pages/page-45/page-metadata.json,984,text,,
unsorted-source-material/ocr-markdown-service-manual/ocr-playground-download-20260821T150737Z/Philips-VP415-Service-Manual-hires-300-part4of5-pages093-139.pdf/pages/page-46/markdown.md,4331,text,,
unsorted-source-material/ocr-markdown-service-manual/ocr-playground-download-20260821T150737Z/Philips-VP415-Service-Manual-hires-300-part4of5-pages093-139.pdf/pages/page-46/page-metadata.json,6884,text,,
unsorted-source-material/ocr-markdown-service-manual/ocr-playground-download-20260821T150737Z/Philips-VP415-Service-Manual-hires-300-part4of5-pages093-139.pdf/pages/page-47/img-57.jpeg,15644,image,565,232
unsorted-source-material/ocr-markdown-service-manual/ocr-playground-download-20260821T150737Z/Philips-VP415-Service-Manual-hires-300-part4of5-pages093-139.pdf/pages/page-47/markdown.md,2418,text,,
unsorted-source-material/ocr-markdown-service-manual/ocr-playground-download-20260821T150737Z/Philips-VP415-Service-Manual-hires-300-part4of5-pages093-139.pdf/pages/page-47/page-metadata.json,5368,text,,
unsorted-source-material/ocr-markdown-service-manual/ocr-playground-download-20260821T150737Z/Philips-VP415-Service-Manual-hires-300-part4of5-pages093-139.pdf/pages/page-5/img-7.jpeg,24136,image,223,417
unsorted-source-material/ocr-markdown-service-manual/ocr-playground-download-20260821T150737Z/Philips-VP415-Service-Manual-hires-300-part4of5-pages093-139.pdf/pages/page-5/img-8.jpeg,50480,image,612,417
unsorted-source-material/ocr-markdown-service-manual/ocr-playground-download-20260821T150737Z/Philips-VP415-Service-Manual-hires-300-part4of5-pages093-139.pdf/pages/page-5/markdown.md,5711,text,,
unsorted-source-material/ocr-markdown-service-manual/ocr-playground-download-20260821T150737Z/Philips-VP415-Service-Manual-hires-300-part4of5-pages093-139.pdf/pages/page-5/page-metadata.json,7728,text,,
unsorted-source-material/ocr-markdown-service-manual/ocr-playground-download-20260821T150737Z/Philips-VP415-Service-Manual-hires-300-part4of5-pages093-139.pdf/pages/page-6/img-9.jpeg,47561,image,593,414
unsorted-source-material/ocr-markdown-service-manual/ocr-playground-download-20260821T150737Z/Philips-VP415-Service-Manual-hires-300-part4of5-pages093-139.pdf/pages/page-6/markdown.md,4212,text,,
unsorted-source-material/ocr-markdown-service-manual/ocr-playground-download-20260821T150737Z/Philips-VP415-Service-Manual-hires-300-part4of5-pages093-139.pdf/pages/page-6/page-metadata.json,7152,text,,
unsorted-source-material/ocr-markdown-service-manual/ocr-playground-download-20260821T150737Z/Philips-VP415-Service-Manual-hires-300-part4of5-pages093-139.pdf/pages/page-7/img-10.jpeg,77388,image,817,634
unsorted-source-material/ocr-markdown-service-manual/ocr-playground-download-20260821T150737Z/Philips-VP415-Service-Manual-hires-300-part4of5-pages093-139.pdf/pages/page-7/img-11.jpeg,9575,image,68,616
unsorted-source-material/ocr-markdown-service-manual/ocr-playground-download-20260821T150737Z/Philips-VP415-Service-Manual-hires-300-part4of5-pages093-139.pdf/pages/page-7/markdown.md,66,text,,
unsorted-source-material/ocr-markdown-service-manual/ocr-playground-download-20260821T150737Z/Philips-VP415-Service-Manual-hires-300-part4of5-pages093-139.pdf/pages/page-7/page-metadata.json,826,text,,
unsorted-source-material/ocr-markdown-service-manual/ocr-playground-download-20260821T150737Z/Philips-VP415-Service-Manual-hires-300-part4of5-pages093-139.pdf/pages/page-8/img-12.jpeg,8776,image,135,329
unsorted-source-material/ocr-markdown-service-manual/ocr-playground-download-20260821T150737Z/Philips-VP415-Service-Manual-hires-300-part4of5-pages093-139.pdf/pages/page-8/img-13.jpeg,12742,image,227,347
unsorted-source-material/ocr-markdown-service-manual/ocr-playground-download-20260821T150737Z/Philips-VP415-Service-Manual-hires-300-part4of5-pages093-139.pdf/pages/page-8/img-14.jpeg,12481,image,223,311
unsorted-source-material/ocr-markdown-service-manual/ocr-playground-download-20260821T150737Z/Philips-VP415-Service-Manual-hires-300-part4of5-pages093-139.pdf/pages/page-8/img-15.jpeg,26208,image,474,315
unsorted-source-material/ocr-markdown-service-manual/ocr-playground-download-20260821T150737Z/Philips-VP415-Service-Manual-hires-300-part4of5-pages093-139.pdf/pages/page-8/markdown.md,1069,text,,
unsorted-source-material/ocr-markdown-service-manual/ocr-playground-download-20260821T150737Z/Philips-VP415-Service-Manual-hires-300-part4of5-pages093-139.pdf/pages/page-8/page-metadata.json,6145,text,,
unsorted-source-material/ocr-markdown-service-manual/ocr-playground-download-20260821T150737Z/Philips-VP415-Service-Manual-hires-300-part4of5-pages093-139.pdf/pages/page-9/markdown.md,85,text,,
unsorted-source-material/ocr-markdown-service-manual/ocr-playground-download-20260821T150737Z/Philips-VP415-Service-Manual-hires-300-part4of5-pages093-139.pdf/pages/page-9/page-metadata.json,964,text,,
unsorted-source-material/ocr-markdown-service-manual/ocr-playground-download-20260821T150802Z/Philips-VP415-Service-Manual-hires-300-part5of5-pages140-197.pdf/markdown.md,132997,text,,
unsorted-source-material/ocr-markdown-service-manual/ocr-playground-download-20260821T150802Z/Philips-VP415-Service-Manual-hires-300-part5of5-pages140-197.pdf/pages/page-1/img-0.jpeg,13180,image,466,230
unsorted-source-material/ocr-markdown-service-manual/ocr-playground-download-20260821T150802Z/Philips-VP415-Service-Manual-hires-300-part5of5-pages140-197.pdf/pages/page-1/markdown.md,3061,text,,
unsorted-source-material/ocr-markdown-service-manual/ocr-playground-download-20260821T150802Z/Philips-VP415-Service-Manual-hires-300-part5of5-pages140-197.pdf/pages/page-1/page-metadata.json,6373,text,,
unsorted-source-material/ocr-markdown-service-manual/ocr-playground-download-20260821T150802Z/Philips-VP415-Service-Manual-hires-300-part5of5-pages140-197.pdf/pages/page-10/img-21.jpeg,11255,image,408,208
unsorted-source-material/ocr-markdown-service-manual/ocr-playground-download-20260821T150802Z/Philips-VP415-Service-Manual-hires-300-part5of5-pages140-197.pdf/pages/page-10/markdown.md,4940,text,,
unsorted-source-material/ocr-markdown-service-manual/ocr-playground-download-20260821T150802Z/Philips-VP415-Service-Manual-hires-300-part5of5-pages140-197.pdf/pages/page-10/page-metadata.json,8623,text,,
unsorted-source-material/ocr-markdown-service-manual/ocr-playground-download-20260821T150802Z/Philips-VP415-Service-Manual-hires-300-part5of5-pages140-197.pdf/pages/page-11/img-22.jpeg,4913,image,190,175
unsorted-source-material/ocr-markdown-service-manual/ocr-playground-download-20260821T150802Z/Philips-VP415-Service-Manual-hires-300-part5of5-pages140-197.pdf/pages/page-11/img-23.jpeg,11004,image,294,241
unsorted-source-material/ocr-markdown-service-manual/ocr-playground-download-20260821T150802Z/Philips-VP415-Service-Manual-hires-300-part5of5-pages140-197.pdf/pages/page-11/markdown.md,4296,text,,
unsorted-source-material/ocr-markdown-service-manual/ocr-playground-download-20260821T150802Z/Philips-VP415-Service-Manual-hires-300-part5of5-pages140-197.pdf/pages/page-11/page-metadata.json,7835,text,,
unsorted-source-material/ocr-markdown-service-manual/ocr-playground-download-20260821T150802Z/Philips-VP415-Service-Manual-hires-300-part5of5-pages140-197.pdf/pages/page-12/img-24.jpeg,3039,image,182,101
unsorted-source-material/ocr-markdown-service-manual/ocr-playground-download-20260821T150802Z/Philips-VP415-Service-Manual-hires-300-part5of5-pages140-197.pdf/pages/page-12/img-25.jpeg,9957,image,274,270
unsorted-source-material/ocr-markdown-service-manual/ocr-playground-download-20260821T150802Z/Philips-VP415-Service-Manual-hires-300-part5of5-pages140-197.pdf/pages/page-12/img-26.jpeg,16016,image,391,214
unsorted-source-material/ocr-markdown-service-manual/ocr-playground-download-20260821T150802Z/Philips-VP415-Service-Manual-hires-300-part5of5-pages140-197.pdf/pages/page-12/markdown.md,7346,text,,
unsorted-source-material/ocr-markdown-service-manual/ocr-playground-download-20260821T150802Z/Philips-VP415-Service-Manual-hires-300-part5of5-pages140-197.pdf/pages/page-12/page-metadata.json,19630,text,,
unsorted-source-material/ocr-markdown-service-manual/ocr-playground-download-20260821T150802Z/Philips-VP415-Service-Manual-hires-300-part5of5-pages140-197.pdf/pages/page-13/img-27.jpeg,15252,image,398,200
unsorted-source-material/ocr-markdown-service-manual/ocr-playground-download-20260821T150802Z/Philips-VP415-Service-Manual-hires-300-part5of5-pages140-197.pdf/pages/page-13/img-28.jpeg,4655,image,197,144
unsorted-source-material/ocr-markdown-service-manual/ocr-playground-download-20260821T150802Z/Philips-VP415-Service-Manual-hires-300-part5of5-pages140-197.pdf/pages/page-13/markdown.md,8024,text,,
unsorted-source-material/ocr-markdown-service-manual/ocr-playground-download-20260821T150802Z/Philips-VP415-Service-Manual-hires-300-part5of5-pages140-197.pdf/pages/page-13/page-metadata.json,15462,text,,
unsorted-source-material/ocr-markdown-service-manual/ocr-playground-download-20260821T150802Z/Philips-VP415-Service-Manual-hires-300-part5of5-pages140-197.pdf/pages/page-14/img-29.jpeg,12623,image,294,291
unsorted-source-material/ocr-markdown-service-manual/ocr-playground-download-20260821T150802Z/Philips-VP415-Service-Manual-hires-300-part5of5-pages140-197.pdf/pages/page-14/markdown.md,5794,text,,
unsorted-source-material/ocr-markdown-service-manual/ocr-playground-download-20260821T150802Z/Philips-VP415-Service-Manual-hires-300-part5of5-pages140-197.pdf/pages/page-14/page-metadata.json,11149,text,,
unsorted-source-material/ocr-markdown-service-manual/ocr-playground-download-20260821T150802Z/Philips-VP415-Service-Manual-hires-300-part5of5-pages140-197.pdf/pages/page-15/img-30.jpeg,10674,image,279,278
unsorted-source-material/ocr-markdown-service-manual/ocr-playground-download-20260821T150802Z/Philips-VP415-Service-Manual-hires-300-part5of5-pages140-197.pdf/pages/page-15/img-31.jpeg,23908,image,487,386
unsorted-source-material/ocr-markdown-service-manual/ocr-playground-download-20260821T150802Z/Philips-VP415-Service-Manual-hires-300-part5of5-pages140-197.pdf/pages/page-15/markdown.md,2922,text,,
unsorted-source-material/ocr-markdown-service-manual/ocr-playground-download-20260821T150802Z/Philips-VP415-Service-Manual-hires-300-part5of5-pages140-197.pdf/pages/page-15/page-metadata.json,6269,text,,
unsorted-source-material/ocr-markdown-service-manual/ocr-playground-download-20260821T150802Z/Philips-VP415-Service-Manual-hires-300-part5of5-pages140-197.pdf/pages/page-16/img-32.jpeg,12397,image,383,250
unsorted-source-material/ocr-markdown-service-manual/ocr-playground-download-20260821T150802Z/Philips-VP415-Service-Manual-hires-300-part5of5-pages140-197.pdf/pages/page-16/markdown.md,4917,text,,
unsorted-source-material/ocr-markdown-service-manual/ocr-playground-download-20260821T150802Z/Philips-VP415-Service-Manual-hires-300-part5of5-pages140-197.pdf/pages/page-16/page-metadata.json,9892,text,,
unsorted-source-material/ocr-markdown-service-manual/ocr-playground-download-20260821T150802Z/Philips-VP415-Service-Manual-hires-300-part5of5-pages140-197.pdf/pages/page-17/img-33.jpeg,7151,image,229,146
unsorted-source-material/ocr-markdown-service-manual/ocr-playground-download-20260821T150802Z/Philips-VP415-Service-Manual-hires-300-part5of5-pages140-197.pdf/pages/page-17/markdown.md,4218,text,,
unsorted-source-material/ocr-markdown-service-manual/ocr-playground-download-20260821T150802Z/Philips-VP415-Service-Manual-hires-300-part5of5-pages140-197.pdf/pages/page-17/page-metadata.json,12250,text,,
unsorted-source-material/ocr-markdown-service-manual/ocr-playground-download-20260821T150802Z/Philips-VP415-Service-Manual-hires-300-part5of5-pages140-197.pdf/pages/page-18/img-34.jpeg,27658,image,524,256
unsorted-source-material/ocr-markdown-service-manual/ocr-playground-download-20260821T150802Z/Philips-VP415-Service-Manual-hires-300-part5of5-pages140-197.pdf/pages/page-18/markdown.md,3000,text,,
unsorted-source-material/ocr-markdown-service-manual/ocr-playground-download-20260821T150802Z/Philips-VP415-Service-Manual-hires-300-part5of5-pages140-197.pdf/pages/page-18/page-metadata.json,9478,text,,
unsorted-source-material/ocr-markdown-service-manual/ocr-playground-download-20260821T150802Z/Philips-VP415-Service-Manual-hires-300-part5of5-pages140-197.pdf/pages/page-19/img-35.jpeg,27763,image,594,273
unsorted-source-material/ocr-markdown-service-manual/ocr-playground-download-20260821T150802Z/Philips-VP415-Service-Manual-hires-300-part5of5-pages140-197.pdf/pages/page-19/markdown.md,3223,text,,
unsorted-source-material/ocr-markdown-service-manual/ocr-playground-download-20260821T150802Z/Philips-VP415-Service-Manual-hires-300-part5of5-pages140-197.pdf/pages/page-19/page-metadata.json,8623,text,,
unsorted-source-material/ocr-markdown-service-manual/ocr-playground-download-20260821T150802Z/Philips-VP415-Service-Manual-hires-300-part5of5-pages140-197.pdf/pages/page-2/img-1.jpeg,13979,image,508,222
unsorted-source-material/ocr-markdown-service-manual/ocr-playground-download-20260821T150802Z/Philips-VP415-Service-Manual-hires-300-part5of5-pages140-197.pdf/pages/page-2/markdown.md,4859,text,,
unsorted-source-material/ocr-markdown-service-manual/ocr-playground-download-20260821T150802Z/Philips-VP415-Service-Manual-hires-300-part5of5-pages140-197.pdf/pages/page-2/page-metadata.json,8918,text,,
unsorted-source-material/ocr-markdown-service-manual/ocr-playground-download-20260821T150802Z/Philips-VP415-Service-Manual-hires-300-part5of5-pages140-197.pdf/pages/page-20/markdown.md,4295,text,,
unsorted-source-material/ocr-markdown-service-manual/ocr-playground-download-20260821T150802Z/Philips-VP415-Service-Manual-hires-300-part5of5-pages140-197.pdf/pages/page-20/page-metadata.json,12382,text,,
unsorted-source-material/ocr-markdown-service-manual/ocr-playground-download-20260821T150802Z/Philips-VP415-Service-Manual-hires-300-part5of5-pages140-197.pdf/pages/page-21/markdown.md,5015,text,,
unsorted-source-material/ocr-markdown-service-manual/ocr-playground-download-20260821T150802Z/Philips-VP415-Service-Manual-hires-300-part5of5-pages140-197.pdf/pages/page-21/page-metadata.json,13094,text,,
unsorted-source-material/ocr-markdown-service-manual/ocr-playground-download-20260821T150802Z/Philips-VP415-Service-Manual-hires-300-part5of5-pages140-197.pdf/pages/page-22/img-36.jpeg,8506,image,294,158
unsorted-source-material/ocr-markdown-service-manual/ocr-playground-download-20260821T150802Z/Philips-VP415-Service-Manual-hires-300-part5of5-pages140-197.pdf/pages/page-22/markdown.md,4110,text,,
unsorted-source-material/ocr-markdown-service-manual/ocr-playground-download-20260821T150802Z/Philips-VP415-Service-Manual-hires-300-part5of5-pages140-197.pdf/pages/page-22/page-metadata.json,11545,text,,
unsorted-source-material/ocr-markdown-service-manual/ocr-playground-download-20260821T150802Z/Philips-VP415-Service-Manual-hires-300-part5of5-pages140-197.pdf/pages/page-23/img-37.jpeg,10651,image,260,225
unsorted-source-material/ocr-markdown-service-manual/ocr-playground-download-20260821T150802Z/Philips-VP415-Service-Manual-hires-300-part5of5-pages140-197.pdf/pages/page-23/markdown.md,3974,text,,
unsorted-source-material/ocr-markdown-service-manual/ocr-playground-download-20260821T150802Z/Philips-VP415-Service-Manual-hires-300-part5of5-pages140-197.pdf/pages/page-23/page-metadata.json,10332,text,,
unsorted-source-material/ocr-markdown-service-manual/ocr-playground-download-20260821T150802Z/Philips-VP415-Service-Manual-hires-300-part5of5-pages140-197.pdf/pages/page-24/img-38.jpeg,25102,image,556,285
unsorted-source-material/ocr-markdown-service-manual/ocr-playground-download-20260821T150802Z/Philips-VP415-Service-Manual-hires-300-part5of5-pages140-197.pdf/pages/page-24/img-39.jpeg,7185,image,283,216
unsorted-source-material/ocr-markdown-service-manual/ocr-playground-download-20260821T150802Z/Philips-VP415-Service-Manual-hires-300-part5of5-pages140-197.pdf/pages/page-24/markdown.md,3396,text,,
unsorted-source-material/ocr-markdown-service-manual/ocr-playground-download-20260821T150802Z/Philips-VP415-Service-Manual-hires-300-part5of5-pages140-197.pdf/pages/page-24/page-metadata.json,8216,text,,
unsorted-source-material/ocr-markdown-service-manual/ocr-playground-download-20260821T150802Z/Philips-VP415-Service-Manual-hires-300-part5of5-pages140-197.pdf/pages/page-25/markdown.md,30,text,,
unsorted-source-material/ocr-markdown-service-manual/ocr-playground-download-20260821T150802Z/Philips-VP415-Service-Manual-hires-300-part5of5-pages140-197.pdf/pages/page-25/page-metadata.json,544,text,,
unsorted-source-material/ocr-markdown-service-manual/ocr-playground-download-20260821T150802Z/Philips-VP415-Service-Manual-hires-300-part5of5-pages140-197.pdf/pages/page-26/markdown.md,279,text,,
unsorted-source-material/ocr-markdown-service-manual/ocr-playground-download-20260821T150802Z/Philips-VP415-Service-Manual-hires-300-part5of5-pages140-197.pdf/pages/page-26/page-metadata.json,2089,text,,
unsorted-source-material/ocr-markdown-service-manual/ocr-playground-download-20260821T150802Z/Philips-VP415-Service-Manual-hires-300-part5of5-pages140-197.pdf/pages/page-27/img-40.jpeg,53143,image,628,645
unsorted-source-material/ocr-markdown-service-manual/ocr-playground-download-20260821T150802Z/Philips-VP415-Service-Manual-hires-300-part5of5-pages140-197.pdf/pages/page-27/markdown.md,62,text,,
unsorted-source-material/ocr-markdown-service-manual/ocr-playground-download-20260821T150802Z/Philips-VP415-Service-Manual-hires-300-part5of5-pages140-197.pdf/pages/page-27/page-metadata.json,786,text,,
unsorted-source-material/ocr-markdown-service-manual/ocr-playground-download-20260821T150802Z/Philips-VP415-Service-Manual-hires-300-part5of5-pages140-197.pdf/pages/page-28/markdown.md,2180,text,,
unsorted-source-material/ocr-markdown-service-manual/ocr-playground-download-20260821T150802Z/Philips-VP415-Service-Manual-hires-300-part5of5-pages140-197.pdf/pages/page-28/page-metadata.json,3339,text,,
unsorted-source-material/ocr-markdown-service-manual/ocr-playground-download-20260821T150802Z/Philips-VP415-Service-Manual-hires-300-part5of5-pages140-197.pdf/pages/page-29/markdown.md,1421,text,,
unsorted-source-material/ocr-markdown-service-manual/ocr-playground-download-20260821T150802Z/Philips-VP415-Service-Manual-hires-300-part5of5-pages140-197.pdf/pages/page-29/page-metadata.json,2352,text,,
unsorted-source-material/ocr-markdown-service-manual/ocr-playground-download-20260821T150802Z/Philips-VP415-Service-Manual-hires-300-part5of5-pages140-197.pdf/pages/page-3/img-2.jpeg,18508,image,511,272
unsorted-source-material/ocr-markdown-service-manual/ocr-playground-download-20260821T150802Z/Philips-VP415-Service-Manual-hires-300-part5of5-pages140-197.pdf/pages/page-3/markdown.md,3816,text,,
unsorted-source-material/ocr-markdown-service-manual/ocr-playground-download-20260821T150802Z/Philips-VP415-Service-Manual-hires-300-part5of5-pages140-197.pdf/pages/page-3/page-metadata.json,7862,text,,
unsorted-source-material/ocr-markdown-service-manual/ocr-playground-download-20260821T150802Z/Philips-VP415-Service-Manual-hires-300-part5of5-pages140-197.pdf/pages/page-30/markdown.md,447,text,,
unsorted-source-material/ocr-markdown-service-manual/ocr-playground-download-20260821T150802Z/Philips-VP415-Service-Manual-hires-300-part5of5-pages140-197.pdf/pages/page-30/page-metadata.json,1542,text,,
unsorted-source-material/ocr-markdown-service-manual/ocr-playground-download-20260821T150802Z/Philips-VP415-Service-Manual-hires-300-part5of5-pages140-197.pdf/pages/page-31/markdown.md,1013,text,,
unsorted-source-material/ocr-markdown-service-manual/ocr-playground-download-20260821T150802Z/Philips-VP415-Service-Manual-hires-300-part5of5-pages140-197.pdf/pages/page-31/page-metadata.json,1740,text,,
unsorted-source-material/ocr-markdown-service-manual/ocr-playground-download-20260821T150802Z/Philips-VP415-Service-Manual-hires-300-part5of5-pages140-197.pdf/pages/page-32/img-41.jpeg,5535,image,183,157
unsorted-source-material/ocr-markdown-service-manual/ocr-playground-download-20260821T150802Z/Philips-VP415-Service-Manual-hires-300-part5of5-pages140-197.pdf/pages/page-32/img-42.jpeg,10124,image,366,226
unsorted-source-material/ocr-markdown-service-manual/ocr-playground-download-20260821T150802Z/Philips-VP415-Service-Manual-hires-300-part5of5-pages140-197.pdf/pages/page-32/img-43.jpeg,9145,image,286,229
unsorted-source-material/ocr-markdown-service-manual/ocr-playground-download-20260821T150802Z/Philips-VP415-Service-Manual-hires-300-part5of5-pages140-197.pdf/pages/page-32/markdown.md,471,text,,
unsorted-source-material/ocr-markdown-service-manual/ocr-playground-download-20260821T150802Z/Philips-VP415-Service-Manual-hires-300-part5of5-pages140-197.pdf/pages/page-32/page-metadata.json,1849,text,,
unsorted-source-material/ocr-markdown-service-manual/ocr-playground-download-20260821T150802Z/Philips-VP415-Service-Manual-hires-300-part5of5-pages140-197.pdf/pages/page-33/markdown.md,682,text,,
unsorted-source-material/ocr-markdown-service-manual/ocr-playground-download-20260821T150802Z/Philips-VP415-Service-Manual-hires-300-part5of5-pages140-197.pdf/pages/page-33/page-metadata.json,1412,text,,
unsorted-source-material/ocr-markdown-service-manual/ocr-playground-download-20260821T150802Z/Philips-VP415-Service-Manual-hires-300-part5of5-pages140-197.pdf/pages/page-34/markdown.md,236,text,,
unsorted-source-material/ocr-markdown-service-manual/ocr-playground-download-20260821T150802Z/Philips-VP415-Service-Manual-hires-300-part5of5-pages140-197.pdf/pages/page-34/page-metadata.json,776,text,,
unsorted-source-material/ocr-markdown-service-manual/ocr-playground-download-20260821T150802Z/Philips-VP415-Service-Manual-hires-300-part5of5-pages140-197.pdf/pages/page-35/markdown.md,751,text,,
unsorted-source-material/ocr-markdown-service-manual/ocr-playground-download-20260821T150802Z/Philips-VP415-Service-Manual-hires-300-part5of5-pages140-197.pdf/pages/page-35/page-metadata.json,1479,text,,
unsorted-source-material/ocr-markdown-service-manual/ocr-playground-download-20260821T150802Z/Philips-VP415-Service-Manual-hires-300-part5of5-pages140-197.pdf/pages/page-36/markdown.md,503,text,,
unsorted-source-material/ocr-markdown-service-manual/ocr-playground-download-20260821T150802Z/Philips-VP415-Service-Manual-hires-300-part5of5-pages140-197.pdf/pages/page-36/page-metadata.json,1228,text,,
unsorted-source-material/ocr-markdown-service-manual/ocr-playground-download-20260821T150802Z/Philips-VP415-Service-Manual-hires-300-part5of5-pages140-197.pdf/pages/page-37/markdown.md,361,text,,
unsorted-source-material/ocr-markdown-service-manual/ocr-playground-download-20260821T150802Z/Philips-VP415-Service-Manual-hires-300-part5of5-pages140-197.pdf/pages/page-37/page-metadata.json,1088,text,,
unsorted-source-material/ocr-markdown-service-manual/ocr-playground-download-20260821T150802Z/Philips-VP415-Service-Manual-hires-300-part5of5-pages140-197.pdf/pages/page-38/markdown.md,264,text,,
unsorted-source-material/ocr-markdown-service-manual/ocr-playground-download-20260821T150802Z/Philips-VP415-Service-Manual-hires-300-part5of5-pages140-197.pdf/pages/page-38/page-metadata.json,989,text,,
unsorted-source-material/ocr-markdown-service-manual/ocr-playground-download-20260821T150802Z/Philips-VP415-Service-Manual-hires-300-part5of5-pages140-197.pdf/pages/page-39/markdown.md,346,text,,
unsorted-source-material/ocr-markdown-service-manual/ocr-playground-download-20260821T150802Z/Philips-VP415-Service-Manual-hires-300-part5of5-pages140-197.pdf/pages/page-39/page-metadata.json,1073,text,,
unsorted-source-material/ocr-markdown-service-manual/ocr-playground-download-20260821T150802Z/Philips-VP415-Service-Manual-hires-300-part5of5-pages140-197.pdf/pages/page-4/img-3.jpeg,5246,image,213,144
unsorted-source-material/ocr-markdown-service-manual/ocr-playground-download-20260821T150802Z/Philips-VP415-Service-Manual-hires-300-part5of5-pages140-197.pdf/pages/page-4/img-4.jpeg,22887,image,531,325
unsorted-source-material/ocr-markdown-service-manual/ocr-playground-download-20260821T150802Z/Philips-VP415-Service-Manual-hires-300-part5of5-pages140-197.pdf/pages/page-4/markdown.md,4645,text,,
unsorted-source-material/ocr-markdown-service-manual/ocr-playground-download-20260821T150802Z/Philips-VP415-Service-Manual-hires-300-part5of5-pages140-197.pdf/pages/page-4/page-metadata.json,14293,text,,
unsorted-source-material/ocr-markdown-service-manual/ocr-playground-download-20260821T150802Z/Philips-VP415-Service-Manual-hires-300-part5of5-pages140-197.pdf/pages/page-40/markdown.md,715,text,,
unsorted-source-material/ocr-markdown-service-manual/ocr-playground-download-20260821T150802Z/Philips-VP415-Service-Manual-hires-300-part5of5-pages140-197.pdf/pages/page-40/page-metadata.json,1445,text,,
unsorted-source-material/ocr-markdown-service-manual/ocr-playground-download-20260821T150802Z/Philips-VP415-Service-Manual-hires-300-part5of5-pages140-197.pdf/pages/page-41/markdown.md,940,text,,
unsorted-source-material/ocr-markdown-service-manual/ocr-playground-download-20260821T150802Z/Philips-VP415-Service-Manual-hires-300-part5of5-pages140-197.pdf/pages/page-41/page-metadata.json,1673,text,,
unsorted-source-material/ocr-markdown-service-manual/ocr-playground-download-20260821T150802Z/Philips-VP415-Service-Manual-hires-300-part5of5-pages140-197.pdf/pages/page-42/img-44.jpeg,11413,image,449,177
unsorted-source-material/ocr-markdown-service-manual/ocr-playground-download-20260821T150802Z/Philips-VP415-Service-Manual-hires-300-part5of5-pages140-197.pdf/pages/page-42/markdown.md,416,text,,
unsorted-source-material/ocr-markdown-service-manual/ocr-playground-download-20260821T150802Z/Philips-VP415-Service-Manual-hires-300-part5of5-pages140-197.pdf/pages/page-42/page-metadata.json,1358,text,,
unsorted-source-material/ocr-markdown-service-manual/ocr-playground-download-20260821T150802Z/Philips-VP415-Service-Manual-hires-300-part5of5-pages140-197.pdf/pages/page-43/markdown.md,616,text,,
unsorted-source-material/ocr-markdown-service-manual/ocr-playground-download-20260821T150802Z/Philips-VP415-Service-Manual-hires-300-part5of5-pages140-197.pdf/pages/page-43/page-metadata.json,1342,text,,
unsorted-source-material/ocr-markdown-service-manual/ocr-playground-download-20260821T150802Z/Philips-VP415-Service-Manual-hires-300-part5of5-pages140-197.pdf/pages/page-44/markdown.md,278,text,,
unsorted-source-material/ocr-markdown-service-manual/ocr-playground-download-20260821T150802Z/Philips-VP415-Service-Manual-hires-300-part5of5-pages140-197.pdf/pages/page-44/page-metadata.json,1003,text,,
unsorted-source-material/ocr-markdown-service-manual/ocr-playground-download-20260821T150802Z/Philips-VP415-Service-Manual-hires-300-part5of5-pages140-197.pdf/pages/page-45/markdown.md,511,text,,
unsorted-source-material/ocr-markdown-service-manual/ocr-playground-download-20260821T150802Z/Philips-VP415-Service-Manual-hires-300-part5of5-pages140-197.pdf/pages/page-45/page-metadata.json,1237,text,,
unsorted-source-material/ocr-markdown-service-manual/ocr-playground-download-20260821T150802Z/Philips-VP415-Service-Manual-hires-300-part5of5-pages140-197.pdf/pages/page-46/markdown.md,467,text,,
unsorted-source-material/ocr-markdown-service-manual/ocr-playground-download-20260821T150802Z/Philips-VP415-Service-Manual-hires-300-part5of5-pages140-197.pdf/pages/page-46/page-metadata.json,1194,text,,
unsorted-source-material/ocr-markdown-service-manual/ocr-playground-download-20260821T150802Z/Philips-VP415-Service-Manual-hires-300-part5of5-pages140-197.pdf/pages/page-47/markdown.md,725,text,,
unsorted-source-material/ocr-markdown-service-manual/ocr-playground-download-20260821T150802Z/Philips-VP415-Service-Manual-hires-300-part5of5-pages140-197.pdf/pages/page-47/page-metadata.json,1452,text,,
unsorted-source-material/ocr-markdown-service-manual/ocr-playground-download-20260821T150802Z/Philips-VP415-Service-Manual-hires-300-part5of5-pages140-197.pdf/pages/page-48/markdown.md,1371,text,,
unsorted-source-material/ocr-markdown-service-manual/ocr-playground-download-20260821T150802Z/Philips-VP415-Service-Manual-hires-300-part5of5-pages140-197.pdf/pages/page-48/page-metadata.json,2106,text,,
unsorted-source-material/ocr-markdown-service-manual/ocr-playground-download-20260821T150802Z/Philips-VP415-Service-Manual-hires-300-part5of5-pages140-197.pdf/pages/page-49/markdown.md,762,text,,
unsorted-source-material/ocr-markdown-service-manual/ocr-playground-download-20260821T150802Z/Philips-VP415-Service-Manual-hires-300-part5of5-pages140-197.pdf/pages/page-49/page-metadata.json,1859,text,,
unsorted-source-material/ocr-markdown-service-manual/ocr-playground-download-20260821T150802Z/Philips-VP415-Service-Manual-hires-300-part5of5-pages140-197.pdf/pages/page-5/img-5.jpeg,3953,image,168,162
unsorted-source-material/ocr-markdown-service-manual/ocr-playground-download-20260821T150802Z/Philips-VP415-Service-Manual-hires-300-part5of5-pages140-197.pdf/pages/page-5/img-6.jpeg,6506,image,250,194
unsorted-source-material/ocr-markdown-service-manual/ocr-playground-download-20260821T150802Z/Philips-VP415-Service-Manual-hires-300-part5of5-pages140-197.pdf/pages/page-5/img-7.jpeg,9493,image,285,221
unsorted-source-material/ocr-markdown-service-manual/ocr-playground-download-20260821T150802Z/Philips-VP415-Service-Manual-hires-300-part5of5-pages140-197.pdf/pages/page-5/markdown.md,6579,text,,
unsorted-source-material/ocr-markdown-service-manual/ocr-playground-download-20260821T150802Z/Philips-VP415-Service-Manual-hires-300-part5of5-pages140-197.pdf/pages/page-5/page-metadata.json,12743,text,,
unsorted-source-material/ocr-markdown-service-manual/ocr-playground-download-20260821T150802Z/Philips-VP415-Service-Manual-hires-300-part5of5-pages140-197.pdf/pages/page-50/markdown.md,992,text,,
unsorted-source-material/ocr-markdown-service-manual/ocr-playground-download-20260821T150802Z/Philips-VP415-Service-Manual-hires-300-part5of5-pages140-197.pdf/pages/page-50/page-metadata.json,1733,text,,
unsorted-source-material/ocr-markdown-service-manual/ocr-playground-download-20260821T150802Z/Philips-VP415-Service-Manual-hires-300-part5of5-pages140-197.pdf/pages/page-51/markdown.md,192,text,,
unsorted-source-material/ocr-markdown-service-manual/ocr-playground-download-20260821T150802Z/Philips-VP415-Service-Manual-hires-300-part5of5-pages140-197.pdf/pages/page-51/page-metadata.json,916,text,,
unsorted-source-material/ocr-markdown-service-manual/ocr-playground-download-20260821T150802Z/Philips-VP415-Service-Manual-hires-300-part5of5-pages140-197.pdf/pages/page-52/markdown.md,199,text,,
unsorted-source-material/ocr-markdown-service-manual/ocr-playground-download-20260821T150802Z/Philips-VP415-Service-Manual-hires-300-part5of5-pages140-197.pdf/pages/page-52/page-metadata.json,923,text,,
unsorted-source-material/ocr-markdown-service-manual/ocr-playground-download-20260821T150802Z/Philips-VP415-Service-Manual-hires-300-part5of5-pages140-197.pdf/pages/page-53/markdown.md,755,text,,
unsorted-source-material/ocr-markdown-service-manual/ocr-playground-download-20260821T150802Z/Philips-VP415-Service-Manual-hires-300-part5of5-pages140-197.pdf/pages/page-53/page-metadata.json,1857,text,,
unsorted-source-material/ocr-markdown-service-manual/ocr-playground-download-20260821T150802Z/Philips-VP415-Service-Manual-hires-300-part5of5-pages140-197.pdf/pages/page-54/markdown.md,540,text,,
unsorted-source-material/ocr-markdown-service-manual/ocr-playground-download-20260821T150802Z/Philips-VP415-Service-Manual-hires-300-part5of5-pages140-197.pdf/pages/page-54/page-metadata.json,2167,text,,
unsorted-source-material/ocr-markdown-service-manual/ocr-playground-download-20260821T150802Z/Philips-VP415-Service-Manual-hires-300-part5of5-pages140-197.pdf/pages/page-55/markdown.md,960,text,,
unsorted-source-material/ocr-markdown-service-manual/ocr-playground-download-20260821T150802Z/Philips-VP415-Service-Manual-hires-300-part5of5-pages140-197.pdf/pages/page-55/page-metadata.json,5176,text,,
unsorted-source-material/ocr-markdown-service-manual/ocr-playground-download-20260821T150802Z/Philips-VP415-Service-Manual-hires-300-part5of5-pages140-197.pdf/pages/page-56/markdown.md,474,text,,
unsorted-source-material/ocr-markdown-service-manual/ocr-playground-download-20260821T150802Z/Philips-VP415-Service-Manual-hires-300-part5of5-pages140-197.pdf/pages/page-56/page-metadata.json,2837,text,,
unsorted-source-material/ocr-markdown-service-manual/ocr-playground-download-20260821T150802Z/Philips-VP415-Service-Manual-hires-300-part5of5-pages140-197.pdf/pages/page-57/markdown.md,1132,text,,
unsorted-source-material/ocr-markdown-service-manual/ocr-playground-download-20260821T150802Z/Philips-VP415-Service-Manual-hires-300-part5of5-pages140-197.pdf/pages/page-57/page-metadata.json,4987,text,,
unsorted-source-material/ocr-markdown-service-manual/ocr-playground-download-20260821T150802Z/Philips-VP415-Service-Manual-hires-300-part5of5-pages140-197.pdf/pages/page-58/markdown.md,347,text,,
unsorted-source-material/ocr-markdown-service-manual/ocr-playground-download-20260821T150802Z/Philips-VP415-Service-Manual-hires-300-part5of5-pages140-197.pdf/pages/page-58/page-metadata.json,1608,text,,
unsorted-source-material/ocr-markdown-service-manual/ocr-playground-download-20260821T150802Z/Philips-VP415-Service-Manual-hires-300-part5of5-pages140-197.pdf/pages/page-6/img-8.jpeg,9505,image,415,184
unsorted-source-material/ocr-markdown-service-manual/ocr-playground-download-20260821T150802Z/Philips-VP415-Service-Manual-hires-300-part5of5-pages140-197.pdf/pages/page-6/img-9.jpeg,11649,image,386,215
unsorted-source-material/ocr-markdown-service-manual/ocr-playground-download-20260821T150802Z/Philips-VP415-Service-Manual-hires-300-part5of5-pages140-197.pdf/pages/page-6/markdown.md,3377,text,,
unsorted-source-material/ocr-markdown-service-manual/ocr-playground-download-20260821T150802Z/Philips-VP415-Service-Manual-hires-300-part5of5-pages140-197.pdf/pages/page-6/page-metadata.json,7280,text,,
unsorted-source-material/ocr-markdown-service-manual/ocr-playground-download-20260821T150802Z/Philips-VP415-Service-Manual-hires-300-part5of5-pages140-197.pdf/pages/page-7/img-10.jpeg,2869,image,140,130
unsorted-source-material/ocr-markdown-service-manual/ocr-playground-download-20260821T150802Z/Philips-VP415-Service-Manual-hires-300-part5of5-pages140-197.pdf/pages/page-7/img-11.jpeg,5817,image,157,282
unsorted-source-material/ocr-markdown-service-manual/ocr-playground-download-20260821T150802Z/Philips-VP415-Service-Manual-hires-300-part5of5-pages140-197.pdf/pages/page-7/markdown.md,5003,text,,
unsorted-source-material/ocr-markdown-service-manual/ocr-playground-download-20260821T150802Z/Philips-VP415-Service-Manual-hires-300-part5of5-pages140-197.pdf/pages/page-7/page-metadata.json,9819,text,,
unsorted-source-material/ocr-markdown-service-manual/ocr-playground-download-20260821T150802Z/Philips-VP415-Service-Manual-hires-300-part5of5-pages140-197.pdf/pages/page-8/img-12.jpeg,3574,image,110,159
unsorted-source-material/ocr-markdown-service-manual/ocr-playground-download-20260821T150802Z/Philips-VP415-Service-Manual-hires-300-part5of5-pages140-197.pdf/pages/page-8/img-13.jpeg,3201,image,116,154
unsorted-source-material/ocr-markdown-service-manual/ocr-playground-download-20260821T150802Z/Philips-VP415-Service-Manual-hires-300-part5of5-pages140-197.pdf/pages/page-8/img-14.jpeg,10434,image,399,212
unsorted-source-material/ocr-markdown-service-manual/ocr-playground-download-20260821T150802Z/Philips-VP415-Service-Manual-hires-300-part5of5-pages140-197.pdf/pages/page-8/img-15.jpeg,9001,image,314,191
unsorted-source-material/ocr-markdown-service-manual/ocr-playground-download-20260821T150802Z/Philips-VP415-Service-Manual-hires-300-part5of5-pages140-197.pdf/pages/page-8/img-16.jpeg,3166,image,133,128
unsorted-source-material/ocr-markdown-service-manual/ocr-playground-download-20260821T150802Z/Philips-VP415-Service-Manual-hires-300-part5of5-pages140-197.pdf/pages/page-8/img-17.jpeg,21216,image,561,255
unsorted-source-material/ocr-markdown-service-manual/ocr-playground-download-20260821T150802Z/Philips-VP415-Service-Manual-hires-300-part5of5-pages140-197.pdf/pages/page-8/markdown.md,4408,text,,
unsorted-source-material/ocr-markdown-service-manual/ocr-playground-download-20260821T150802Z/Philips-VP415-Service-Manual-hires-300-part5of5-pages140-197.pdf/pages/page-8/page-metadata.json,9012,text,,
unsorted-source-material/ocr-markdown-service-manual/ocr-playground-download-20260821T150802Z/Philips-VP415-Service-Manual-hires-300-part5of5-pages140-197.pdf/pages/page-9/img-18.jpeg,7554,image,254,199
unsorted-source-material/ocr-markdown-service-manual/ocr-playground-download-20260821T150802Z/Philips-VP415-Service-Manual-hires-300-part5of5-pages140-197.pdf/pages/page-9/img-19.jpeg,3813,image,151,163
unsorted-source-material/ocr-markdown-service-manual/ocr-playground-download-20260821T150802Z/Philips-VP415-Service-Manual-hires-300-part5of5-pages140-197.pdf/pages/page-9/img-20.jpeg,3852,image,179,114
unsorted-source-material/ocr-markdown-service-manual/ocr-playground-download-20260821T150802Z/Philips-VP415-Service-Manual-hires-300-part5of5-pages140-197.pdf/pages/page-9/markdown.md,6227,text,,
unsorted-source-material/ocr-markdown-service-manual/ocr-playground-download-20260821T150802Z/Philips-VP415-Service-Manual-hires-300-part5of5-pages140-197.pdf/pages/page-9/page-metadata.json,11083,text,,
unsorted-source-material/pdfs/Philips VP415 Operating Instructions - uncompressed.pdf,20827390,pdf,,
unsorted-source-material/pdfs/Philips VP415 Operating Instructions.pdf,1720067,pdf,,
unsorted-source-material/title picture.jpg,260018,image,1266,1199
unsorted-source-material/vp415 manual/image1 (2).jpg,1050923,image,3500,4956
unsorted-source-material/vp415 manual/image10 (2).jpg,1170068,image,3500,4956
unsorted-source-material/vp415 manual/image11 (2).jpg,1356874,image,3500,4956
unsorted-source-material/vp415 manual/image12 (2).jpg,1167656,image,3500,4956
unsorted-source-material/vp415 manual/image13 (2).jpg,1643525,image,3500,4956
unsorted-source-material/vp415 manual/image14 (2).jpg,1910974,image,3500,4956
unsorted-source-material/vp415 manual/image15 (2).jpg,1062814,image,3500,4956
unsorted-source-material/vp415 manual/image16 (2).jpg,1670757,image,3500,4956
unsorted-source-material/vp415 manual/image17 (2).jpg,2036460,image,3500,4956
unsorted-source-material/vp415 manual/image18 (2).jpg,1944125,image,3500,4956
unsorted-source-material/vp415 manual/image19 (2).jpg,1839723,image,3500,4956
unsorted-source-material/vp415 manual/image2 (2).jpg,1506916,image,3500,4956
unsorted-source-material/vp415 manual/image20 (2).jpg,2156869,image,3500,4956
unsorted-source-material/vp415 manual/image21 (2).jpg,2668458,image,3500,4956
unsorted-source-material/vp415 manual/image22 (2).jpg,1972517,image,3500,4956
unsorted-source-material/vp415 manual/image23 (2).jpg,2014684,image,3500,4956
unsorted-source-material/vp415 manual/image24 (2).jpg,1931700,image,3500,4956
unsorted-source-material/vp415 manual/image25.jpg,2013552,image,3500,4956
unsorted-source-material/vp415 manual/image26.jpg,1463979,image,3500,4956
unsorted-source-material/vp415 manual/image27.jpg,1569638,image,3500,4956
unsorted-source-material/vp415 manual/image3 (2).jpg,2060851,image,3500,4956
unsorted-source-material/vp415 manual/image4 (2).jpg,2394519,image,3500,4956
unsorted-source-material/vp415 manual/image5 (2).jpg,1569746,image,3500,4956
unsorted-source-material/vp415 manual/image6 (2).jpg,1944064,image,3500,4956
unsorted-source-material/vp415 manual/image7 (2).jpg,1976501,image,3500,4956
unsorted-source-material/vp415 manual/image8 (2).jpg,2573905,image,3500,4956
unsorted-source-material/vp415 manual/image9 (2).jpg,1978482,image,3500,4956
unsorted-source-material/vp415 service manual/A4 trifold/vp415-colour300dpi-fixed_Page_021_022.webp,4433766,image,6989,3513
unsorted-source-material/vp415 service manual/A4 trifold/vp415-colour300dpi-fixed_Page_030_031.webp,3003612,image,6983,3514
unsorted-source-material/vp415 service manual/A4 trifold/vp415-colour300dpi-fixed_Page_035_036.webp,7391412,image,7025,3569
unsorted-source-material/vp415 service manual/A4 trifold/vp415-colour300dpi-fixed_Page_039_040.webp,4234188,image,7014,3516
unsorted-source-material/vp415 service manual/A4 trifold/vp415-colour300dpi-fixed_Page_061_062.webp,7146490,image,7766,3519
unsorted-source-material/vp415 service manual/A4 trifold/vp415-colour300dpi-fixed_Page_063_064.webp,8291738,image,7750,3540
unsorted-source-material/vp415 service manual/A4 trifold/vp415-colour300dpi-fixed_Page_065_066.webp,7553572,image,6978,3518
unsorted-source-material/vp415 service manual/A4 trifold/vp415-colour300dpi-fixed_Page_067_068.webp,5792606,image,6979,3511
unsorted-source-material/vp415 service manual/A4 trifold/vp415-colour300dpi-fixed_Page_069_070.webp,8191096,image,6993,3515
unsorted-source-material/vp415 service manual/A4 trifold/vp415-colour300dpi-fixed_Page_071_072.webp,7349104,image,6984,3513
unsorted-source-material/vp415 service manual/A4 trifold/vp415-colour300dpi-fixed_Page_075_076.webp,15771298,image,6980,3517
unsorted-source-material/vp415 service manual/A4 trifold/vp415-colour300dpi-fixed_Page_077_078.webp,15478854,image,6986,3515
unsorted-source-material/vp415 service manual/A4 trifold/vp415-colour300dpi-fixed_Page_085_086.webp,5934608,image,6979,3512
unsorted-source-material/vp415 service manual/A4 trifold/vp415-colour300dpi-fixed_Page_087_088.webp,6501212,image,6987,3522
unsorted-source-material/vp415 service manual/A4 trifold/vp415-colour300dpi-fixed_Page_091_092.webp,8698626,image,6972,3511
unsorted-source-material/vp415 service manual/A4 trifold/vp415-colour300dpi-fixed_Page_094_095.webp,4639824,image,7006,3521
unsorted-source-material/vp415 service manual/A4 trifold/vp415-colour300dpi-fixed_Page_096_097.webp,10892136,image,6984,3510
unsorted-source-material/vp415 service manual/Original PNG/vp415-colour300dpi-fixed_Page_001.webp,5132790,image,2482,3510
unsorted-source-material/vp415 service manual/Original PNG/vp415-colour300dpi-fixed_Page_002.webp,2116218,image,2482,3510
unsorted-source-material/vp415 service manual/Original PNG/vp415-colour300dpi-fixed_Page_003.webp,1710896,image,2482,3510
unsorted-source-material/vp415 service manual/Original PNG/vp415-colour300dpi-fixed_Page_004.webp,2246584,image,2482,3510
unsorted-source-material/vp415 service manual/Original PNG/vp415-colour300dpi-fixed_Page_005.webp,2165392,image,2482,3510
unsorted-source-material/vp415 service manual/Original PNG/vp415-colour300dpi-fixed_Page_006.webp,2100530,image,2482,3510
unsorted-source-material/vp415 service manual/Original PNG/vp415-colour300dpi-fixed_Page_007.webp,1666864,image,2482,3510
unsorted-source-material/vp415 service manual/Original PNG/vp415-colour300dpi-fixed_Page_008.webp,3337576,image,2482,3510
unsorted-source-material/vp415 service manual/Original PNG/vp415-colour300dpi-fixed_Page_009.webp,1396830,image,2482,3510
unsorted-source-material/vp415 service manual/Original PNG/vp415-colour300dpi-fixed_Page_010.webp,1838406,image,2482,3510
unsorted-source-material/vp415 service manual/Original PNG/vp415-colour300dpi-fixed_Page_011.webp,1567510,image,2482,3510
unsorted-source-material/vp415 service manual/Original PNG/vp415-colour300dpi-fixed_Page_012.webp,3950440,image,4964,3510
unsorted-source-material/vp415 service manual/Original PNG/vp415-colour300dpi-fixed_Page_013.webp,4075318,image,4964,3510
unsorted-source-material/vp415 service manual/Original PNG/vp415-colour300dpi-fixed_Page_014.webp,2038102,image,2482,3510
unsorted-source-material/vp415 service manual/Original PNG/vp415-colour300dpi-fixed_Page_015.webp,2329056,image,2482,3510
unsorted-source-material/vp415 service manual/Original PNG/vp415-colour300dpi-fixed_Page_016.webp,6043134,image,4964,3510
unsorted-source-material/vp415 service manual/Original PNG/vp415-colour300dpi-fixed_Page_017.webp,1906626,image,4964,3510
unsorted-source-material/vp415 service manual/Original PNG/vp415-colour300dpi-fixed_Page_018.webp,1607202,image,2482,3510
unsorted-source-material/vp415 service manual/Original PNG/vp415-colour300dpi-fixed_Page_019.webp,2283096,image,4964,3510
unsorted-source-material/vp415 service manual/Original PNG/vp415-colour300dpi-fixed_Page_020.webp,7527420,image,4964,3510
unsorted-source-material/vp415 service manual/Original PNG/vp415-colour300dpi-fixed_Page_021.webp,2238548,image,4964,3510
unsorted-source-material/vp415 service manual/Original PNG/vp415-colour300dpi-fixed_Page_022.webp,3865356,image,4964,3510
unsorted-source-material/vp415 service manual/Original PNG/vp415-colour300dpi-fixed_Page_023.webp,460166,image,4964,3510
unsorted-source-material/vp415 service manual/Original PNG/vp415-colour300dpi-fixed_Page_024.webp,1542772,image,4964,3510
unsorted-source-material/vp415 service manual/Original PNG/vp415-colour300dpi-fixed_Page_025.webp,2318450,image,4964,3510
unsorted-source-material/vp415 service manual/Original PNG/vp415-colour300dpi-fixed_Page_026.webp,1500106,image,4964,3510
unsorted-source-material/vp415 service manual/Original PNG/vp415-colour300dpi-fixed_Page_027.webp,875298,image,2482,3510
unsorted-source-material/vp415 service manual/Original PNG/vp415-colour300dpi-fixed_Page_028.webp,1568186,image,2482,3510
unsorted-source-material/vp415 service manual/Original PNG/vp415-colour300dpi-fixed_Page_029.webp,2213576,image,2482,3510
unsorted-source-material/vp415 service manual/Original PNG/vp415-colour300dpi-fixed_Page_030.webp,2419546,image,4964,3510
unsorted-source-material/vp415 service manual/Original PNG/vp415-colour300dpi-fixed_Page_031.webp,1890600,image,4964,3510
unsorted-source-material/vp415 service manual/Original PNG/vp415-colour300dpi-fixed_Page_032.webp,5329980,image,4964,3510
unsorted-source-material/vp415 service manual/Original PNG/vp415-colour300dpi-fixed_Page_033.webp,2479044,image,4964,3510
unsorted-source-material/vp415 service manual/Original PNG/vp415-colour300dpi-fixed_Page_034.webp,3879324,image,4964,3510
unsorted-source-material/vp415 service manual/Original PNG/vp415-colour300dpi-fixed_Page_035.webp,4249914,image,4964,3510
unsorted-source-material/vp415 service manual/Original PNG/vp415-colour300dpi-fixed_Page_036.webp,5654772,image,4964,3510
unsorted-source-material/vp415 service manual/Original PNG/vp415-colour300dpi-fixed_Page_037.webp,5473466,image,4964,3510
unsorted-source-material/vp415 service manual/Original PNG/vp415-colour300dpi-fixed_Page_038.webp,1972456,image,4964,3510
unsorted-source-material/vp415 service manual/Original PNG/vp415-colour300dpi-fixed_Page_039.webp,2374580,image,4964,3510
unsorted-source-material/vp415 service manual/Original PNG/vp415-colour300dpi-fixed_Page_040.webp,2901596,image,4964,3510
unsorted-source-material/vp415 service manual/Original PNG/vp415-colour300dpi-fixed_Page_041.webp,5161264,image,4964,3510
unsorted-source-material/vp415 service manual/Original PNG/vp415-colour300dpi-fixed_Page_042.webp,2967658,image,4964,3510
unsorted-source-material/vp415 service manual/Original PNG/vp415-colour300dpi-fixed_Page_043.webp,1399246,image,4964,3510
unsorted-source-material/vp415 service manual/Original PNG/vp415-colour300dpi-fixed_Page_044.webp,3310854,image,4964,3510
unsorted-source-material/vp415 service manual/Original PNG/vp415-colour300dpi-fixed_Page_045.webp,6120378,image,4964,3510
unsorted-source-material/vp415 service manual/Original PNG/vp415-colour300dpi-fixed_Page_046.webp,4243762,image,4964,3510
unsorted-source-material/vp415 service manual/Original PNG/vp415-colour300dpi-fixed_Page_047.webp,3280400,image,4964,3510
unsorted-source-material/vp415 service manual/Original PNG/vp415-colour300dpi-fixed_Page_048.webp,5211484,image,4964,3510
unsorted-source-material/vp415 service manual/Original PNG/vp415-colour300dpi-fixed_Page_049.webp,5799076,image,4964,3510
unsorted-source-material/vp415 service manual/Original PNG/vp415-colour300dpi-fixed_Page_050.webp,4883496,image,4964,3510
unsorted-source-material/vp415 service manual/Original PNG/vp415-colour300dpi-fixed_Page_051.webp,3098366,image,4964,3510
unsorted-source-material/vp415 service manual/Original PNG/vp415-colour300dpi-fixed_Page_052.webp,1394238,image,2482,3510
unsorted-source-material/vp415 service manual/Original PNG/vp415-colour300dpi-fixed_Page_053.webp,3587776,image,4964,3510
unsorted-source-material/vp415 service manual/Original PNG/vp415-colour300dpi-fixed_Page_054.webp,4322074,image,4964,3510
unsorted-source-material/vp415 service manual/Original PNG/vp415-colour300dpi-fixed_Page_055.webp,2008600,image,4964,3510
unsorted-source-material/vp415 service manual/Original PNG/vp415-colour300dpi-fixed_Page_056.webp,3996286,image,4964,3510
unsorted-source-material/vp415 service manual/Original PNG/vp415-colour300dpi-fixed_Page_057.webp,5082730,image,4964,3510
unsorted-source-material/vp415 service manual/Original PNG/vp415-colour300dpi-fixed_Page_058.webp,5547564,image,4964,3510
unsorted-source-material/vp415 service manual/Original PNG/vp415-colour300dpi-fixed_Page_059.webp,1759960,image,4964,3510
unsorted-source-material/vp415 service manual/Original PNG/vp415-colour300dpi-fixed_Page_060.webp,815422,image,2482,3510
unsorted-source-material/vp415 service manual/Original PNG/vp415-colour300dpi-fixed_Page_061.webp,4412150,image,4964,3510
unsorted-source-material/vp415 service manual/Original PNG/vp415-colour300dpi-fixed_Page_062.webp,3512202,image,4964,3510
unsorted-source-material/vp415 service manual/Original PNG/vp415-colour300dpi-fixed_Page_063.webp,4032482,image,4964,3510
unsorted-source-material/vp415 service manual/Original PNG/vp415-colour300dpi-fixed_Page_064.webp,6789832,image,4964,3510
unsorted-source-material/vp415 service manual/Original PNG/vp415-colour300dpi-fixed_Page_065.webp,5283344,image,4964,3510
unsorted-source-material/vp415 service manual/Original PNG/vp415-colour300dpi-fixed_Page_066.webp,5553146,image,4964,3510
unsorted-source-material/vp415 service manual/Original PNG/vp415-colour300dpi-fixed_Page_067.webp,4715186,image,4964,3510
unsorted-source-material/vp415 service manual/Original PNG/vp415-colour300dpi-fixed_Page_068.webp,3391580,image,4964,3510
unsorted-source-material/vp415 service manual/Original PNG/vp415-colour300dpi-fixed_Page_069.webp,5683802,image,4964,3510
unsorted-source-material/vp415 service manual/Original PNG/vp415-colour300dpi-fixed_Page_070.webp,6114788,image,4964,3510
unsorted-source-material/vp415 service manual/Original PNG/vp415-colour300dpi-fixed_Page_071.webp,4593740,image,4964,3510
unsorted-source-material/vp415 service manual/Original PNG/vp415-colour300dpi-fixed_Page_072.webp,6323556,image,4964,3510
unsorted-source-material/vp415 service manual/Original PNG/vp415-colour300dpi-fixed_Page_073.webp,2192466,image,4964,3510
unsorted-source-material/vp415 service manual/Original PNG/vp415-colour300dpi-fixed_Page_074.webp,3859928,image,4964,3510
unsorted-source-material/vp415 service manual/Original PNG/vp415-colour300dpi-fixed_Page_075.webp,10650228,image,4964,3510
unsorted-source-material/vp415 service manual/Original PNG/vp415-colour300dpi-fixed_Page_076.webp,11557608,image,4964,3510
unsorted-source-material/vp415 service manual/Original PNG/vp415-colour300dpi-fixed_Page_077.webp,11145190,image,4964,3510
unsorted-source-material/vp415 service manual/Original PNG/vp415-colour300dpi-fixed_Page_078.webp,10348286,image,4964,3510
unsorted-source-material/vp415 service manual/Original PNG/vp415-colour300dpi-fixed_Page_079.webp,2847436,image,4964,3510
unsorted-source-material/vp415 service manual/Original PNG/vp415-colour300dpi-fixed_Page_080.webp,4155890,image,4964,3510
unsorted-source-material/vp415 service manual/Original PNG/vp415-colour300dpi-fixed_Page_081.webp,2426118,image,2482,3510
unsorted-source-material/vp415 service manual/Original PNG/vp415-colour300dpi-fixed_Page_082.webp,8237102,image,4964,3510
unsorted-source-material/vp415 service manual/Original PNG/vp415-colour300dpi-fixed_Page_083.webp,1143342,image,2482,3510
unsorted-source-material/vp415 service manual/Original PNG/vp415-colour300dpi-fixed_Page_084.webp,11783668,image,4964,3510
unsorted-source-material/vp415 service manual/Original PNG/vp415-colour300dpi-fixed_Page_085.webp,4246722,image,4964,3510
unsorted-source-material/vp415 service manual/Original PNG/vp415-colour300dpi-fixed_Page_086.webp,3971118,image,4964,3510
unsorted-source-material/vp415 service manual/Original PNG/vp415-colour300dpi-fixed_Page_087.webp,4507938,image,4964,3510
unsorted-source-material/vp415 service manual/Original PNG/vp415-colour300dpi-fixed_Page_088.webp,4865766,image,4964,3510
unsorted-source-material/vp415 service manual/Original PNG/vp415-colour300dpi-fixed_Page_089.webp,9043802,image,4964,3510
unsorted-source-material/vp415 service manual/Original PNG/vp415-colour300dpi-fixed_Page_090.webp,6931712,image,4964,3510
unsorted-source-material/vp415 service manual/Original PNG/vp415-colour300dpi-fixed_Page_091.webp,6248042,image,4964,3510
unsorted-source-material/vp415 service manual/Original PNG/vp415-colour300dpi-fixed_Page_092.webp,5760328,image,4964,3510
unsorted-source-material/vp415 service manual/Original PNG/vp415-colour300dpi-fixed_Page_093.webp,1823964,image,4964,3510
unsorted-source-material/vp415 service manual/Original PNG/vp415-colour300dpi-fixed_Page_094.webp,2930166,image,4964,3510
unsorted-source-material/vp415 service manual/Original PNG/vp415-colour300dpi-fixed_Page_095.webp,3595052,image,4964,3510
unsorted-source-material/vp415 service manual/Original PNG/vp415-colour300dpi-fixed_Page_096.webp,7951900,image,4964,3510
unsorted-source-material/vp415 service manual/Original PNG/vp415-colour300dpi-fixed_Page_097.webp,6219692,image,4964,3510
unsorted-source-material/vp415 service manual/Original PNG/vp415-colour300dpi-fixed_Page_098.webp,3896990,image,4964,3510
unsorted-source-material/vp415 service manual/Original PNG/vp415-colour300dpi-fixed_Page_099.webp,3208156,image,4964,3510
unsorted-source-material/vp415 service manual/Original PNG/vp415-colour300dpi-fixed_Page_100.webp,5292354,image,4964,3510
unsorted-source-material/vp415 service manual/Original PNG/vp415-colour300dpi-fixed_Page_101.webp,898616,image,2482,3510
unsorted-source-material/vp415 service manual/Original PNG/vp415-colour300dpi-fixed_Page_102.webp,3122282,image,4964,3510
unsorted-source-material/vp415 service manual/Original PNG/vp415-colour300dpi-fixed_Page_103.webp,3498092,image,4964,3510
unsorted-source-material/vp415 service manual/Original PNG/vp415-colour300dpi-fixed_Page_104.webp,2635360,image,4964,3510
unsorted-source-material/vp415 service manual/Original PNG/vp415-colour300dpi-fixed_Page_105.webp,4447224,image,4964,3510
unsorted-source-material/vp415 service manual/Original PNG/vp415-colour300dpi-fixed_Page_106.webp,847374,image,2482,3510
unsorted-source-material/vp415 service manual/Original PNG/vp415-colour300dpi-fixed_Page_107.webp,2268118,image,2482,3510
unsorted-source-material/vp415 service manual/Original PNG/vp415-colour300dpi-fixed_Page_108.webp,2490750,image,2482,3510
unsorted-source-material/vp415 service manual/Original PNG/vp415-colour300dpi-fixed_Page_109.webp,1829110,image,2482,3510
unsorted-source-material/vp415 service manual/Original PNG/vp415-colour300dpi-fixed_Page_110.webp,829198,image,2482,3510
unsorted-source-material/vp415 service manual/Original PNG/vp415-colour300dpi-fixed_Page_111.webp,1754996,image,2482,3510
unsorted-source-material/vp415 service manual/Original PNG/vp415-colour300dpi-fixed_Page_112.webp,1312610,image,2482,3510
unsorted-source-material/vp415 service manual/Original PNG/vp415-colour300dpi-fixed_Page_113.webp,901356,image,2482,3510
unsorted-source-material/vp415 service manual/Original PNG/vp415-colour300dpi-fixed_Page_114.webp,658334,image,2482,3510
unsorted-source-material/vp415 service manual/Original PNG/vp415-colour300dpi-fixed_Page_115.webp,743068,image,2482,3510
unsorted-source-material/vp415 service manual/Original PNG/vp415-colour300dpi-fixed_Page_116.webp,966190,image,2482,3510
unsorted-source-material/vp415 service manual/Original PNG/vp415-colour300dpi-fixed_Page_117.webp,341352,image,2482,3510
unsorted-source-material/vp415 service manual/Original PNG/vp415-colour300dpi-fixed_Page_118.webp,847800,image,2482,3510
unsorted-source-material/vp415 service manual/Original PNG/vp415-colour300dpi-fixed_Page_119.webp,2163200,image,2482,3510
unsorted-source-material/vp415 service manual/Original PNG/vp415-colour300dpi-fixed_Page_120.webp,3424924,image,2482,3510
unsorted-source-material/vp415 service manual/Original PNG/vp415-colour300dpi-fixed_Page_121.webp,3257992,image,2482,3510
unsorted-source-material/vp415 service manual/Original PNG/vp415-colour300dpi-fixed_Page_122.webp,3275974,image,2482,3510
unsorted-source-material/vp415 service manual/Original PNG/vp415-colour300dpi-fixed_Page_123.webp,1885166,image,2482,3510
unsorted-source-material/vp415 service manual/Original PNG/vp415-colour300dpi-fixed_Page_124.webp,1922760,image,2482,3510
unsorted-source-material/vp415 service manual/Original PNG/vp415-colour300dpi-fixed_Page_125.webp,2178636,image,2482,3510
unsorted-source-material/vp415 service manual/Original PNG/vp415-colour300dpi-fixed_Page_126.webp,3289758,image,2482,3510
unsorted-source-material/vp415 service manual/Original PNG/vp415-colour300dpi-fixed_Page_127.webp,3452368,image,2482,3510
unsorted-source-material/vp415 service manual/Original PNG/vp415-colour300dpi-fixed_Page_128.webp,3059182,image,2482,3510
unsorted-source-material/vp415 service manual/Original PNG/vp415-colour300dpi-fixed_Page_129.webp,1586998,image,2482,3510
unsorted-source-material/vp415 service manual/Original PNG/vp415-colour300dpi-fixed_Page_130.webp,1883636,image,2482,3510
unsorted-source-material/vp415 service manual/Original PNG/vp415-colour300dpi-fixed_Page_131.webp,1373088,image,2482,3510
unsorted-source-material/vp415 service manual/Original PNG/vp415-colour300dpi-fixed_Page_132.webp,4290108,image,2482,3510
unsorted-source-material/vp415 service manual/Original PNG/vp415-colour300dpi-fixed_Page_133.webp,1306248,image,4964,3510
unsorted-source-material/vp415 service manual/Original PNG/vp415-colour300dpi-fixed_Page_134.webp,1036618,image,4964,3510
unsorted-source-material/vp415 service manual/Original PNG/vp415-colour300dpi-fixed_Page_135.webp,1286542,image,2482,3510
unsorted-source-material/vp415 service manual/Original PNG/vp415-colour300dpi-fixed_Page_136.webp,5959012,image,4964,3510
unsorted-source-material/vp415 service manual/Original PNG/vp415-colour300dpi-fixed_Page_137.webp,2519188,image,4964,3510
unsorted-source-material/vp415 service manual/Original PNG/vp415-colour300dpi-fixed_Page_138.webp,1901462,image,2482,3510
unsorted-source-material/vp415 service manual/Original PNG/vp415-colour300dpi-fixed_Page_139.webp,2246274,image,2482,3510
unsorted-source-material/vp415 service manual/Original PNG/vp415-colour300dpi-fixed_Page_140.webp,2007146,image,2482,3510
unsorted-source-material/vp415 service manual/Original PNG/vp415-colour300dpi-fixed_Page_141.webp,3125150,image,2482,3510
unsorted-source-material/vp415 service manual/Original PNG/vp415-colour300dpi-fixed_Page_142.webp,3652392,image,2482,3510
unsorted-source-material/vp415 service manual/Original PNG/vp415-colour300dpi-fixed_Page_143.webp,4720284,image,4964,3510
unsorted-source-material/vp415 service manual/Original PNG/vp415-colour300dpi-fixed_Page_144.webp,5007970,image,4964,3510
unsorted-source-material/vp415 service manual/Original PNG/vp415-colour300dpi-fixed_Page_145.webp,2257970,image,2482,3510
unsorted-source-material/vp415 service manual/Original PNG/vp415-colour300dpi-fixed_Page_146.webp,2537634,image,2482,3510
unsorted-source-material/vp415 service manual/Original PNG/vp415-colour300dpi-fixed_Page_147.webp,4656040,image,4964,3510
unsorted-source-material/vp415 service manual/Original PNG/vp415-colour300dpi-fixed_Page_148.webp,5804412,image,4964,3510
unsorted-source-material/vp415 service manual/Original PNG/vp415-colour300dpi-fixed_Page_149.webp,4175006,image,2482,3510
unsorted-source-material/vp415 service manual/Original PNG/vp415-colour300dpi-fixed_Page_150.webp,3149194,image,2482,3510
unsorted-source-material/vp415 service manual/Original PNG/vp415-colour300dpi-fixed_Page_151.webp,6604090,image,4964,3510
unsorted-source-material/vp415 service manual/Original PNG/vp415-colour300dpi-fixed_Page_152.webp,7176812,image,4964,3510
unsorted-source-material/vp415 service manual/Original PNG/vp415-colour300dpi-fixed_Page_153.webp,3203326,image,2482,3510
unsorted-source-material/vp415 service manual/Original PNG/vp415-colour300dpi-fixed_Page_154.webp,2810150,image,2482,3510
unsorted-source-material/vp415 service manual/Original PNG/vp415-colour300dpi-fixed_Page_155.webp,3822398,image,2482,3510
unsorted-source-material/vp415 service manual/Original PNG/vp415-colour300dpi-fixed_Page_156.webp,2547952,image,2482,3510
unsorted-source-material/vp415 service manual/Original PNG/vp415-colour300dpi-fixed_Page_157.webp,2265052,image,2482,3510
unsorted-source-material/vp415 service manual/Original PNG/vp415-colour300dpi-fixed_Page_158.webp,3200248,image,2482,3510
unsorted-source-material/vp415 service manual/Original PNG/vp415-colour300dpi-fixed_Page_159.webp,3826278,image,2482,3510
unsorted-source-material/vp415 service manual/Original PNG/vp415-colour300dpi-fixed_Page_160.webp,2501098,image,2482,3510
unsorted-source-material/vp415 service manual/Original PNG/vp415-colour300dpi-fixed_Page_161.webp,2340300,image,2482,3510
unsorted-source-material/vp415 service manual/Original PNG/vp415-colour300dpi-fixed_Page_162.webp,3213284,image,2482,3510
unsorted-source-material/vp415 service manual/Original PNG/vp415-colour300dpi-fixed_Page_163.webp,1662798,image,2482,3510
unsorted-source-material/vp415 service manual/Original PNG/vp415-colour300dpi-fixed_Page_164.webp,792356,image,2482,3510
unsorted-source-material/vp415 service manual/Original PNG/vp415-colour300dpi-fixed_Page_165.webp,1674108,image,2482,3510
unsorted-source-material/vp415 service manual/Original PNG/vp415-colour300dpi-fixed_Page_166.webp,2440512,image,2482,3510
unsorted-source-material/vp415 service manual/Original PNG/vp415-colour300dpi-fixed_Page_167.webp,2710872,image,2482,3510
unsorted-source-material/vp415 service manual/Original PNG/vp415-colour300dpi-fixed_Page_168.webp,2152008,image,2482,3510
unsorted-source-material/vp415 service manual/Original PNG/vp415-colour300dpi-fixed_Page_169.webp,503956,image,2482,3510
unsorted-source-material/vp415 service manual/Original PNG/vp415-colour300dpi-fixed_Page_170.webp,791068,image,2482,3510
unsorted-source-material/vp415 service manual/Original PNG/vp415-colour300dpi-fixed_Page_171.webp,666802,image,2482,3510
unsorted-source-material/vp415 service manual/Original PNG/vp415-colour300dpi-fixed_Page_172.webp,684264,image,2482,3510
unsorted-source-material/vp415 service manual/Original PNG/vp415-colour300dpi-fixed_Page_173.webp,222938,image,2482,3510
unsorted-source-material/vp415 service manual/Original PNG/vp415-colour300dpi-fixed_Page_174.webp,599048,image,2482,3510
unsorted-source-material/vp415 service manual/Original PNG/vp415-colour300dpi-fixed_Page_175.webp,396084,image,2482,3510
unsorted-source-material/vp415 service manual/Original PNG/vp415-colour300dpi-fixed_Page_176.webp,305264,image,2482,3510
unsorted-source-material/vp415 service manual/Original PNG/vp415-colour300dpi-fixed_Page_177.webp,248254,image,2482,3510
unsorted-source-material/vp415 service manual/Original PNG/vp415-colour300dpi-fixed_Page_178.webp,330504,image,2482,3510
unsorted-source-material/vp415 service manual/Original PNG/vp415-colour300dpi-fixed_Page_179.webp,708746,image,2482,3510
unsorted-source-material/vp415 service manual/Original PNG/vp415-colour300dpi-fixed_Page_180.webp,764542,image,2482,3510
unsorted-source-material/vp415 service manual/Original PNG/vp415-colour300dpi-fixed_Page_181.webp,524060,image,2482,3510
unsorted-source-material/vp415 service manual/Original PNG/vp415-colour300dpi-fixed_Page_182.webp,480734,image,2482,3510
unsorted-source-material/vp415 service manual/Original PNG/vp415-colour300dpi-fixed_Page_183.webp,237508,image,2482,3510
unsorted-source-material/vp415 service manual/Original PNG/vp415-colour300dpi-fixed_Page_184.webp,390276,image,2482,3510
unsorted-source-material/vp415 service manual/Original PNG/vp415-colour300dpi-fixed_Page_185.webp,422720,image,2482,3510
unsorted-source-material/vp415 service manual/Original PNG/vp415-colour300dpi-fixed_Page_186.webp,612346,image,2482,3510
unsorted-source-material/vp415 service manual/Original PNG/vp415-colour300dpi-fixed_Page_187.webp,878506,image,2482,3510
unsorted-source-material/vp415 service manual/Original PNG/vp415-colour300dpi-fixed_Page_188.webp,421050,image,2482,3510
unsorted-source-material/vp415 service manual/Original PNG/vp415-colour300dpi-fixed_Page_189.webp,503210,image,2482,3510
unsorted-source-material/vp415 service manual/Original PNG/vp415-colour300dpi-fixed_Page_190.webp,110840,image,2482,3510
unsorted-source-material/vp415 service manual/Original PNG/vp415-colour300dpi-fixed_Page_191.webp,115916,image,2482,3510
unsorted-source-material/vp415 service manual/Original PNG/vp415-colour300dpi-fixed_Page_192.webp,414840,image,2482,3510
unsorted-source-material/vp415 service manual/Original PNG/vp415-colour300dpi-fixed_Page_193.webp,330168,image,2482,3510
unsorted-source-material/vp415 service manual/Original PNG/vp415-colour300dpi-fixed_Page_194.webp,667140,image,2482,3510
unsorted-source-material/vp415 service manual/Original PNG/vp415-colour300dpi-fixed_Page_195.webp,320716,image,2482,3510
unsorted-source-material/vp415 service manual/Original PNG/vp415-colour300dpi-fixed_Page_196.webp,684136,image,2482,3510
unsorted-source-material/vp415 service manual/Original PNG/vp415-colour300dpi-fixed_Page_197.webp,254122,image,2482,3510
