path,bytes,width,height,disposition,dest_dir,dest_name,profile,notes
unsorted-source-material/Disassembly guide/PNG/Untitled-1.png,224644,1024,655,publish,docs/general-service/assets/originals,untitled-1.png,schematic,demounting / exploded view
unsorted-source-material/Disassembly guide/PNG/Untitled-2.png,359890,1024,939,publish,docs/general-service/assets/originals,untitled-2.png,schematic,demounting / exploded view
unsorted-source-material/Disassembly guide/PNG/Untitled-3.png,271245,1024,616,publish,docs/general-service/assets/originals,untitled-3.png,schematic,demounting / exploded view
unsorted-source-material/Disassembly guide/PNG/Untitled-4.png,114266,1024,1003,publish,docs/general-service/assets/originals,untitled-4.png,schematic,demounting / exploded view
unsorted-source-material/Disassembly guide/PNG/Untitled-5.png,406950,1024,1258,publish,docs/general-service/assets/originals,untitled-5.png,schematic,demounting / exploded view
unsorted-source-material/Disassembly guide/PNG/vp415-colour300dpi-fixed_Page_102.png,915227,2048,1477,publish,docs/general-service/assets/originals,vp415-colour300dpi-fixed-page-102.png,schematic,cropped 2048px derivative of a manual page - the crop is editorial work worth keeping (manifest §11.2)
unsorted-source-material/Disassembly guide/PNG/vp415-colour300dpi-fixed_Page_103.png,315703,2048,2038,publish,docs/general-service/assets/originals,vp415-colour300dpi-fixed-page-103.png,schematic,cropped 2048px derivative of a manual page - the crop is editorial work worth keeping (manifest §11.2)
unsorted-source-material/Disassembly guide/PNG/vp415-colour300dpi-fixed_Page_104.png,837231,2048,1518,publish,docs/general-service/assets/originals,vp415-colour300dpi-fixed-page-104.png,schematic,cropped 2048px derivative of a manual page - the crop is editorial work worth keeping (manifest §11.2)
unsorted-source-material/Disassembly guide/PNG/vp415-colour300dpi-fixed_Page_105.png,399973,2048,1436,publish,docs/general-service/assets/originals,vp415-colour300dpi-fixed-page-105.png,schematic,cropped 2048px derivative of a manual page - the crop is editorial work worth keeping (manifest §11.2)
unsorted-source-material/Disassembly guide/PNG/vp415-colour300dpi-fixed_Page_120.png,1175814,893,1956,publish,docs/general-service/assets/originals,vp415-colour300dpi-fixed-page-120.png,schematic,cropped 2048px derivative of a manual page - the crop is editorial work worth keeping (manifest §11.2)
unsorted-source-material/Disassembly guide/Philips-VP415-Back-panel annotated.jpg,141443,1024,410,publish,docs/general-service/assets/originals,philips-vp415-back-panel-annotated.jpg,photo,demounting / exploded view
unsorted-source-material/Disassembly guide/VP415 Cabinet exploded diagram.jpg,375723,2048,1477,publish,docs/general-service/assets/originals,vp415-cabinet-exploded-diagram.jpg,photo,demounting / exploded view
unsorted-source-material/Disassembly guide/VP415 Drive assembly exploded diagram.jpg,384726,2048,1436,publish,docs/general-service/assets/originals,vp415-drive-assembly-exploded-diagram.jpg,photo,demounting / exploded view
unsorted-source-material/Disassembly guide/VP415 Front-loader exploded diagram.jpg,315741,2048,1518,publish,docs/general-service/assets/originals,vp415-front-loader-exploded-diagram.jpg,photo,demounting / exploded view
unsorted-source-material/Disassembly guide/VP415 Push out tray manually.jpg,93034,1024,655,publish,docs/general-service/assets/originals,vp415-push-out-tray-manually.jpg,photo,demounting / exploded view
unsorted-source-material/Disassembly guide/VP415 Remove IO module U.jpg,114222,1024,1003,publish,docs/general-service/assets/originals,vp415-remove-io-module-u.jpg,photo,demounting / exploded view
unsorted-source-material/Disassembly guide/VP415 Remove optical deck.jpg,127595,1024,616,publish,docs/general-service/assets/originals,vp415-remove-optical-deck.jpg,photo,demounting / exploded view
unsorted-source-material/Disassembly guide/VP415 Remove sandwich.jpg,112419,1024,1258,publish,docs/general-service/assets/originals,vp415-remove-sandwich.jpg,photo,demounting / exploded view
unsorted-source-material/Disassembly guide/VP415 Sandwich exploded diagram.jpg,275545,2048,2038,publish,docs/general-service/assets/originals,vp415-sandwich-exploded-diagram.jpg,photo,demounting / exploded view
unsorted-source-material/Disassembly guide/VP415 Upper case and front-loader.jpg,161736,1024,939,publish,docs/general-service/assets/originals,vp415-upper-case-and-front-loader.jpg,photo,demounting / exploded view
unsorted-source-material/Microcontroller dumps/Complete/D8041AHC_NEC_VP410_Module_S_Control.hex,2893,,,download,docs/reference/assets/originals/firmware,Microcontroller dumps_Complete_D8041AHC_NEC_VP410_Module_S_Control.hex,none,"checksums in planning/firmware-checksums.csv; 28 files, 11 distinct images"
unsorted-source-material/Microcontroller dumps/Complete/D8041AHC_NEC_VP415_Module_S_Control.hex,2891,,,download,docs/reference/assets/originals/firmware,Microcontroller dumps_Complete_D8041AHC_NEC_VP415_Module_S_Control.hex,none,"checksums in planning/firmware-checksums.csv; 28 files, 11 distinct images"
unsorted-source-material/Microcontroller dumps/Complete/D8041AHC_NEC_VP415_Module_W_CPU.hex,2891,,,download,docs/reference/assets/originals/firmware,Microcontroller dumps_Complete_D8041AHC_NEC_VP415_Module_W_CPU.hex,none,"checksums in planning/firmware-checksums.csv; 28 files, 11 distinct images"
unsorted-source-material/Microcontroller dumps/Complete/VP410 Module S 8041 Slave CPU image.zip,1462,,,exclude,,,none,contents already present unpacked (manifest §11.1)
unsorted-source-material/Microcontroller dumps/Complete/VP415 Module S and W 8041 Slave CPU images.zip,3060,,,exclude,,,none,contents already present unpacked (manifest §11.1)
unsorted-source-material/Microcontroller dumps/D8041AHC_NEC.pdf,760346,,,download,docs/reference/assets/originals/datasheets,d8041ahc-nec.pdf,none,device datasheet
unsorted-source-material/Microcontroller dumps/D8041AHC_NEC_VP415_Module_S_Control 2.hex,2891,,,download,docs/reference/assets/originals/firmware,Microcontroller dumps_D8041AHC_NEC_VP415_Module_S_Control 2.hex,none,"checksums in planning/firmware-checksums.csv; 28 files, 11 distinct images"
unsorted-source-material/Microcontroller dumps/D8041AHC_NEC_VP415_Module_S_Control 3.hex,2891,,,download,docs/reference/assets/originals/firmware,Microcontroller dumps_D8041AHC_NEC_VP415_Module_S_Control 3.hex,none,"checksums in planning/firmware-checksums.csv; 28 files, 11 distinct images"
unsorted-source-material/Microcontroller dumps/D8041AHC_NEC_VP415_Module_S_Control.hex,8848,,,download,docs/reference/assets/originals/firmware,Microcontroller dumps_D8041AHC_NEC_VP415_Module_S_Control.hex,none,"checksums in planning/firmware-checksums.csv; 28 files, 11 distinct images"
unsorted-source-material/Microcontroller dumps/D8041AHC_NEC_VP415_Module_W_CPU 2.hex,2891,,,download,docs/reference/assets/originals/firmware,Microcontroller dumps_D8041AHC_NEC_VP415_Module_W_CPU 2.hex,none,"checksums in planning/firmware-checksums.csv; 28 files, 11 distinct images"
unsorted-source-material/Microcontroller dumps/D8041AHC_NEC_VP415_Module_W_CPU 3.hex,2891,,,download,docs/reference/assets/originals/firmware,Microcontroller dumps_D8041AHC_NEC_VP415_Module_W_CPU 3.hex,none,"checksums in planning/firmware-checksums.csv; 28 files, 11 distinct images"
unsorted-source-material/Microcontroller dumps/D8041AHC_NEC_VP415_Module_W_CPU.hex,8848,,,download,docs/reference/assets/originals/firmware,Microcontroller dumps_D8041AHC_NEC_VP415_Module_W_CPU.hex,none,"checksums in planning/firmware-checksums.csv; 28 files, 11 distinct images"
unsorted-source-material/Microcontroller dumps/D8741A.pdf,356573,,,download,docs/reference/assets/originals/datasheets,d8741a.pdf,none,device datasheet
unsorted-source-material/Module Z diagrams/Deck electronics potentiometer layout.png,36727,860,1168,publish,docs/reference/calibration/assets/originals,deck-electronics-potentiometer-layout.png,photo,annotated potentiometer photo
unsorted-source-material/Module Z diagrams/Deck electronics potentiometer layout.pptx,35002,,,publish,docs/reference/calibration/assets/originals,deck-electronics-potentiometer-layout.pptx,none,editable source (manifest §11.2)
unsorted-source-material/Module Z diagrams/Deck electronics potentiometers.png,5164962,1386,1540,publish,docs/reference/calibration/assets/originals,deck-electronics-potentiometers.png,photo,annotated potentiometer photo
unsorted-source-material/Module Z diagrams/Deck electronics potentiometers.pptx,2890124,,,publish,docs/reference/calibration/assets/originals,deck-electronics-potentiometers.pptx,none,editable source (manifest §11.2)
unsorted-source-material/Module Z diagrams/Module Z diagrams/Focus Gain.PNG,25922,572,832,publish,docs/reference/calibration/assets/originals,deck-focus-gain.png,scope-trace,deck electronics adjustment trace
unsorted-source-material/Module Z diagrams/Module Z diagrams/Focus Radial Ratio.PNG,26738,572,832,publish,docs/reference/calibration/assets/originals,deck-focus-radial-ratio.png,scope-trace,deck electronics adjustment trace
unsorted-source-material/Module Z diagrams/Module Z diagrams/HF Amplitude.PNG,25825,572,832,publish,docs/reference/calibration/assets/originals,deck-hf-amplitude.png,scope-trace,deck electronics adjustment trace
unsorted-source-material/Module Z diagrams/Module Z diagrams/Radial Balance.PNG,26479,572,832,publish,docs/reference/calibration/assets/originals,deck-radial-balance.png,scope-trace,deck electronics adjustment trace
unsorted-source-material/Module Z diagrams/Module Z diagrams/Radial Gain.PNG,26151,572,832,publish,docs/reference/calibration/assets/originals,deck-radial-gain.png,scope-trace,deck electronics adjustment trace
unsorted-source-material/Module Z diagrams/Module Z diagrams/Tilt Offset.PNG,25370,572,832,publish,docs/reference/calibration/assets/originals,deck-tilt-offset.png,scope-trace,deck electronics adjustment trace
unsorted-source-material/Module photos/Module Layout.jpg,952780,2362,2250,publish,docs/system/assets/originals,module-layout-annotated.jpg,photo,annotated overhead shot naming all 18 in-situ modules
unsorted-source-material/Module photos/Module Layout.pptx,2450240,,,publish,docs/system/assets/originals,module-layout-annotated.pptx,none,editable source of the annotations (manifest §11.2)
unsorted-source-material/Module photos/Module V diagram.jpg,386636,3138,3009,publish,docs/modules/v-module-carrier/assets/originals,module-carrier-diagram.jpg,photo,
unsorted-source-material/Module photos/Plug in modules/Module A - Audio Proc bottom.jpg,4185153,4792,1155,publish,docs/modules/a-audio-processor/assets/originals,a-audio-processor-bottom.jpg,module-photo,
unsorted-source-material/Module photos/Plug in modules/Module A - Audio Proc top.jpg,3642888,4705,1138,publish,docs/modules/a-audio-processor/assets/originals,a-audio-processor-top.jpg,module-photo,
unsorted-source-material/Module photos/Plug in modules/Module B - RGB bottom.jpg,3909909,4853,1148,publish,docs/modules/b-rgb/assets/originals,b-rgb-bottom.jpg,module-photo,
unsorted-source-material/Module photos/Plug in modules/Module B - RGB top.jpg,3727588,4752,1142,publish,docs/modules/b-rgb/assets/originals,b-rgb-top.jpg,module-photo,
unsorted-source-material/Module photos/Plug in modules/Module C - Video Proc bottom.jpg,3560323,4348,1131,publish,docs/modules/c-video-processor/assets/originals,c-video-processor-bottom.jpg,module-photo,
unsorted-source-material/Module photos/Plug in modules/Module C - Video Proc top.jpg,3330961,4238,1112,publish,docs/modules/c-video-processor/assets/originals,c-video-processor-top.jpg,module-photo,
unsorted-source-material/Module photos/Plug in modules/Module D - Ref Source bottom.jpg,4096344,4798,1132,publish,docs/modules/d-reference-source/assets/originals,d-reference-source-bottom.jpg,module-photo,
unsorted-source-material/Module photos/Plug in modules/Module D - Ref Source top.jpg,3589678,4693,1116,publish,docs/modules/d-reference-source/assets/originals,d-reference-source-top.jpg,module-photo,
unsorted-source-material/Module photos/Plug in modules/Module E - Slide Drive bottom.jpg,2027469,2436,1155,publish,docs/modules/e-slide-drive/assets/originals,e-slide-drive-bottom.jpg,module-photo,
unsorted-source-material/Module photos/Plug in modules/Module E - Slide Drive top.jpg,1969690,2420,1131,publish,docs/modules/e-slide-drive/assets/originals,e-slide-drive-top.jpg,module-photo,
unsorted-source-material/Module photos/Plug in modules/Module F - Motor bottom.jpg,3529821,4791,1148,publish,docs/modules/f-motor-sequence/assets/originals,f-motor-sequence-bottom.jpg,module-photo,
unsorted-source-material/Module photos/Plug in modules/Module F - Motor top.jpg,3810966,4779,1126,publish,docs/modules/f-motor-sequence/assets/originals,f-motor-sequence-top.jpg,module-photo,
unsorted-source-material/Module photos/Plug in modules/Module G - Genlock bottom.jpg,4549553,4904,1182,publish,docs/modules/g-genlock/assets/originals,g-genlock-bottom.jpg,module-photo,
unsorted-source-material/Module photos/Plug in modules/Module G - Genlock top.jpg,3904806,4828,1168,publish,docs/modules/g-genlock/assets/originals,g-genlock-top.jpg,module-photo,
unsorted-source-material/Module photos/Plug in modules/Module H - ETBC B bottom.jpg,4230415,4775,1137,publish,docs/modules/h-etbc-b/assets/originals,h-etbc-b-bottom.jpg,module-photo,
unsorted-source-material/Module photos/Plug in modules/Module H - ETBC B top.jpg,4009301,4698,1140,publish,docs/modules/h-etbc-b/assets/originals,h-etbc-b-top.jpg,module-photo,
unsorted-source-material/Module photos/Plug in modules/Module I - ETBC C bottom.jpg,3966155,4739,1140,publish,docs/modules/i-etbc-c/assets/originals,i-etbc-c-bottom.jpg,module-photo,
unsorted-source-material/Module photos/Plug in modules/Module I - ETBC C top.jpg,3610700,4662,1116,publish,docs/modules/i-etbc-c/assets/originals,i-etbc-c-top.jpg,module-photo,
unsorted-source-material/Module photos/Plug in modules/Module J - Focus bottom.jpg,2121105,2434,1124,publish,docs/modules/j-focus/assets/originals,j-focus-bottom.jpg,module-photo,
unsorted-source-material/Module photos/Plug in modules/Module J - Focus top.jpg,1923715,2382,1119,publish,docs/modules/j-focus/assets/originals,j-focus-top.jpg,module-photo,
unsorted-source-material/Module photos/Plug in modules/Module K - HF Proc bottom.jpg,3573725,4766,1118,publish,docs/modules/k-hf-processor/assets/originals,k-hf-processor-bottom.jpg,module-photo,
unsorted-source-material/Module photos/Plug in modules/Module K - HF Proc top.jpg,3958681,4694,1124,publish,docs/modules/k-hf-processor/assets/originals,k-hf-processor-top.jpg,module-photo,
unsorted-source-material/Module photos/Plug in modules/Module L - Video DO Corr bottom.jpg,3729203,4755,1160,publish,docs/modules/l-video-dropout-correction/assets/originals,l-video-dropout-correction-bottom.jpg,module-photo,
unsorted-source-material/Module photos/Plug in modules/Module L - Video DO Corr top.jpg,3310947,4690,1121,publish,docs/modules/l-video-dropout-correction/assets/originals,l-video-dropout-correction-top.jpg,module-photo,
unsorted-source-material/Module photos/Plug in modules/Module M - Radial bottom.jpg,4179733,4740,1127,publish,docs/modules/m-radial/assets/originals,m-radial-bottom.jpg,module-photo,
unsorted-source-material/Module photos/Plug in modules/Module M - Radial top.jpg,3777147,4689,1134,publish,docs/modules/m-radial/assets/originals,m-radial-top.jpg,module-photo,
unsorted-source-material/Module photos/Plug in modules/Module P - Front Loader bottom.jpg,2077622,2012,1345,publish,docs/modules/p-frontloader/assets/originals,p-frontloader-bottom.jpg,module-photo,
unsorted-source-material/Module photos/Plug in modules/Module P - Front Loader top.jpg,1569419,1995,1359,publish,docs/modules/p-frontloader/assets/originals,p-frontloader-top.jpg,module-photo,
unsorted-source-material/Module photos/Plug in modules/Module R - Drive Proc bottom.jpg,6076357,4912,1718,publish,docs/modules/r-drive-processor/assets/originals,r-drive-processor-bottom.jpg,module-photo,
unsorted-source-material/Module photos/Plug in modules/Module R - Drive Proc top.jpg,4980774,4853,1706,publish,docs/modules/r-drive-processor/assets/originals,r-drive-processor-top.jpg,module-photo,
unsorted-source-material/Module photos/Plug in modules/Module S - Control bottom.jpg,5923453,4931,1744,publish,docs/modules/s-control/assets/originals,s-control-bottom.jpg,module-photo,
unsorted-source-material/Module photos/Plug in modules/Module S - Control top.jpg,4910516,4834,1713,publish,docs/modules/s-control/assets/originals,s-control-top.jpg,module-photo,
unsorted-source-material/Module photos/Plug in modules/Module T - Supply top.jpg,4268414,4982,1642,publish,docs/modules/t-supply/assets/originals,t-supply-top.jpg,module-photo,
unsorted-source-material/Module photos/Plug in modules/Module U - Analog IO bottom.jpg,7745578,3999,3015,publish,docs/modules/u-analog-io/assets/originals,u-analog-io-bottom.jpg,module-photo,
unsorted-source-material/Module photos/Plug in modules/Module U - Analog IO top.jpg,7214053,4057,3323,publish,docs/modules/u-analog-io/assets/originals,u-analog-io-top.jpg,module-photo,
unsorted-source-material/Module photos/Plug in modules/Module W - CPU and Datagrabber bottom.jpg,8162315,5138,2669,publish,docs/modules/w-cpu-data-grabber/assets/originals,w-cpu-data-grabber-bottom.jpg,module-photo,
unsorted-source-material/Module photos/Plug in modules/Module W - CPU and Datagrabber top.jpg,7116067,5092,2656,publish,docs/modules/w-cpu-data-grabber/assets/originals,w-cpu-data-grabber-top.jpg,module-photo,
unsorted-source-material/Module photos/Plug in modules/Module X - LV-ROM Dec bottom.jpg,9468031,4769,3168,publish,docs/modules/x-lv-rom-decoder/assets/originals,x-lv-rom-decoder-bottom.jpg,module-photo,
unsorted-source-material/Module photos/Plug in modules/Module X - LV-ROM Dec top.jpg,7619115,4653,3027,publish,docs/modules/x-lv-rom-decoder/assets/originals,x-lv-rom-decoder-top.jpg,module-photo,
unsorted-source-material/Module photos/Plug in modules/Module Y - VidMix bottom.jpg,8706628,4810,3107,publish,docs/modules/y-video-mixer/assets/originals,y-video-mixer-bottom.jpg,module-photo,
unsorted-source-material/Module photos/Plug in modules/Module Y - VidMix top.jpg,8011126,4636,3113,publish,docs/modules/y-video-mixer/assets/originals,y-video-mixer-top.jpg,module-photo,
unsorted-source-material/Module photos/Plug in modules/Remote control top.jpg,3429356,4458,1875,publish,docs/modules/remote-control/assets/originals,remote-control-top.jpg,module-photo,
unsorted-source-material/Module photos/Plug in modules/Rermote control bottom.jpg,3596491,4463,1858,publish,docs/modules/remote-control/assets/originals,remote-control-bottom.jpg,module-photo,
unsorted-source-material/Pictures/415Photos/415Photos/IMG_5845.JPG,3006991,3504,2336,publish,docs/overview/assets/originals,img-5845.jpg,photo,exterior photograph - chapter 1 controls and connections
unsorted-source-material/Pictures/415Photos/415Photos/IMG_5846.JPG,3056195,3504,2336,publish,docs/overview/assets/originals,img-5846.jpg,photo,exterior photograph - chapter 1 controls and connections
unsorted-source-material/Pictures/415Photos/415Photos/IMG_5847.JPG,2987774,3504,2336,publish,docs/overview/assets/originals,img-5847.jpg,photo,exterior photograph - chapter 1 controls and connections
unsorted-source-material/Pictures/415Photos/415Photos/IMG_5848.JPG,3039698,3504,2336,publish,docs/overview/assets/originals,img-5848.jpg,photo,exterior photograph - chapter 1 controls and connections
unsorted-source-material/Pictures/415Photos/415Photos/IMG_5849.JPG,2965365,3504,2336,publish,docs/overview/assets/originals,img-5849.jpg,photo,exterior photograph - chapter 1 controls and connections
unsorted-source-material/Pictures/415Photos/415Photos/IMG_5850.JPG,2969356,3504,2336,publish,docs/overview/assets/originals,img-5850.jpg,photo,exterior photograph - chapter 1 controls and connections
unsorted-source-material/Pictures/415Photos/415Photos/IMG_5851.JPG,2965399,3504,2336,publish,docs/overview/assets/originals,img-5851.jpg,photo,exterior photograph - chapter 1 controls and connections
unsorted-source-material/Pictures/415Photos/415Photos/IMG_5852.JPG,2931720,3504,2336,publish,docs/overview/assets/originals,img-5852.jpg,photo,exterior photograph - chapter 1 controls and connections
unsorted-source-material/Pictures/415Photos/415Photos/IMG_5853.JPG,3398860,3504,2336,publish,docs/overview/assets/originals,img-5853.jpg,photo,exterior photograph - chapter 1 controls and connections
unsorted-source-material/Pictures/415Photos/415Photos/IMG_5854.JPG,3254759,3504,2336,publish,docs/overview/assets/originals,img-5854.jpg,photo,exterior photograph - chapter 1 controls and connections
unsorted-source-material/Pictures/415Photos/415Photos/IMG_5855.JPG,2887384,3504,2336,publish,docs/overview/assets/originals,img-5855.jpg,photo,exterior photograph - chapter 1 controls and connections
unsorted-source-material/Pictures/415Photos/415Photos/IMG_5856.JPG,2956841,3504,2336,publish,docs/overview/assets/originals,img-5856.jpg,photo,exterior photograph - chapter 1 controls and connections
unsorted-source-material/Pictures/415Photos/415Photos/IMG_5857.JPG,2896515,3504,2336,publish,docs/overview/assets/originals,img-5857.jpg,photo,exterior photograph - chapter 1 controls and connections
unsorted-source-material/Pictures/415Photos/415Photos/IMG_5858.JPG,2861762,3504,2336,publish,docs/overview/assets/originals,img-5858.jpg,photo,exterior photograph - chapter 1 controls and connections
unsorted-source-material/Pictures/415Photos/415Photos/IMG_5859.JPG,2956522,3504,2336,publish,docs/overview/assets/originals,img-5859.jpg,photo,exterior photograph - chapter 1 controls and connections
unsorted-source-material/Pictures/415Photos/415Photos/IMG_5863.JPG,3333368,3504,2336,publish,docs/overview/assets/originals,img-5863.jpg,photo,exterior photograph - chapter 1 controls and connections
unsorted-source-material/Pictures/415Photos/415Photos/IMG_5864.JPG,3494231,3504,2336,publish,docs/overview/assets/originals,img-5864.jpg,photo,exterior photograph - chapter 1 controls and connections
unsorted-source-material/Pictures/415Photos/415Photos/IMG_5865.JPG,3407900,3504,2336,publish,docs/overview/assets/originals,img-5865.jpg,photo,exterior photograph - chapter 1 controls and connections
unsorted-source-material/Pictures/415Photos/415Photos/IMG_5866.JPG,3214931,3504,2336,publish,docs/overview/assets/originals,img-5866.jpg,photo,exterior photograph - chapter 1 controls and connections
unsorted-source-material/Pictures/415Photos/415Photos/IMG_5867.JPG,3287512,3504,2336,publish,docs/overview/assets/originals,img-5867.jpg,photo,exterior photograph - chapter 1 controls and connections
unsorted-source-material/Pictures/415Photos/415Photos/IMG_5868.JPG,3002106,3504,2336,publish,docs/overview/assets/originals,img-5868.jpg,photo,exterior photograph - chapter 1 controls and connections
unsorted-source-material/Pictures/415Photos/415Photos/IMG_5869.JPG,3212801,3504,2336,publish,docs/overview/assets/originals,img-5869.jpg,photo,exterior photograph - chapter 1 controls and connections
unsorted-source-material/Pictures/DSC00262.JPG,2430757,3264,2448,publish,docs/overview/assets/originals,dsc00262.jpg,photo,exterior photograph - chapter 1 controls and connections
unsorted-source-material/Pictures/DSC00263.JPG,2407919,3264,2448,publish,docs/overview/assets/originals,dsc00263.jpg,photo,exterior photograph - chapter 1 controls and connections
unsorted-source-material/Pictures/DSC00264.JPG,2218525,3264,2448,publish,docs/overview/assets/originals,dsc00264.jpg,photo,exterior photograph - chapter 1 controls and connections
unsorted-source-material/Pictures/DSC00265.JPG,2438508,3264,2448,publish,docs/overview/assets/originals,dsc00265.jpg,photo,exterior photograph - chapter 1 controls and connections
unsorted-source-material/Pictures/DSC00266.JPG,2418856,3264,2448,publish,docs/overview/assets/originals,dsc00266.jpg,photo,exterior photograph - chapter 1 controls and connections
unsorted-source-material/Pictures/DSC00267.JPG,2455832,3264,2448,publish,docs/overview/assets/originals,dsc00267.jpg,photo,exterior photograph - chapter 1 controls and connections
unsorted-source-material/Pictures/DSC00282.JPG,2385780,3264,2448,publish,docs/overview/assets/originals,dsc00282.jpg,photo,exterior photograph - chapter 1 controls and connections
unsorted-source-material/Pictures/DSC00283.JPG,2292000,3264,2448,publish,docs/overview/assets/originals,dsc00283.jpg,photo,exterior photograph - chapter 1 controls and connections
unsorted-source-material/Pictures/DSC00284.JPG,2312431,3264,2448,publish,docs/overview/assets/originals,dsc00284.jpg,photo,exterior photograph - chapter 1 controls and connections
unsorted-source-material/Pictures/Philips VP415 LaserVision Player Rear.jpg,474366,2874,1176,publish,docs/overview/assets/originals,philips-vp415-laservision-player-rear.jpg,photo,exterior photograph - chapter 1 controls and connections
unsorted-source-material/Pictures/Philips VP415 LaserVision Player.jpg,434506,3242,1806,publish,docs/overview/assets/originals,philips-vp415-laservision-player.jpg,photo,exterior photograph - chapter 1 controls and connections
unsorted-source-material/VP415 ROM dumps/Rom descriptions.txt,404,,,convert,docs/reference/assets/originals,rom-descriptions.txt,none,provenance note quoted on the firmware page
unsorted-source-material/VP415 ROM dumps/VP410 S Module - Control A 3104 103 68114.BIN,65536,,,download,docs/reference/assets/originals/firmware,VP415 ROM dumps_VP410 S Module - Control A 3104 103 68114.BIN,none,"checksums in planning/firmware-checksums.csv; 28 files, 11 distinct images"
unsorted-source-material/VP415 ROM dumps/VP410 S Module - Control A 3104 103 68114.zip,23379,,,exclude,,,none,contents already present unpacked (manifest §11.1)
unsorted-source-material/VP415 ROM dumps/VP415 ROM images.zip,56154,,,exclude,,,none,contents already present unpacked (manifest §11.1)
unsorted-source-material/VP415 ROM dumps/VP415 ROM images/R 3104 103 6803 6 DRIVE V1_7 0x68FF.BIN,16384,,,download,docs/reference/assets/originals/firmware,VP415 ROM dumps_VP415 ROM images_R 3104 103 6803 6 DRIVE V1_7 0x68FF.BIN,none,"checksums in planning/firmware-checksums.csv; 28 files, 11 distinct images"
unsorted-source-material/VP415 ROM dumps/VP415 ROM images/S 3104 103 6804 9 CONTROL V1_8 0x6728.BIN,65536,,,download,docs/reference/assets/originals/firmware,VP415 ROM dumps_VP415 ROM images_S 3104 103 6804 9 CONTROL V1_8 0x6728.BIN,none,"checksums in planning/firmware-checksums.csv; 28 files, 11 distinct images"
unsorted-source-material/VP415 ROM dumps/VP415 ROM images/W 3104 103 6805 2 CPU V1_3 0xB42D.BIN,16384,,,download,docs/reference/assets/originals/firmware,VP415 ROM dumps_VP415 ROM images_W 3104 103 6805 2 CPU V1_3 0xB42D.BIN,none,"checksums in planning/firmware-checksums.csv; 28 files, 11 distinct images"
unsorted-source-material/VP415 ROM dumps/VP415 ROM images/W 3104 103 6805 3 CPU V1_4 0x8F90.BIN,16384,,,download,docs/reference/assets/originals/firmware,VP415 ROM dumps_VP415 ROM images_W 3104 103 6805 3 CPU V1_4 0x8F90.BIN,none,"checksums in planning/firmware-checksums.csv; 28 files, 11 distinct images"
unsorted-source-material/VP415 ROM dumps/VP415 ROM images/W 3104 103 6806 2 CPU V1_3 0x1A1C.BIN,16384,,,download,docs/reference/assets/originals/firmware,VP415 ROM dumps_VP415 ROM images_W 3104 103 6806 2 CPU V1_3 0x1A1C.BIN,none,"checksums in planning/firmware-checksums.csv; 28 files, 11 distinct images"
unsorted-source-material/VP415 ROM dumps/VP415 ROM images/W 3104 103 6806 3 CPU V1_4 0x56D7.BIN,16384,,,download,docs/reference/assets/originals/firmware,VP415 ROM dumps_VP415 ROM images_W 3104 103 6806 3 CPU V1_4 0x56D7.BIN,none,"checksums in planning/firmware-checksums.csv; 28 files, 11 distinct images"
unsorted-source-material/VP415 ROM dumps/VP415 ROM images/W 3104 103 6807 0 CPU V1_0 0x1FBE.BIN,16384,,,download,docs/reference/assets/originals/firmware,VP415 ROM dumps_VP415 ROM images_W 3104 103 6807 0 CPU V1_0 0x1FBE.BIN,none,"checksums in planning/firmware-checksums.csv; 28 files, 11 distinct images"
unsorted-source-material/VP415 ROM dumps/VP415 ROM images/W 3104 103 6808 0 CPU V1_0 0xD120.BIN,16384,,,download,docs/reference/assets/originals/firmware,VP415 ROM dumps_VP415 ROM images_W 3104 103 6808 0 CPU V1_0 0xD120.BIN,none,"checksums in planning/firmware-checksums.csv; 28 files, 11 distinct images"
unsorted-source-material/VP415 ROM dumps/VP415 ROM version survey.png,1775723,3510,2482,publish,docs/reference/assets/originals,cs-8-284-software-release-survey-upright.png,photo,CS 8 284 upright; the manual sheet is at page 187
unsorted-source-material/VP415 ROM dumps/domesday_6803_drive.bin,16384,,,download,docs/reference/assets/originals/firmware,VP415 ROM dumps_domesday_6803_drive.bin,none,"checksums in planning/firmware-checksums.csv; 28 files, 11 distinct images"
unsorted-source-material/VP415 ROM dumps/domesday_scsi_6807.rom,16384,,,download,docs/reference/assets/originals/firmware,VP415 ROM dumps_domesday_scsi_6807.rom,none,"checksums in planning/firmware-checksums.csv; 28 files, 11 distinct images"
unsorted-source-material/VP415 ROM dumps/domesday_scsi_6807.zip,2643,,,exclude,,,none,contents already present unpacked (manifest §11.1)
unsorted-source-material/VP415 ROM dumps/domesday_scsi_6808.rom,16384,,,download,docs/reference/assets/originals/firmware,VP415 ROM dumps_domesday_scsi_6808.rom,none,"checksums in planning/firmware-checksums.csv; 28 files, 11 distinct images"
unsorted-source-material/VP415 ROM dumps/domesday_scsi_6808.zip,289,,,exclude,,,none,contents already present unpacked (manifest §11.1)
unsorted-source-material/VP415 ROM dumps/drive_rom_sdi.BIN,16384,,,download,docs/reference/assets/originals/firmware,VP415 ROM dumps_drive_rom_sdi.BIN,none,"checksums in planning/firmware-checksums.csv; 28 files, 11 distinct images"
unsorted-source-material/VP415 ROM dumps/old VP415 ROMs/W 3104 103 6805 2 CPU V1_3 0xB42D.bin,16384,,,download,docs/reference/assets/originals/firmware,VP415 ROM dumps_old VP415 ROMs_W 3104 103 6805 2 CPU V1_3 0xB42D.bin,none,"checksums in planning/firmware-checksums.csv; 28 files, 11 distinct images"
unsorted-source-material/VP415 ROM dumps/old VP415 ROMs/W 3104 103 6806 2 CPU V1_3 0x1A1C.bin,16384,,,download,docs/reference/assets/originals/firmware,VP415 ROM dumps_old VP415 ROMs_W 3104 103 6806 2 CPU V1_3 0x1A1C.bin,none,"checksums in planning/firmware-checksums.csv; 28 files, 11 distinct images"
unsorted-source-material/VP415 ROM dumps/old VP415 ROMs/same/domesday_6803_drive 0x68FF.rom,16384,,,download,docs/reference/assets/originals/firmware,VP415 ROM dumps_old VP415 ROMs_same_domesday_6803_drive 0x68FF.rom,none,"checksums in planning/firmware-checksums.csv; 28 files, 11 distinct images"
unsorted-source-material/VP415 ROM dumps/old VP415 ROMs/same/domesday_6804_control 0x6728.rom,65536,,,download,docs/reference/assets/originals/firmware,VP415 ROM dumps_old VP415 ROMs_same_domesday_6804_control 0x6728.rom,none,"checksums in planning/firmware-checksums.csv; 28 files, 11 distinct images"
unsorted-source-material/VP415 ROM dumps/old VP415 ROMs/same/domesday_6807_descrambler 0x1FBE.rom,16384,,,download,docs/reference/assets/originals/firmware,VP415 ROM dumps_old VP415 ROMs_same_domesday_6807_descrambler 0x1FBE.rom,none,"checksums in planning/firmware-checksums.csv; 28 files, 11 distinct images"
unsorted-source-material/VP415 ROM dumps/old VP415 ROMs/same/domesday_6808_sync 0xD120.rom,16384,,,download,docs/reference/assets/originals/firmware,VP415 ROM dumps_old VP415 ROMs_same_domesday_6808_sync 0xD120.rom,none,"checksums in planning/firmware-checksums.csv; 28 files, 11 distinct images"
unsorted-source-material/VP415 repair/7/Diagnostic mode reports error 7.docx,182461,,,convert,docs/repair/case-studies/assets/originals,diagnostic-mode-reports-error-7.docx,none,converted to docs/repair/case-studies/error-7-focus.md in phase 6
unsorted-source-material/VP415 repair/7/FOC-ER input to Module J.png,31891,800,512,publish,docs/repair/case-studies/assets/originals,error-7-focus-foc-er-input-to-module-j.png,scope-trace,scope trace for the error-7-focus investigation
unsorted-source-material/VP415 repair/7/Module J DSG of 6206.png,46991,800,512,publish,docs/repair/case-studies/assets/originals,error-7-focus-module-j-dsg-of-6206.png,scope-trace,scope trace for the error-7-focus investigation
unsorted-source-material/VP415 repair/7/Module J test FOC-ER and pins5-6 7001.png,42938,800,512,publish,docs/repair/case-studies/assets/originals,error-7-focus-module-j-test-foc-er-and-pins5-6-7001.png,scope-trace,scope trace for the error-7-focus investigation
unsorted-source-material/VP415 repair/7/Module J test from startup to fail in diagnostic mode.png,44403,800,512,publish,docs/repair/case-studies/assets/originals,error-7-focus-module-j-test-from-startup-to-fail-in-diagnostic-mode.png,scope-trace,scope trace for the error-7-focus investigation
unsorted-source-material/VP415 repair/Diagnostic mode reports error 9.docx,204694,,,convert,docs/repair/case-studies/assets/originals,diagnostic-mode-reports-error-9.docx,none,converted to docs/repair/case-studies/error-9-frame-lock.md in phase 6
unsorted-source-material/VP415 repair/Module G 1G1.png,24480,800,512,publish,docs/repair/case-studies/assets/originals,error-9-frame-lock-module-g-1g1.png,scope-trace,scope trace for the error-9-frame-lock investigation
unsorted-source-material/VP415 repair/Module G 2G1.png,24707,800,512,publish,docs/repair/case-studies/assets/originals,error-9-frame-lock-module-g-2g1.png,scope-trace,scope trace for the error-9-frame-lock investigation
unsorted-source-material/VP415 repair/Module G 3G2.png,37836,800,512,publish,docs/repair/case-studies/assets/originals,error-9-frame-lock-module-g-3g2.png,scope-trace,scope trace for the error-9-frame-lock investigation
unsorted-source-material/VP415 repair/Module G 6G1.png,26286,800,512,publish,docs/repair/case-studies/assets/originals,error-9-frame-lock-module-g-6g1.png,scope-trace,scope trace for the error-9-frame-lock investigation
unsorted-source-material/VP415 repair/Module G 6G2.png,21480,800,512,publish,docs/repair/case-studies/assets/originals,error-9-frame-lock-module-g-6g2.png,scope-trace,scope trace for the error-9-frame-lock investigation
unsorted-source-material/VP415 repair/Module G 8G1.png,27543,800,512,publish,docs/repair/case-studies/assets/originals,error-9-frame-lock-module-g-8g1.png,scope-trace,scope trace for the error-9-frame-lock investigation
unsorted-source-material/VP415 repair/Module G E 7014.png,26141,800,512,publish,docs/repair/case-studies/assets/originals,error-9-frame-lock-module-g-e-7014.png,scope-trace,scope trace for the error-9-frame-lock investigation
unsorted-source-material/VP415 repair/RGB Module calibration/Adjustment L5002 post.png,46535,800,512,publish,docs/reference/calibration/assets/originals,adjustment-l5002-post.png,scope-trace,RGB calibration capture
unsorted-source-material/VP415 repair/RGB Module calibration/Adjustment L5002 pre.png,44886,800,512,publish,docs/reference/calibration/assets/originals,adjustment-l5002-pre.png,scope-trace,RGB calibration capture
unsorted-source-material/VP415 repair/RGB Module calibration/Adjustment L5003 post.png,32188,800,512,publish,docs/reference/calibration/assets/originals,adjustment-l5003-post.png,scope-trace,RGB calibration capture
unsorted-source-material/VP415 repair/RGB Module calibration/Adjustment L5004 post.png,84650,800,512,publish,docs/reference/calibration/assets/originals,adjustment-l5004-post.png,scope-trace,RGB calibration capture
unsorted-source-material/VP415 repair/RGB Module calibration/Adjustment L5004 pre.png,69053,800,512,publish,docs/reference/calibration/assets/originals,adjustment-l5004-pre.png,scope-trace,RGB calibration capture
unsorted-source-material/VP415 repair/RGB Module calibration/Adjustment R3045 post.png,50903,800,512,publish,docs/reference/calibration/assets/originals,adjustment-r3045-post.png,scope-trace,RGB calibration capture
unsorted-source-material/VP415 repair/RGB Module calibration/Adjustment R3045 pre.png,50451,800,512,publish,docs/reference/calibration/assets/originals,adjustment-r3045-pre.png,scope-trace,RGB calibration capture
unsorted-source-material/VP415 repair/RGB Module calibration/Adjustment R308 pre.png,49536,800,512,publish,docs/reference/calibration/assets/originals,adjustment-r308-pre.png,scope-trace,RGB calibration capture
unsorted-source-material/VP415 repair/RGB Module calibration/Adjustment R3080 post.png,39924,800,512,publish,docs/reference/calibration/assets/originals,adjustment-r3080-post.png,scope-trace,RGB calibration capture
unsorted-source-material/VP415 repair/RGB Module calibration/Adjustment R3080 pre 2.png,40057,800,512,publish,docs/reference/calibration/assets/originals,adjustment-r3080-pre-2.png,scope-trace,RGB calibration capture
unsorted-source-material/VP415 repair/RGB Module calibration/Adjustment R3080 pre.png,52915,800,512,publish,docs/reference/calibration/assets/originals,adjustment-r3080-pre.png,scope-trace,RGB calibration capture
unsorted-source-material/VP415 repair/RGB Module calibration/Adjustment R3082 post.png,56529,800,512,publish,docs/reference/calibration/assets/originals,adjustment-r3082-post.png,scope-trace,RGB calibration capture
unsorted-source-material/VP415 repair/RGB Module calibration/Adjustment R3082 pre.png,56662,800,512,publish,docs/reference/calibration/assets/originals,adjustment-r3082-pre.png,scope-trace,RGB calibration capture
unsorted-source-material/VP415 repair/RGB Module calibration/Adjustment R3084 post.png,57698,800,512,publish,docs/reference/calibration/assets/originals,adjustment-r3084-post.png,scope-trace,RGB calibration capture
unsorted-source-material/VP415 repair/RGB Module calibration/Adjustment R3084 pre.png,57814,800,512,publish,docs/reference/calibration/assets/originals,adjustment-r3084-pre.png,scope-trace,RGB calibration capture
unsorted-source-material/VP415 repair/RGB Module calibration/Calibration and adjustment of RGB Module.docx,1998491,,,convert,docs/reference/calibration/assets/originals,calibration-and-adjustment-of-rgb-module.docx,none,source for the RGB calibration guide - deferred, not published (see phase 6)
unsorted-source-material/VP415 repair/RGB Module calibration/RGB Module diagram.pptx,1397658,,,publish,docs/reference/calibration/assets/originals,rgb-module-diagram.pptx,none,editable source (manifest §11.2)
unsorted-source-material/VP415 repair/RGB Module calibration/documentation images/B-Signal after black-level adjustment 4B3.png,58789,800,512,publish,docs/reference/calibration/assets/originals,b-signal-after-black-level-adjustment-4b3.png,scope-trace,RGB calibration capture
unsorted-source-material/VP415 repair/RGB Module calibration/documentation images/B-signal adjustment of 3084.png,35909,800,512,publish,docs/reference/calibration/assets/originals,b-signal-adjustment-of-3084.png,scope-trace,RGB calibration capture
unsorted-source-material/VP415 repair/RGB Module calibration/documentation images/Bandpass adjustment on IC 7201 pin 15.png,86712,800,512,publish,docs/reference/calibration/assets/originals,bandpass-adjustment-on-ic-7201-pin-15.png,scope-trace,RGB calibration capture
unsorted-source-material/VP415 repair/RGB Module calibration/documentation images/CVBS input signal on 1B1.png,63778,800,512,publish,docs/reference/calibration/assets/originals,cvbs-input-signal-on-1b1.png,scope-trace,RGB calibration capture
unsorted-source-material/VP415 repair/RGB Module calibration/documentation images/Chroma over and under shoot adjustment on 10B3.png,32938,800,512,publish,docs/reference/calibration/assets/originals,chroma-over-and-under-shoot-adjustment-on-10b3.png,scope-trace,RGB calibration capture
unsorted-source-material/VP415 repair/RGB Module calibration/documentation images/Chroma rest adjustment 10B3 of L5002.png,42362,800,512,publish,docs/reference/calibration/assets/originals,chroma-rest-adjustment-10b3-of-l5002.png,scope-trace,RGB calibration capture
unsorted-source-material/VP415 repair/RGB Module calibration/documentation images/G-signal after luminance adjustment 3B3.png,28326,800,512,publish,docs/reference/calibration/assets/originals,g-signal-after-luminance-adjustment-3b3.png,scope-trace,RGB calibration capture
unsorted-source-material/VP415 repair/RGB Module calibration/documentation images/R-signal after adjustment 2B3.png,32303,800,512,publish,docs/reference/calibration/assets/originals,r-signal-after-adjustment-2b3.png,scope-trace,RGB calibration capture
unsorted-source-material/VP415 repair/RGB Module calibration/documentation images/RGB Module diagram.png,2302979,2000,1319,publish,docs/reference/calibration/assets/originals,rgb-module-diagram.png,scope-trace,RGB calibration capture
unsorted-source-material/VP415 repair/RGB Module calibration/documentation images/Vector Diagram Colour Bar.png,218708,895,722,publish,docs/reference/calibration/assets/originals,vector-diagram-colour-bar.png,scope-trace,RGB calibration capture
unsorted-source-material/VP415 repair/RGB Module calibration/documentation images/Vector diagram after adjustment of 2015.png,58822,800,512,publish,docs/reference/calibration/assets/originals,vector-diagram-after-adjustment-of-2015.png,scope-trace,RGB calibration capture
unsorted-source-material/VP415 repair/RGB Module calibration/documentation images/Vector diagram after adjustment of L5007.png,34851,800,512,publish,docs/reference/calibration/assets/originals,vector-diagram-after-adjustment-of-l5007.png,scope-trace,RGB calibration capture
unsorted-source-material/VP415 repair/RGB Module calibration/documentation images/Vector diagram before adjustment.png,61187,800,512,publish,docs/reference/calibration/assets/originals,vector-diagram-before-adjustment.png,scope-trace,RGB calibration capture
unsorted-source-material/VP415 repair/RGB Module calibration/documentation images/Vector diagram with delay line off.png,30874,800,512,publish,docs/reference/calibration/assets/originals,vector-diagram-with-delay-line-off.png,scope-trace,RGB calibration capture
unsorted-source-material/VP415 repair/RGB Module calibration/documentation images/Vector diagram with delay line on.png,36952,800,512,publish,docs/reference/calibration/assets/originals,vector-diagram-with-delay-line-on.png,scope-trace,RGB calibration capture
unsorted-source-material/misc/Disc information bytes from a real VP415.docx,12767,,,convert,docs/reference/assets/originals,disc-information-bytes-from-a-real-vp415.docx,none,real-player ?D/?P/?U/?= responses -> docs/reference/f-codes.md
unsorted-source-material/misc/Disc information bytes from a real VP415.pdf,185612,,,download,docs/reference/assets/originals,disc-information-bytes-from-a-real-vp415.pdf,none,duplicate of the docx in PDF form
unsorted-source-material/misc/MB88303-Fujitsu.pdf,905787,,,download,docs/reference/assets/originals/datasheets,mb88303-fujitsu.pdf,none,device datasheet
unsorted-source-material/misc/vp415Fcode.xlsx,13862,,,convert,docs/reference/assets/originals,vp415fcode.xlsx,none,a typed copy of Table 1; checked against the manual page for docs/reference/f-codes.md
unsorted-source-material/ocr-markdown-service-manual/ocr-playground-download-20260821T150015Z/Philips-VP415-Operating-Instructions.pdf/markdown.md,124332,,,source-text,,,none,text source for tools/import_ocr.py
unsorted-source-material/ocr-markdown-service-manual/ocr-playground-download-20260821T150015Z/Philips-VP415-Operating-Instructions.pdf/pages/page-1/markdown.md,89,,,source-text,,,none,text source for tools/import_ocr.py
unsorted-source-material/ocr-markdown-service-manual/ocr-playground-download-20260821T150015Z/Philips-VP415-Operating-Instructions.pdf/pages/page-1/page-metadata.json,1531,,,source-text,,,none,text source for tools/import_ocr.py
unsorted-source-material/ocr-markdown-service-manual/ocr-playground-download-20260821T150015Z/Philips-VP415-Operating-Instructions.pdf/pages/page-10/markdown.md,4066,,,source-text,,,none,text source for tools/import_ocr.py
unsorted-source-material/ocr-markdown-service-manual/ocr-playground-download-20260821T150015Z/Philips-VP415-Operating-Instructions.pdf/pages/page-10/page-metadata.json,15639,,,source-text,,,none,text source for tools/import_ocr.py
unsorted-source-material/ocr-markdown-service-manual/ocr-playground-download-20260821T150015Z/Philips-VP415-Operating-Instructions.pdf/pages/page-11/markdown.md,132,,,source-text,,,none,text source for tools/import_ocr.py
unsorted-source-material/ocr-markdown-service-manual/ocr-playground-download-20260821T150015Z/Philips-VP415-Operating-Instructions.pdf/pages/page-11/page-metadata.json,1744,,,source-text,,,none,text source for tools/import_ocr.py
unsorted-source-material/ocr-markdown-service-manual/ocr-playground-download-20260821T150015Z/Philips-VP415-Operating-Instructions.pdf/pages/page-12/markdown.md,1876,,,source-text,,,none,text source for tools/import_ocr.py
unsorted-source-material/ocr-markdown-service-manual/ocr-playground-download-20260821T150015Z/Philips-VP415-Operating-Instructions.pdf/pages/page-12/page-metadata.json,4778,,,source-text,,,none,text source for tools/import_ocr.py
unsorted-source-material/ocr-markdown-service-manual/ocr-playground-download-20260821T150015Z/Philips-VP415-Operating-Instructions.pdf/pages/page-13/markdown.md,704,,,source-text,,,none,text source for tools/import_ocr.py
unsorted-source-material/ocr-markdown-service-manual/ocr-playground-download-20260821T150015Z/Philips-VP415-Operating-Instructions.pdf/pages/page-13/page-metadata.json,6733,,,source-text,,,none,text source for tools/import_ocr.py
unsorted-source-material/ocr-markdown-service-manual/ocr-playground-download-20260821T150015Z/Philips-VP415-Operating-Instructions.pdf/pages/page-14/markdown.md,4903,,,source-text,,,none,text source for tools/import_ocr.py
unsorted-source-material/ocr-markdown-service-manual/ocr-playground-download-20260821T150015Z/Philips-VP415-Operating-Instructions.pdf/pages/page-14/page-metadata.json,13578,,,source-text,,,none,text source for tools/import_ocr.py
unsorted-source-material/ocr-markdown-service-manual/ocr-playground-download-20260821T150015Z/Philips-VP415-Operating-Instructions.pdf/pages/page-15/markdown.md,4910,,,source-text,,,none,text source for tools/import_ocr.py
unsorted-source-material/ocr-markdown-service-manual/ocr-playground-download-20260821T150015Z/Philips-VP415-Operating-Instructions.pdf/pages/page-15/page-metadata.json,9764,,,source-text,,,none,text source for tools/import_ocr.py
unsorted-source-material/ocr-markdown-service-manual/ocr-playground-download-20260821T150015Z/Philips-VP415-Operating-Instructions.pdf/pages/page-16/markdown.md,6073,,,source-text,,,none,text source for tools/import_ocr.py
unsorted-source-material/ocr-markdown-service-manual/ocr-playground-download-20260821T150015Z/Philips-VP415-Operating-Instructions.pdf/pages/page-16/page-metadata.json,13593,,,source-text,,,none,text source for tools/import_ocr.py
unsorted-source-material/ocr-markdown-service-manual/ocr-playground-download-20260821T150015Z/Philips-VP415-Operating-Instructions.pdf/pages/page-17/markdown.md,499,,,source-text,,,none,text source for tools/import_ocr.py
unsorted-source-material/ocr-markdown-service-manual/ocr-playground-download-20260821T150015Z/Philips-VP415-Operating-Instructions.pdf/pages/page-17/page-metadata.json,2485,,,source-text,,,none,text source for tools/import_ocr.py
unsorted-source-material/ocr-markdown-service-manual/ocr-playground-download-20260821T150015Z/Philips-VP415-Operating-Instructions.pdf/pages/page-18/markdown.md,2,,,source-text,,,none,text source for tools/import_ocr.py
unsorted-source-material/ocr-markdown-service-manual/ocr-playground-download-20260821T150015Z/Philips-VP415-Operating-Instructions.pdf/pages/page-18/page-metadata.json,328,,,source-text,,,none,text source for tools/import_ocr.py
unsorted-source-material/ocr-markdown-service-manual/ocr-playground-download-20260821T150015Z/Philips-VP415-Operating-Instructions.pdf/pages/page-19/markdown.md,160,,,source-text,,,none,text source for tools/import_ocr.py
unsorted-source-material/ocr-markdown-service-manual/ocr-playground-download-20260821T150015Z/Philips-VP415-Operating-Instructions.pdf/pages/page-19/page-metadata.json,1957,,,source-text,,,none,text source for tools/import_ocr.py
unsorted-source-material/ocr-markdown-service-manual/ocr-playground-download-20260821T150015Z/Philips-VP415-Operating-Instructions.pdf/pages/page-2/markdown.md,364,,,source-text,,,none,text source for tools/import_ocr.py
unsorted-source-material/ocr-markdown-service-manual/ocr-playground-download-20260821T150015Z/Philips-VP415-Operating-Instructions.pdf/pages/page-2/page-metadata.json,2723,,,source-text,,,none,text source for tools/import_ocr.py
unsorted-source-material/ocr-markdown-service-manual/ocr-playground-download-20260821T150015Z/Philips-VP415-Operating-Instructions.pdf/pages/page-20/markdown.md,2325,,,source-text,,,none,text source for tools/import_ocr.py
unsorted-source-material/ocr-markdown-service-manual/ocr-playground-download-20260821T150015Z/Philips-VP415-Operating-Instructions.pdf/pages/page-20/page-metadata.json,5599,,,source-text,,,none,text source for tools/import_ocr.py
unsorted-source-material/ocr-markdown-service-manual/ocr-playground-download-20260821T150015Z/Philips-VP415-Operating-Instructions.pdf/pages/page-21/markdown.md,769,,,source-text,,,none,text source for tools/import_ocr.py
unsorted-source-material/ocr-markdown-service-manual/ocr-playground-download-20260821T150015Z/Philips-VP415-Operating-Instructions.pdf/pages/page-21/page-metadata.json,4409,,,source-text,,,none,text source for tools/import_ocr.py
unsorted-source-material/ocr-markdown-service-manual/ocr-playground-download-20260821T150015Z/Philips-VP415-Operating-Instructions.pdf/pages/page-22/img-10.jpeg,3081,89,65,exclude,,,none,downscaled by the OCR vendor; never published (manifest §3)
unsorted-source-material/ocr-markdown-service-manual/ocr-playground-download-20260821T150015Z/Philips-VP415-Operating-Instructions.pdf/pages/page-22/img-11.jpeg,2079,75,49,exclude,,,none,downscaled by the OCR vendor; never published (manifest §3)
unsorted-source-material/ocr-markdown-service-manual/ocr-playground-download-20260821T150015Z/Philips-VP415-Operating-Instructions.pdf/pages/page-22/markdown.md,4977,,,source-text,,,none,text source for tools/import_ocr.py
unsorted-source-material/ocr-markdown-service-manual/ocr-playground-download-20260821T150015Z/Philips-VP415-Operating-Instructions.pdf/pages/page-22/page-metadata.json,12766,,,source-text,,,none,text source for tools/import_ocr.py
unsorted-source-material/ocr-markdown-service-manual/ocr-playground-download-20260821T150015Z/Philips-VP415-Operating-Instructions.pdf/pages/page-23/markdown.md,3940,,,source-text,,,none,text source for tools/import_ocr.py
unsorted-source-material/ocr-markdown-service-manual/ocr-playground-download-20260821T150015Z/Philips-VP415-Operating-Instructions.pdf/pages/page-23/page-metadata.json,5676,,,source-text,,,none,text source for tools/import_ocr.py
unsorted-source-material/ocr-markdown-service-manual/ocr-playground-download-20260821T150015Z/Philips-VP415-Operating-Instructions.pdf/pages/page-24/markdown.md,1280,,,source-text,,,none,text source for tools/import_ocr.py
unsorted-source-material/ocr-markdown-service-manual/ocr-playground-download-20260821T150015Z/Philips-VP415-Operating-Instructions.pdf/pages/page-24/page-metadata.json,3582,,,source-text,,,none,text source for tools/import_ocr.py
unsorted-source-material/ocr-markdown-service-manual/ocr-playground-download-20260821T150015Z/Philips-VP415-Operating-Instructions.pdf/pages/page-25/markdown.md,1889,,,source-text,,,none,text source for tools/import_ocr.py
unsorted-source-material/ocr-markdown-service-manual/ocr-playground-download-20260821T150015Z/Philips-VP415-Operating-Instructions.pdf/pages/page-25/page-metadata.json,3181,,,source-text,,,none,text source for tools/import_ocr.py
unsorted-source-material/ocr-markdown-service-manual/ocr-playground-download-20260821T150015Z/Philips-VP415-Operating-Instructions.pdf/pages/page-26/markdown.md,2,,,source-text,,,none,text source for tools/import_ocr.py
unsorted-source-material/ocr-markdown-service-manual/ocr-playground-download-20260821T150015Z/Philips-VP415-Operating-Instructions.pdf/pages/page-26/page-metadata.json,328,,,source-text,,,none,text source for tools/import_ocr.py
unsorted-source-material/ocr-markdown-service-manual/ocr-playground-download-20260821T150015Z/Philips-VP415-Operating-Instructions.pdf/pages/page-27/markdown.md,1614,,,source-text,,,none,text source for tools/import_ocr.py
unsorted-source-material/ocr-markdown-service-manual/ocr-playground-download-20260821T150015Z/Philips-VP415-Operating-Instructions.pdf/pages/page-27/page-metadata.json,14635,,,source-text,,,none,text source for tools/import_ocr.py
unsorted-source-material/ocr-markdown-service-manual/ocr-playground-download-20260821T150015Z/Philips-VP415-Operating-Instructions.pdf/pages/page-28/markdown.md,140,,,source-text,,,none,text source for tools/import_ocr.py
unsorted-source-material/ocr-markdown-service-manual/ocr-playground-download-20260821T150015Z/Philips-VP415-Operating-Instructions.pdf/pages/page-28/page-metadata.json,654,,,source-text,,,none,text source for tools/import_ocr.py
unsorted-source-material/ocr-markdown-service-manual/ocr-playground-download-20260821T150015Z/Philips-VP415-Operating-Instructions.pdf/pages/page-29/markdown.md,3625,,,source-text,,,none,text source for tools/import_ocr.py
unsorted-source-material/ocr-markdown-service-manual/ocr-playground-download-20260821T150015Z/Philips-VP415-Operating-Instructions.pdf/pages/page-29/page-metadata.json,18704,,,source-text,,,none,text source for tools/import_ocr.py
unsorted-source-material/ocr-markdown-service-manual/ocr-playground-download-20260821T150015Z/Philips-VP415-Operating-Instructions.pdf/pages/page-3/img-0.jpeg,19205,504,281,exclude,,,none,downscaled by the OCR vendor; never published (manifest §3)
unsorted-source-material/ocr-markdown-service-manual/ocr-playground-download-20260821T150015Z/Philips-VP415-Operating-Instructions.pdf/pages/page-3/img-1.jpeg,26080,515,287,exclude,,,none,downscaled by the OCR vendor; never published (manifest §3)
unsorted-source-material/ocr-markdown-service-manual/ocr-playground-download-20260821T150015Z/Philips-VP415-Operating-Instructions.pdf/pages/page-3/img-2.jpeg,7829,105,241,exclude,,,none,downscaled by the OCR vendor; never published (manifest §3)
unsorted-source-material/ocr-markdown-service-manual/ocr-playground-download-20260821T150015Z/Philips-VP415-Operating-Instructions.pdf/pages/page-3/markdown.md,123,,,source-text,,,none,text source for tools/import_ocr.py
unsorted-source-material/ocr-markdown-service-manual/ocr-playground-download-20260821T150015Z/Philips-VP415-Operating-Instructions.pdf/pages/page-3/page-metadata.json,1288,,,source-text,,,none,text source for tools/import_ocr.py
unsorted-source-material/ocr-markdown-service-manual/ocr-playground-download-20260821T150015Z/Philips-VP415-Operating-Instructions.pdf/pages/page-30/markdown.md,3441,,,source-text,,,none,text source for tools/import_ocr.py
unsorted-source-material/ocr-markdown-service-manual/ocr-playground-download-20260821T150015Z/Philips-VP415-Operating-Instructions.pdf/pages/page-30/page-metadata.json,22970,,,source-text,,,none,text source for tools/import_ocr.py
unsorted-source-material/ocr-markdown-service-manual/ocr-playground-download-20260821T150015Z/Philips-VP415-Operating-Instructions.pdf/pages/page-31/markdown.md,3780,,,source-text,,,none,text source for tools/import_ocr.py
unsorted-source-material/ocr-markdown-service-manual/ocr-playground-download-20260821T150015Z/Philips-VP415-Operating-Instructions.pdf/pages/page-31/page-metadata.json,11409,,,source-text,,,none,text source for tools/import_ocr.py
unsorted-source-material/ocr-markdown-service-manual/ocr-playground-download-20260821T150015Z/Philips-VP415-Operating-Instructions.pdf/pages/page-32/markdown.md,3722,,,source-text,,,none,text source for tools/import_ocr.py
unsorted-source-material/ocr-markdown-service-manual/ocr-playground-download-20260821T150015Z/Philips-VP415-Operating-Instructions.pdf/pages/page-32/page-metadata.json,21753,,,source-text,,,none,text source for tools/import_ocr.py
unsorted-source-material/ocr-markdown-service-manual/ocr-playground-download-20260821T150015Z/Philips-VP415-Operating-Instructions.pdf/pages/page-33/markdown.md,3707,,,source-text,,,none,text source for tools/import_ocr.py
unsorted-source-material/ocr-markdown-service-manual/ocr-playground-download-20260821T150015Z/Philips-VP415-Operating-Instructions.pdf/pages/page-33/page-metadata.json,19726,,,source-text,,,none,text source for tools/import_ocr.py
unsorted-source-material/ocr-markdown-service-manual/ocr-playground-download-20260821T150015Z/Philips-VP415-Operating-Instructions.pdf/pages/page-34/markdown.md,3719,,,source-text,,,none,text source for tools/import_ocr.py
unsorted-source-material/ocr-markdown-service-manual/ocr-playground-download-20260821T150015Z/Philips-VP415-Operating-Instructions.pdf/pages/page-34/page-metadata.json,20273,,,source-text,,,none,text source for tools/import_ocr.py
unsorted-source-material/ocr-markdown-service-manual/ocr-playground-download-20260821T150015Z/Philips-VP415-Operating-Instructions.pdf/pages/page-35/markdown.md,4241,,,source-text,,,none,text source for tools/import_ocr.py
unsorted-source-material/ocr-markdown-service-manual/ocr-playground-download-20260821T150015Z/Philips-VP415-Operating-Instructions.pdf/pages/page-35/page-metadata.json,21362,,,source-text,,,none,text source for tools/import_ocr.py
unsorted-source-material/ocr-markdown-service-manual/ocr-playground-download-20260821T150015Z/Philips-VP415-Operating-Instructions.pdf/pages/page-36/markdown.md,1895,,,source-text,,,none,text source for tools/import_ocr.py
unsorted-source-material/ocr-markdown-service-manual/ocr-playground-download-20260821T150015Z/Philips-VP415-Operating-Instructions.pdf/pages/page-36/page-metadata.json,11055,,,source-text,,,none,text source for tools/import_ocr.py
unsorted-source-material/ocr-markdown-service-manual/ocr-playground-download-20260821T150015Z/Philips-VP415-Operating-Instructions.pdf/pages/page-37/markdown.md,954,,,source-text,,,none,text source for tools/import_ocr.py
unsorted-source-material/ocr-markdown-service-manual/ocr-playground-download-20260821T150015Z/Philips-VP415-Operating-Instructions.pdf/pages/page-37/page-metadata.json,7733,,,source-text,,,none,text source for tools/import_ocr.py
unsorted-source-material/ocr-markdown-service-manual/ocr-playground-download-20260821T150015Z/Philips-VP415-Operating-Instructions.pdf/pages/page-38/img-12.jpeg,7330,293,159,exclude,,,none,downscaled by the OCR vendor; never published (manifest §3)
unsorted-source-material/ocr-markdown-service-manual/ocr-playground-download-20260821T150015Z/Philips-VP415-Operating-Instructions.pdf/pages/page-38/markdown.md,5851,,,source-text,,,none,text source for tools/import_ocr.py
unsorted-source-material/ocr-markdown-service-manual/ocr-playground-download-20260821T150015Z/Philips-VP415-Operating-Instructions.pdf/pages/page-38/page-metadata.json,10850,,,source-text,,,none,text source for tools/import_ocr.py
unsorted-source-material/ocr-markdown-service-manual/ocr-playground-download-20260821T150015Z/Philips-VP415-Operating-Instructions.pdf/pages/page-39/markdown.md,5807,,,source-text,,,none,text source for tools/import_ocr.py
unsorted-source-material/ocr-markdown-service-manual/ocr-playground-download-20260821T150015Z/Philips-VP415-Operating-Instructions.pdf/pages/page-39/page-metadata.json,13186,,,source-text,,,none,text source for tools/import_ocr.py
unsorted-source-material/ocr-markdown-service-manual/ocr-playground-download-20260821T150015Z/Philips-VP415-Operating-Instructions.pdf/pages/page-4/markdown.md,637,,,source-text,,,none,text source for tools/import_ocr.py
unsorted-source-material/ocr-markdown-service-manual/ocr-playground-download-20260821T150015Z/Philips-VP415-Operating-Instructions.pdf/pages/page-4/page-metadata.json,3738,,,source-text,,,none,text source for tools/import_ocr.py
unsorted-source-material/ocr-markdown-service-manual/ocr-playground-download-20260821T150015Z/Philips-VP415-Operating-Instructions.pdf/pages/page-40/markdown.md,6124,,,source-text,,,none,text source for tools/import_ocr.py
unsorted-source-material/ocr-markdown-service-manual/ocr-playground-download-20260821T150015Z/Philips-VP415-Operating-Instructions.pdf/pages/page-40/page-metadata.json,12981,,,source-text,,,none,text source for tools/import_ocr.py
unsorted-source-material/ocr-markdown-service-manual/ocr-playground-download-20260821T150015Z/Philips-VP415-Operating-Instructions.pdf/pages/page-41/markdown.md,5533,,,source-text,,,none,text source for tools/import_ocr.py
unsorted-source-material/ocr-markdown-service-manual/ocr-playground-download-20260821T150015Z/Philips-VP415-Operating-Instructions.pdf/pages/page-41/page-metadata.json,12567,,,source-text,,,none,text source for tools/import_ocr.py
unsorted-source-material/ocr-markdown-service-manual/ocr-playground-download-20260821T150015Z/Philips-VP415-Operating-Instructions.pdf/pages/page-42/img-13.jpeg,3562,123,65,exclude,,,none,downscaled by the OCR vendor; never published (manifest §3)
unsorted-source-material/ocr-markdown-service-manual/ocr-playground-download-20260821T150015Z/Philips-VP415-Operating-Instructions.pdf/pages/page-42/markdown.md,3490,,,source-text,,,none,text source for tools/import_ocr.py
unsorted-source-material/ocr-markdown-service-manual/ocr-playground-download-20260821T150015Z/Philips-VP415-Operating-Instructions.pdf/pages/page-42/page-metadata.json,8856,,,source-text,,,none,text source for tools/import_ocr.py
unsorted-source-material/ocr-markdown-service-manual/ocr-playground-download-20260821T150015Z/Philips-VP415-Operating-Instructions.pdf/pages/page-43/markdown.md,363,,,source-text,,,none,text source for tools/import_ocr.py
unsorted-source-material/ocr-markdown-service-manual/ocr-playground-download-20260821T150015Z/Philips-VP415-Operating-Instructions.pdf/pages/page-43/page-metadata.json,4184,,,source-text,,,none,text source for tools/import_ocr.py
unsorted-source-material/ocr-markdown-service-manual/ocr-playground-download-20260821T150015Z/Philips-VP415-Operating-Instructions.pdf/pages/page-44/markdown.md,3585,,,source-text,,,none,text source for tools/import_ocr.py
unsorted-source-material/ocr-markdown-service-manual/ocr-playground-download-20260821T150015Z/Philips-VP415-Operating-Instructions.pdf/pages/page-44/page-metadata.json,9449,,,source-text,,,none,text source for tools/import_ocr.py
unsorted-source-material/ocr-markdown-service-manual/ocr-playground-download-20260821T150015Z/Philips-VP415-Operating-Instructions.pdf/pages/page-45/markdown.md,3601,,,source-text,,,none,text source for tools/import_ocr.py
unsorted-source-material/ocr-markdown-service-manual/ocr-playground-download-20260821T150015Z/Philips-VP415-Operating-Instructions.pdf/pages/page-45/page-metadata.json,21485,,,source-text,,,none,text source for tools/import_ocr.py
unsorted-source-material/ocr-markdown-service-manual/ocr-playground-download-20260821T150015Z/Philips-VP415-Operating-Instructions.pdf/pages/page-46/markdown.md,2821,,,source-text,,,none,text source for tools/import_ocr.py
unsorted-source-material/ocr-markdown-service-manual/ocr-playground-download-20260821T150015Z/Philips-VP415-Operating-Instructions.pdf/pages/page-46/page-metadata.json,9337,,,source-text,,,none,text source for tools/import_ocr.py
unsorted-source-material/ocr-markdown-service-manual/ocr-playground-download-20260821T150015Z/Philips-VP415-Operating-Instructions.pdf/pages/page-5/markdown.md,809,,,source-text,,,none,text source for tools/import_ocr.py
unsorted-source-material/ocr-markdown-service-manual/ocr-playground-download-20260821T150015Z/Philips-VP415-Operating-Instructions.pdf/pages/page-5/page-metadata.json,6471,,,source-text,,,none,text source for tools/import_ocr.py
unsorted-source-material/ocr-markdown-service-manual/ocr-playground-download-20260821T150015Z/Philips-VP415-Operating-Instructions.pdf/pages/page-6/markdown.md,6500,,,source-text,,,none,text source for tools/import_ocr.py
unsorted-source-material/ocr-markdown-service-manual/ocr-playground-download-20260821T150015Z/Philips-VP415-Operating-Instructions.pdf/pages/page-6/page-metadata.json,12365,,,source-text,,,none,text source for tools/import_ocr.py
unsorted-source-material/ocr-markdown-service-manual/ocr-playground-download-20260821T150015Z/Philips-VP415-Operating-Instructions.pdf/pages/page-7/markdown.md,3419,,,source-text,,,none,text source for tools/import_ocr.py
unsorted-source-material/ocr-markdown-service-manual/ocr-playground-download-20260821T150015Z/Philips-VP415-Operating-Instructions.pdf/pages/page-7/page-metadata.json,9277,,,source-text,,,none,text source for tools/import_ocr.py
unsorted-source-material/ocr-markdown-service-manual/ocr-playground-download-20260821T150015Z/Philips-VP415-Operating-Instructions.pdf/pages/page-8/img-3.jpeg,6420,90,207,exclude,,,none,downscaled by the OCR vendor; never published (manifest §3)
unsorted-source-material/ocr-markdown-service-manual/ocr-playground-download-20260821T150015Z/Philips-VP415-Operating-Instructions.pdf/pages/page-8/img-4.jpeg,7624,166,148,exclude,,,none,downscaled by the OCR vendor; never published (manifest §3)
unsorted-source-material/ocr-markdown-service-manual/ocr-playground-download-20260821T150015Z/Philips-VP415-Operating-Instructions.pdf/pages/page-8/markdown.md,5605,,,source-text,,,none,text source for tools/import_ocr.py
unsorted-source-material/ocr-markdown-service-manual/ocr-playground-download-20260821T150015Z/Philips-VP415-Operating-Instructions.pdf/pages/page-8/page-metadata.json,13557,,,source-text,,,none,text source for tools/import_ocr.py
unsorted-source-material/ocr-markdown-service-manual/ocr-playground-download-20260821T150015Z/Philips-VP415-Operating-Instructions.pdf/pages/page-9/img-5.jpeg,16012,624,164,exclude,,,none,downscaled by the OCR vendor; never published (manifest §3)
unsorted-source-material/ocr-markdown-service-manual/ocr-playground-download-20260821T150015Z/Philips-VP415-Operating-Instructions.pdf/pages/page-9/img-6.jpeg,12695,625,155,exclude,,,none,downscaled by the OCR vendor; never published (manifest §3)
unsorted-source-material/ocr-markdown-service-manual/ocr-playground-download-20260821T150015Z/Philips-VP415-Operating-Instructions.pdf/pages/page-9/img-7.jpeg,16001,625,175,exclude,,,none,downscaled by the OCR vendor; never published (manifest §3)
unsorted-source-material/ocr-markdown-service-manual/ocr-playground-download-20260821T150015Z/Philips-VP415-Operating-Instructions.pdf/pages/page-9/img-8.jpeg,7748,624,73,exclude,,,none,downscaled by the OCR vendor; never published (manifest §3)
unsorted-source-material/ocr-markdown-service-manual/ocr-playground-download-20260821T150015Z/Philips-VP415-Operating-Instructions.pdf/pages/page-9/img-9.jpeg,9251,624,104,exclude,,,none,downscaled by the OCR vendor; never published (manifest §3)
unsorted-source-material/ocr-markdown-service-manual/ocr-playground-download-20260821T150015Z/Philips-VP415-Operating-Instructions.pdf/pages/page-9/markdown.md,176,,,source-text,,,none,text source for tools/import_ocr.py
unsorted-source-material/ocr-markdown-service-manual/ocr-playground-download-20260821T150015Z/Philips-VP415-Operating-Instructions.pdf/pages/page-9/page-metadata.json,1769,,,source-text,,,none,text source for tools/import_ocr.py
unsorted-source-material/ocr-markdown-service-manual/ocr-playground-download-20260821T150529Z/Philips-VP415-Service-Manual-hires-300-part1of5-pages001-044.pdf/markdown.md,133345,,,source-text,,,none,text source for tools/import_ocr.py
unsorted-source-material/ocr-markdown-service-manual/ocr-playground-download-20260821T150529Z/Philips-VP415-Service-Manual-hires-300-part1of5-pages001-044.pdf/pages/page-1/img-0.jpeg,2122,91,71,exclude,,,none,downscaled by the OCR vendor; never published (manifest §3)
unsorted-source-material/ocr-markdown-service-manual/ocr-playground-download-20260821T150529Z/Philips-VP415-Service-Manual-hires-300-part1of5-pages001-044.pdf/pages/page-1/img-1.jpeg,9742,351,181,exclude,,,none,downscaled by the OCR vendor; never published (manifest §3)
unsorted-source-material/ocr-markdown-service-manual/ocr-playground-download-20260821T150529Z/Philips-VP415-Service-Manual-hires-300-part1of5-pages001-044.pdf/pages/page-1/img-2.jpeg,1884,108,35,exclude,,,none,downscaled by the OCR vendor; never published (manifest §3)
unsorted-source-material/ocr-markdown-service-manual/ocr-playground-download-20260821T150529Z/Philips-VP415-Service-Manual-hires-300-part1of5-pages001-044.pdf/pages/page-1/img-3.jpeg,4333,173,85,exclude,,,none,downscaled by the OCR vendor; never published (manifest §3)
unsorted-source-material/ocr-markdown-service-manual/ocr-playground-download-20260821T150529Z/Philips-VP415-Service-Manual-hires-300-part1of5-pages001-044.pdf/pages/page-1/markdown.md,2089,,,source-text,,,none,text source for tools/import_ocr.py
unsorted-source-material/ocr-markdown-service-manual/ocr-playground-download-20260821T150529Z/Philips-VP415-Service-Manual-hires-300-part1of5-pages001-044.pdf/pages/page-1/page-metadata.json,12898,,,source-text,,,none,text source for tools/import_ocr.py
unsorted-source-material/ocr-markdown-service-manual/ocr-playground-download-20260821T150529Z/Philips-VP415-Service-Manual-hires-300-part1of5-pages001-044.pdf/pages/page-10/img-8.jpeg,4882,274,60,exclude,,,none,downscaled by the OCR vendor; never published (manifest §3)
unsorted-source-material/ocr-markdown-service-manual/ocr-playground-download-20260821T150529Z/Philips-VP415-Service-Manual-hires-300-part1of5-pages001-044.pdf/pages/page-10/img-9.jpeg,2901,122,58,exclude,,,none,downscaled by the OCR vendor; never published (manifest §3)
unsorted-source-material/ocr-markdown-service-manual/ocr-playground-download-20260821T150529Z/Philips-VP415-Service-Manual-hires-300-part1of5-pages001-044.pdf/pages/page-10/markdown.md,2651,,,source-text,,,none,text source for tools/import_ocr.py
unsorted-source-material/ocr-markdown-service-manual/ocr-playground-download-20260821T150529Z/Philips-VP415-Service-Manual-hires-300-part1of5-pages001-044.pdf/pages/page-10/page-metadata.json,9384,,,source-text,,,none,text source for tools/import_ocr.py
unsorted-source-material/ocr-markdown-service-manual/ocr-playground-download-20260821T150529Z/Philips-VP415-Service-Manual-hires-300-part1of5-pages001-044.pdf/pages/page-11/markdown.md,1459,,,source-text,,,none,text source for tools/import_ocr.py
unsorted-source-material/ocr-markdown-service-manual/ocr-playground-download-20260821T150529Z/Philips-VP415-Service-Manual-hires-300-part1of5-pages001-044.pdf/pages/page-11/page-metadata.json,4920,,,source-text,,,none,text source for tools/import_ocr.py
unsorted-source-material/ocr-markdown-service-manual/ocr-playground-download-20260821T150529Z/Philips-VP415-Service-Manual-hires-300-part1of5-pages001-044.pdf/pages/page-12/img-10.jpeg,55510,875,450,exclude,,,none,downscaled by the OCR vendor; never published (manifest §3)
unsorted-source-material/ocr-markdown-service-manual/ocr-playground-download-20260821T150529Z/Philips-VP415-Service-Manual-hires-300-part1of5-pages001-044.pdf/pages/page-12/markdown.md,67,,,source-text,,,none,text source for tools/import_ocr.py
unsorted-source-material/ocr-markdown-service-manual/ocr-playground-download-20260821T150529Z/Philips-VP415-Service-Manual-hires-300-part1of5-pages001-044.pdf/pages/page-12/page-metadata.json,984,,,source-text,,,none,text source for tools/import_ocr.py
unsorted-source-material/ocr-markdown-service-manual/ocr-playground-download-20260821T150529Z/Philips-VP415-Service-Manual-hires-300-part1of5-pages001-044.pdf/pages/page-13/img-11.jpeg,7325,255,160,exclude,,,none,downscaled by the OCR vendor; never published (manifest §3)
unsorted-source-material/ocr-markdown-service-manual/ocr-playground-download-20260821T150529Z/Philips-VP415-Service-Manual-hires-300-part1of5-pages001-044.pdf/pages/page-13/img-12.jpeg,15102,327,290,exclude,,,none,downscaled by the OCR vendor; never published (manifest §3)
unsorted-source-material/ocr-markdown-service-manual/ocr-playground-download-20260821T150529Z/Philips-VP415-Service-Manual-hires-300-part1of5-pages001-044.pdf/pages/page-13/img-13.jpeg,8629,254,151,exclude,,,none,downscaled by the OCR vendor; never published (manifest §3)
unsorted-source-material/ocr-markdown-service-manual/ocr-playground-download-20260821T150529Z/Philips-VP415-Service-Manual-hires-300-part1of5-pages001-044.pdf/pages/page-13/img-14.jpeg,8577,298,193,exclude,,,none,downscaled by the OCR vendor; never published (manifest §3)
unsorted-source-material/ocr-markdown-service-manual/ocr-playground-download-20260821T150529Z/Philips-VP415-Service-Manual-hires-300-part1of5-pages001-044.pdf/pages/page-13/img-15.jpeg,7591,301,134,exclude,,,none,downscaled by the OCR vendor; never published (manifest §3)
unsorted-source-material/ocr-markdown-service-manual/ocr-playground-download-20260821T150529Z/Philips-VP415-Service-Manual-hires-300-part1of5-pages001-044.pdf/pages/page-13/img-16.jpeg,9235,263,253,exclude,,,none,downscaled by the OCR vendor; never published (manifest §3)
unsorted-source-material/ocr-markdown-service-manual/ocr-playground-download-20260821T150529Z/Philips-VP415-Service-Manual-hires-300-part1of5-pages001-044.pdf/pages/page-13/img-17.jpeg,9646,235,240,exclude,,,none,downscaled by the OCR vendor; never published (manifest §3)
unsorted-source-material/ocr-markdown-service-manual/ocr-playground-download-20260821T150529Z/Philips-VP415-Service-Manual-hires-300-part1of5-pages001-044.pdf/pages/page-13/img-18.jpeg,7909,237,285,exclude,,,none,downscaled by the OCR vendor; never published (manifest §3)
unsorted-source-material/ocr-markdown-service-manual/ocr-playground-download-20260821T150529Z/Philips-VP415-Service-Manual-hires-300-part1of5-pages001-044.pdf/pages/page-13/markdown.md,541,,,source-text,,,none,text source for tools/import_ocr.py
unsorted-source-material/ocr-markdown-service-manual/ocr-playground-download-20260821T150529Z/Philips-VP415-Service-Manual-hires-300-part1of5-pages001-044.pdf/pages/page-13/page-metadata.json,5006,,,source-text,,,none,text source for tools/import_ocr.py
unsorted-source-material/ocr-markdown-service-manual/ocr-playground-download-20260821T150529Z/Philips-VP415-Service-Manual-hires-300-part1of5-pages001-044.pdf/pages/page-14/img-19.jpeg,14178,212,442,exclude,,,none,downscaled by the OCR vendor; never published (manifest §3)
unsorted-source-material/ocr-markdown-service-manual/ocr-playground-download-20260821T150529Z/Philips-VP415-Service-Manual-hires-300-part1of5-pages001-044.pdf/pages/page-14/img-20.jpeg,17189,187,442,exclude,,,none,downscaled by the OCR vendor; never published (manifest §3)
unsorted-source-material/ocr-markdown-service-manual/ocr-playground-download-20260821T150529Z/Philips-VP415-Service-Manual-hires-300-part1of5-pages001-044.pdf/pages/page-14/img-21.jpeg,15728,186,441,exclude,,,none,downscaled by the OCR vendor; never published (manifest §3)
unsorted-source-material/ocr-markdown-service-manual/ocr-playground-download-20260821T150529Z/Philips-VP415-Service-Manual-hires-300-part1of5-pages001-044.pdf/pages/page-14/markdown.md,935,,,source-text,,,none,text source for tools/import_ocr.py
unsorted-source-material/ocr-markdown-service-manual/ocr-playground-download-20260821T150529Z/Philips-VP415-Service-Manual-hires-300-part1of5-pages001-044.pdf/pages/page-14/page-metadata.json,4310,,,source-text,,,none,text source for tools/import_ocr.py
unsorted-source-material/ocr-markdown-service-manual/ocr-playground-download-20260821T150529Z/Philips-VP415-Service-Manual-hires-300-part1of5-pages001-044.pdf/pages/page-15/img-22.jpeg,58895,615,892,exclude,,,none,downscaled by the OCR vendor; never published (manifest §3)
unsorted-source-material/ocr-markdown-service-manual/ocr-playground-download-20260821T150529Z/Philips-VP415-Service-Manual-hires-300-part1of5-pages001-044.pdf/pages/page-15/markdown.md,52,,,source-text,,,none,text source for tools/import_ocr.py
unsorted-source-material/ocr-markdown-service-manual/ocr-playground-download-20260821T150529Z/Philips-VP415-Service-Manual-hires-300-part1of5-pages001-044.pdf/pages/page-15/page-metadata.json,777,,,source-text,,,none,text source for tools/import_ocr.py
unsorted-source-material/ocr-markdown-service-manual/ocr-playground-download-20260821T150529Z/Philips-VP415-Service-Manual-hires-300-part1of5-pages001-044.pdf/pages/page-16/img-23.jpeg,41381,443,624,exclude,,,none,downscaled by the OCR vendor; never published (manifest §3)
unsorted-source-material/ocr-markdown-service-manual/ocr-playground-download-20260821T150529Z/Philips-VP415-Service-Manual-hires-300-part1of5-pages001-044.pdf/pages/page-16/img-24.jpeg,42440,438,624,exclude,,,none,downscaled by the OCR vendor; never published (manifest §3)
unsorted-source-material/ocr-markdown-service-manual/ocr-playground-download-20260821T150529Z/Philips-VP415-Service-Manual-hires-300-part1of5-pages001-044.pdf/pages/page-16/markdown.md,96,,,source-text,,,none,text source for tools/import_ocr.py
unsorted-source-material/ocr-markdown-service-manual/ocr-playground-download-20260821T150529Z/Philips-VP415-Service-Manual-hires-300-part1of5-pages001-044.pdf/pages/page-16/page-metadata.json,1042,,,source-text,,,none,text source for tools/import_ocr.py
unsorted-source-material/ocr-markdown-service-manual/ocr-playground-download-20260821T150529Z/Philips-VP415-Service-Manual-hires-300-part1of5-pages001-044.pdf/pages/page-17/markdown.md,4731,,,source-text,,,none,text source for tools/import_ocr.py
unsorted-source-material/ocr-markdown-service-manual/ocr-playground-download-20260821T150529Z/Philips-VP415-Service-Manual-hires-300-part1of5-pages001-044.pdf/pages/page-17/page-metadata.json,45939,,,source-text,,,none,text source for tools/import_ocr.py
unsorted-source-material/ocr-markdown-service-manual/ocr-playground-download-20260821T150529Z/Philips-VP415-Service-Manual-hires-300-part1of5-pages001-044.pdf/pages/page-18/markdown.md,159,,,source-text,,,none,text source for tools/import_ocr.py
unsorted-source-material/ocr-markdown-service-manual/ocr-playground-download-20260821T150529Z/Philips-VP415-Service-Manual-hires-300-part1of5-pages001-044.pdf/pages/page-18/page-metadata.json,1594,,,source-text,,,none,text source for tools/import_ocr.py
unsorted-source-material/ocr-markdown-service-manual/ocr-playground-download-20260821T150529Z/Philips-VP415-Service-Manual-hires-300-part1of5-pages001-044.pdf/pages/page-19/img-25.jpeg,31083,507,505,exclude,,,none,downscaled by the OCR vendor; never published (manifest §3)
unsorted-source-material/ocr-markdown-service-manual/ocr-playground-download-20260821T150529Z/Philips-VP415-Service-Manual-hires-300-part1of5-pages001-044.pdf/pages/page-19/img-26.jpeg,11495,352,348,exclude,,,none,downscaled by the OCR vendor; never published (manifest §3)
unsorted-source-material/ocr-markdown-service-manual/ocr-playground-download-20260821T150529Z/Philips-VP415-Service-Manual-hires-300-part1of5-pages001-044.pdf/pages/page-19/markdown.md,117,,,source-text,,,none,text source for tools/import_ocr.py
unsorted-source-material/ocr-markdown-service-manual/ocr-playground-download-20260821T150529Z/Philips-VP415-Service-Manual-hires-300-part1of5-pages001-044.pdf/pages/page-19/page-metadata.json,1251,,,source-text,,,none,text source for tools/import_ocr.py
unsorted-source-material/ocr-markdown-service-manual/ocr-playground-download-20260821T150529Z/Philips-VP415-Service-Manual-hires-300-part1of5-pages001-044.pdf/pages/page-2/markdown.md,736,,,source-text,,,none,text source for tools/import_ocr.py
unsorted-source-material/ocr-markdown-service-manual/ocr-playground-download-20260821T150529Z/Philips-VP415-Service-Manual-hires-300-part1of5-pages001-044.pdf/pages/page-2/page-metadata.json,8091,,,source-text,,,none,text source for tools/import_ocr.py
unsorted-source-material/ocr-markdown-service-manual/ocr-playground-download-20260821T150529Z/Philips-VP415-Service-Manual-hires-300-part1of5-pages001-044.pdf/pages/page-20/markdown.md,9135,,,source-text,,,none,text source for tools/import_ocr.py
unsorted-source-material/ocr-markdown-service-manual/ocr-playground-download-20260821T150529Z/Philips-VP415-Service-Manual-hires-300-part1of5-pages001-044.pdf/pages/page-20/page-metadata.json,10182,,,source-text,,,none,text source for tools/import_ocr.py
unsorted-source-material/ocr-markdown-service-manual/ocr-playground-download-20260821T150529Z/Philips-VP415-Service-Manual-hires-300-part1of5-pages001-044.pdf/pages/page-21/img-27.jpeg,74181,922,638,exclude,,,none,downscaled by the OCR vendor; never published (manifest §3)
unsorted-source-material/ocr-markdown-service-manual/ocr-playground-download-20260821T150529Z/Philips-VP415-Service-Manual-hires-300-part1of5-pages001-044.pdf/pages/page-21/markdown.md,39,,,source-text,,,none,text source for tools/import_ocr.py
unsorted-source-material/ocr-markdown-service-manual/ocr-playground-download-20260821T150529Z/Philips-VP415-Service-Manual-hires-300-part1of5-pages001-044.pdf/pages/page-21/page-metadata.json,1150,,,source-text,,,none,text source for tools/import_ocr.py
unsorted-source-material/ocr-markdown-service-manual/ocr-playground-download-20260821T150529Z/Philips-VP415-Service-Manual-hires-300-part1of5-pages001-044.pdf/pages/page-22/img-28.jpeg,94939,1009,639,exclude,,,none,downscaled by the OCR vendor; never published (manifest §3)
unsorted-source-material/ocr-markdown-service-manual/ocr-playground-download-20260821T150529Z/Philips-VP415-Service-Manual-hires-300-part1of5-pages001-044.pdf/pages/page-22/markdown.md,37,,,source-text,,,none,text source for tools/import_ocr.py
unsorted-source-material/ocr-markdown-service-manual/ocr-playground-download-20260821T150529Z/Philips-VP415-Service-Manual-hires-300-part1of5-pages001-044.pdf/pages/page-22/page-metadata.json,580,,,source-text,,,none,text source for tools/import_ocr.py
unsorted-source-material/ocr-markdown-service-manual/ocr-playground-download-20260821T150529Z/Philips-VP415-Service-Manual-hires-300-part1of5-pages001-044.pdf/pages/page-23/img-29.jpeg,21383,674,471,exclude,,,none,downscaled by the OCR vendor; never published (manifest §3)
unsorted-source-material/ocr-markdown-service-manual/ocr-playground-download-20260821T150529Z/Philips-VP415-Service-Manual-hires-300-part1of5-pages001-044.pdf/pages/page-23/markdown.md,67,,,source-text,,,none,text source for tools/import_ocr.py
unsorted-source-material/ocr-markdown-service-manual/ocr-playground-download-20260821T150529Z/Philips-VP415-Service-Manual-hires-300-part1of5-pages001-044.pdf/pages/page-23/page-metadata.json,981,,,source-text,,,none,text source for tools/import_ocr.py
unsorted-source-material/ocr-markdown-service-manual/ocr-playground-download-20260821T150529Z/Philips-VP415-Service-Manual-hires-300-part1of5-pages001-044.pdf/pages/page-24/img-30.jpeg,40041,852,603,exclude,,,none,downscaled by the OCR vendor; never published (manifest §3)
unsorted-source-material/ocr-markdown-service-manual/ocr-playground-download-20260821T150529Z/Philips-VP415-Service-Manual-hires-300-part1of5-pages001-044.pdf/pages/page-24/markdown.md,68,,,source-text,,,none,text source for tools/import_ocr.py
unsorted-source-material/ocr-markdown-service-manual/ocr-playground-download-20260821T150529Z/Philips-VP415-Service-Manual-hires-300-part1of5-pages001-044.pdf/pages/page-24/page-metadata.json,796,,,source-text,,,none,text source for tools/import_ocr.py
unsorted-source-material/ocr-markdown-service-manual/ocr-playground-download-20260821T150529Z/Philips-VP415-Service-Manual-hires-300-part1of5-pages001-044.pdf/pages/page-25/img-31.jpeg,43888,850,348,exclude,,,none,downscaled by the OCR vendor; never published (manifest §3)
unsorted-source-material/ocr-markdown-service-manual/ocr-playground-download-20260821T150529Z/Philips-VP415-Service-Manual-hires-300-part1of5-pages001-044.pdf/pages/page-25/markdown.md,68,,,source-text,,,none,text source for tools/import_ocr.py
unsorted-source-material/ocr-markdown-service-manual/ocr-playground-download-20260821T150529Z/Philips-VP415-Service-Manual-hires-300-part1of5-pages001-044.pdf/pages/page-25/page-metadata.json,795,,,source-text,,,none,text source for tools/import_ocr.py
unsorted-source-material/ocr-markdown-service-manual/ocr-playground-download-20260821T150529Z/Philips-VP415-Service-Manual-hires-300-part1of5-pages001-044.pdf/pages/page-26/img-32.jpeg,40196,690,437,exclude,,,none,downscaled by the OCR vendor; never published (manifest §3)
unsorted-source-material/ocr-markdown-service-manual/ocr-playground-download-20260821T150529Z/Philips-VP415-Service-Manual-hires-300-part1of5-pages001-044.pdf/pages/page-26/markdown.md,59,,,source-text,,,none,text source for tools/import_ocr.py
unsorted-source-material/ocr-markdown-service-manual/ocr-playground-download-20260821T150529Z/Philips-VP415-Service-Manual-hires-300-part1of5-pages001-044.pdf/pages/page-26/page-metadata.json,788,,,source-text,,,none,text source for tools/import_ocr.py
unsorted-source-material/ocr-markdown-service-manual/ocr-playground-download-20260821T150529Z/Philips-VP415-Service-Manual-hires-300-part1of5-pages001-044.pdf/pages/page-27/markdown.md,2312,,,source-text,,,none,text source for tools/import_ocr.py
unsorted-source-material/ocr-markdown-service-manual/ocr-playground-download-20260821T150529Z/Philips-VP415-Service-Manual-hires-300-part1of5-pages001-044.pdf/pages/page-27/page-metadata.json,3486,,,source-text,,,none,text source for tools/import_ocr.py
unsorted-source-material/ocr-markdown-service-manual/ocr-playground-download-20260821T150529Z/Philips-VP415-Service-Manual-hires-300-part1of5-pages001-044.pdf/pages/page-28/markdown.md,126,,,source-text,,,none,text source for tools/import_ocr.py
unsorted-source-material/ocr-markdown-service-manual/ocr-playground-download-20260821T150529Z/Philips-VP415-Service-Manual-hires-300-part1of5-pages001-044.pdf/pages/page-28/page-metadata.json,1194,,,source-text,,,none,text source for tools/import_ocr.py
unsorted-source-material/ocr-markdown-service-manual/ocr-playground-download-20260821T150529Z/Philips-VP415-Service-Manual-hires-300-part1of5-pages001-044.pdf/pages/page-29/markdown.md,600,,,source-text,,,none,text source for tools/import_ocr.py
unsorted-source-material/ocr-markdown-service-manual/ocr-playground-download-20260821T150529Z/Philips-VP415-Service-Manual-hires-300-part1of5-pages001-044.pdf/pages/page-29/page-metadata.json,1345,,,source-text,,,none,text source for tools/import_ocr.py
unsorted-source-material/ocr-markdown-service-manual/ocr-playground-download-20260821T150529Z/Philips-VP415-Service-Manual-hires-300-part1of5-pages001-044.pdf/pages/page-3/markdown.md,79,,,source-text,,,none,text source for tools/import_ocr.py
unsorted-source-material/ocr-markdown-service-manual/ocr-playground-download-20260821T150529Z/Philips-VP415-Service-Manual-hires-300-part1of5-pages001-044.pdf/pages/page-3/page-metadata.json,951,,,source-text,,,none,text source for tools/import_ocr.py
unsorted-source-material/ocr-markdown-service-manual/ocr-playground-download-20260821T150529Z/Philips-VP415-Service-Manual-hires-300-part1of5-pages001-044.pdf/pages/page-30/img-33.jpeg,33252,645,600,exclude,,,none,downscaled by the OCR vendor; never published (manifest §3)
unsorted-source-material/ocr-markdown-service-manual/ocr-playground-download-20260821T150529Z/Philips-VP415-Service-Manual-hires-300-part1of5-pages001-044.pdf/pages/page-30/img-34.jpeg,17891,240,601,exclude,,,none,downscaled by the OCR vendor; never published (manifest §3)
unsorted-source-material/ocr-markdown-service-manual/ocr-playground-download-20260821T150529Z/Philips-VP415-Service-Manual-hires-300-part1of5-pages001-044.pdf/pages/page-30/markdown.md,72,,,source-text,,,none,text source for tools/import_ocr.py
unsorted-source-material/ocr-markdown-service-manual/ocr-playground-download-20260821T150529Z/Philips-VP415-Service-Manual-hires-300-part1of5-pages001-044.pdf/pages/page-30/page-metadata.json,833,,,source-text,,,none,text source for tools/import_ocr.py
unsorted-source-material/ocr-markdown-service-manual/ocr-playground-download-20260821T150529Z/Philips-VP415-Service-Manual-hires-300-part1of5-pages001-044.pdf/pages/page-31/img-35.jpeg,19857,329,600,exclude,,,none,downscaled by the OCR vendor; never published (manifest §3)
unsorted-source-material/ocr-markdown-service-manual/ocr-playground-download-20260821T150529Z/Philips-VP415-Service-Manual-hires-300-part1of5-pages001-044.pdf/pages/page-31/img-36.jpeg,35500,641,599,exclude,,,none,downscaled by the OCR vendor; never published (manifest §3)
unsorted-source-material/ocr-markdown-service-manual/ocr-playground-download-20260821T150529Z/Philips-VP415-Service-Manual-hires-300-part1of5-pages001-044.pdf/pages/page-31/markdown.md,99,,,source-text,,,none,text source for tools/import_ocr.py
unsorted-source-material/ocr-markdown-service-manual/ocr-playground-download-20260821T150529Z/Philips-VP415-Service-Manual-hires-300-part1of5-pages001-044.pdf/pages/page-31/page-metadata.json,1420,,,source-text,,,none,text source for tools/import_ocr.py
unsorted-source-material/ocr-markdown-service-manual/ocr-playground-download-20260821T150529Z/Philips-VP415-Service-Manual-hires-300-part1of5-pages001-044.pdf/pages/page-32/img-37.jpeg,67192,655,447,exclude,,,none,downscaled by the OCR vendor; never published (manifest §3)
unsorted-source-material/ocr-markdown-service-manual/ocr-playground-download-20260821T150529Z/Philips-VP415-Service-Manual-hires-300-part1of5-pages001-044.pdf/pages/page-32/markdown.md,3329,,,source-text,,,none,text source for tools/import_ocr.py
unsorted-source-material/ocr-markdown-service-manual/ocr-playground-download-20260821T150529Z/Philips-VP415-Service-Manual-hires-300-part1of5-pages001-044.pdf/pages/page-32/page-metadata.json,8197,,,source-text,,,none,text source for tools/import_ocr.py
unsorted-source-material/ocr-markdown-service-manual/ocr-playground-download-20260821T150529Z/Philips-VP415-Service-Manual-hires-300-part1of5-pages001-044.pdf/pages/page-33/img-38.jpeg,51615,724,606,exclude,,,none,downscaled by the OCR vendor; never published (manifest §3)
unsorted-source-material/ocr-markdown-service-manual/ocr-playground-download-20260821T150529Z/Philips-VP415-Service-Manual-hires-300-part1of5-pages001-044.pdf/pages/page-33/markdown.md,21278,,,source-text,,,none,text source for tools/import_ocr.py
unsorted-source-material/ocr-markdown-service-manual/ocr-playground-download-20260821T150529Z/Philips-VP415-Service-Manual-hires-300-part1of5-pages001-044.pdf/pages/page-33/page-metadata.json,384,,,source-text,,,none,text source for tools/import_ocr.py
unsorted-source-material/ocr-markdown-service-manual/ocr-playground-download-20260821T150529Z/Philips-VP415-Service-Manual-hires-300-part1of5-pages001-044.pdf/pages/page-34/img-39.jpeg,65481,880,584,exclude,,,none,downscaled by the OCR vendor; never published (manifest §3)
unsorted-source-material/ocr-markdown-service-manual/ocr-playground-download-20260821T150529Z/Philips-VP415-Service-Manual-hires-300-part1of5-pages001-044.pdf/pages/page-34/markdown.md,330,,,source-text,,,none,text source for tools/import_ocr.py
unsorted-source-material/ocr-markdown-service-manual/ocr-playground-download-20260821T150529Z/Philips-VP415-Service-Manual-hires-300-part1of5-pages001-044.pdf/pages/page-34/page-metadata.json,1056,,,source-text,,,none,text source for tools/import_ocr.py
unsorted-source-material/ocr-markdown-service-manual/ocr-playground-download-20260821T150529Z/Philips-VP415-Service-Manual-hires-300-part1of5-pages001-044.pdf/pages/page-35/img-40.jpeg,2222,169,81,exclude,,,none,downscaled by the OCR vendor; never published (manifest §3)
unsorted-source-material/ocr-markdown-service-manual/ocr-playground-download-20260821T150529Z/Philips-VP415-Service-Manual-hires-300-part1of5-pages001-044.pdf/pages/page-35/img-41.jpeg,3606,151,126,exclude,,,none,downscaled by the OCR vendor; never published (manifest §3)
unsorted-source-material/ocr-markdown-service-manual/ocr-playground-download-20260821T150529Z/Philips-VP415-Service-Manual-hires-300-part1of5-pages001-044.pdf/pages/page-35/img-42.jpeg,7813,182,259,exclude,,,none,downscaled by the OCR vendor; never published (manifest §3)
unsorted-source-material/ocr-markdown-service-manual/ocr-playground-download-20260821T150529Z/Philips-VP415-Service-Manual-hires-300-part1of5-pages001-044.pdf/pages/page-35/img-43.jpeg,11840,272,182,exclude,,,none,downscaled by the OCR vendor; never published (manifest §3)
unsorted-source-material/ocr-markdown-service-manual/ocr-playground-download-20260821T150529Z/Philips-VP415-Service-Manual-hires-300-part1of5-pages001-044.pdf/pages/page-35/img-44.jpeg,9834,272,183,exclude,,,none,downscaled by the OCR vendor; never published (manifest §3)
unsorted-source-material/ocr-markdown-service-manual/ocr-playground-download-20260821T150529Z/Philips-VP415-Service-Manual-hires-300-part1of5-pages001-044.pdf/pages/page-35/markdown.md,4281,,,source-text,,,none,text source for tools/import_ocr.py
unsorted-source-material/ocr-markdown-service-manual/ocr-playground-download-20260821T150529Z/Philips-VP415-Service-Manual-hires-300-part1of5-pages001-044.pdf/pages/page-35/page-metadata.json,19426,,,source-text,,,none,text source for tools/import_ocr.py
unsorted-source-material/ocr-markdown-service-manual/ocr-playground-download-20260821T150529Z/Philips-VP415-Service-Manual-hires-300-part1of5-pages001-044.pdf/pages/page-36/img-45.jpeg,1484,74,78,exclude,,,none,downscaled by the OCR vendor; never published (manifest §3)
unsorted-source-material/ocr-markdown-service-manual/ocr-playground-download-20260821T150529Z/Philips-VP415-Service-Manual-hires-300-part1of5-pages001-044.pdf/pages/page-36/img-46.jpeg,1036,74,46,exclude,,,none,downscaled by the OCR vendor; never published (manifest §3)
unsorted-source-material/ocr-markdown-service-manual/ocr-playground-download-20260821T150529Z/Philips-VP415-Service-Manual-hires-300-part1of5-pages001-044.pdf/pages/page-36/img-47.jpeg,1065,74,46,exclude,,,none,downscaled by the OCR vendor; never published (manifest §3)
unsorted-source-material/ocr-markdown-service-manual/ocr-playground-download-20260821T150529Z/Philips-VP415-Service-Manual-hires-300-part1of5-pages001-044.pdf/pages/page-36/img-48.jpeg,1184,74,52,exclude,,,none,downscaled by the OCR vendor; never published (manifest §3)
unsorted-source-material/ocr-markdown-service-manual/ocr-playground-download-20260821T150529Z/Philips-VP415-Service-Manual-hires-300-part1of5-pages001-044.pdf/pages/page-36/img-49.jpeg,26341,670,185,exclude,,,none,downscaled by the OCR vendor; never published (manifest §3)
unsorted-source-material/ocr-markdown-service-manual/ocr-playground-download-20260821T150529Z/Philips-VP415-Service-Manual-hires-300-part1of5-pages001-044.pdf/pages/page-36/img-50.jpeg,23774,672,188,exclude,,,none,downscaled by the OCR vendor; never published (manifest §3)
unsorted-source-material/ocr-markdown-service-manual/ocr-playground-download-20260821T150529Z/Philips-VP415-Service-Manual-hires-300-part1of5-pages001-044.pdf/pages/page-36/markdown.md,4952,,,source-text,,,none,text source for tools/import_ocr.py
unsorted-source-material/ocr-markdown-service-manual/ocr-playground-download-20260821T150529Z/Philips-VP415-Service-Manual-hires-300-part1of5-pages001-044.pdf/pages/page-36/page-metadata.json,13515,,,source-text,,,none,text source for tools/import_ocr.py
unsorted-source-material/ocr-markdown-service-manual/ocr-playground-download-20260821T150529Z/Philips-VP415-Service-Manual-hires-300-part1of5-pages001-044.pdf/pages/page-37/img-51.jpeg,2463,126,125,exclude,,,none,downscaled by the OCR vendor; never published (manifest §3)
unsorted-source-material/ocr-markdown-service-manual/ocr-playground-download-20260821T150529Z/Philips-VP415-Service-Manual-hires-300-part1of5-pages001-044.pdf/pages/page-37/img-52.jpeg,22512,598,187,exclude,,,none,downscaled by the OCR vendor; never published (manifest §3)
unsorted-source-material/ocr-markdown-service-manual/ocr-playground-download-20260821T150529Z/Philips-VP415-Service-Manual-hires-300-part1of5-pages001-044.pdf/pages/page-37/img-53.jpeg,22935,598,187,exclude,,,none,downscaled by the OCR vendor; never published (manifest §3)
unsorted-source-material/ocr-markdown-service-manual/ocr-playground-download-20260821T150529Z/Philips-VP415-Service-Manual-hires-300-part1of5-pages001-044.pdf/pages/page-37/markdown.md,4140,,,source-text,,,none,text source for tools/import_ocr.py
unsorted-source-material/ocr-markdown-service-manual/ocr-playground-download-20260821T150529Z/Philips-VP415-Service-Manual-hires-300-part1of5-pages001-044.pdf/pages/page-37/page-metadata.json,12796,,,source-text,,,none,text source for tools/import_ocr.py
unsorted-source-material/ocr-markdown-service-manual/ocr-playground-download-20260821T150529Z/Philips-VP415-Service-Manual-hires-300-part1of5-pages001-044.pdf/pages/page-38/markdown.md,18876,,,source-text,,,none,text source for tools/import_ocr.py
unsorted-source-material/ocr-markdown-service-manual/ocr-playground-download-20260821T150529Z/Philips-VP415-Service-Manual-hires-300-part1of5-pages001-044.pdf/pages/page-38/page-metadata.json,33799,,,source-text,,,none,text source for tools/import_ocr.py
unsorted-source-material/ocr-markdown-service-manual/ocr-playground-download-20260821T150529Z/Philips-VP415-Service-Manual-hires-300-part1of5-pages001-044.pdf/pages/page-39/img-54.jpeg,72757,981,598,exclude,,,none,downscaled by the OCR vendor; never published (manifest §3)
unsorted-source-material/ocr-markdown-service-manual/ocr-playground-download-20260821T150529Z/Philips-VP415-Service-Manual-hires-300-part1of5-pages001-044.pdf/pages/page-39/markdown.md,8249,,,source-text,,,none,text source for tools/import_ocr.py
unsorted-source-material/ocr-markdown-service-manual/ocr-playground-download-20260821T150529Z/Philips-VP415-Service-Manual-hires-300-part1of5-pages001-044.pdf/pages/page-39/page-metadata.json,8971,,,source-text,,,none,text source for tools/import_ocr.py
unsorted-source-material/ocr-markdown-service-manual/ocr-playground-download-20260821T150529Z/Philips-VP415-Service-Manual-hires-300-part1of5-pages001-044.pdf/pages/page-4/markdown.md,3987,,,source-text,,,none,text source for tools/import_ocr.py
unsorted-source-material/ocr-markdown-service-manual/ocr-playground-download-20260821T150529Z/Philips-VP415-Service-Manual-hires-300-part1of5-pages001-044.pdf/pages/page-4/page-metadata.json,8555,,,source-text,,,none,text source for tools/import_ocr.py
unsorted-source-material/ocr-markdown-service-manual/ocr-playground-download-20260821T150529Z/Philips-VP415-Service-Manual-hires-300-part1of5-pages001-044.pdf/pages/page-40/img-55.jpeg,76862,943,584,exclude,,,none,downscaled by the OCR vendor; never published (manifest §3)
unsorted-source-material/ocr-markdown-service-manual/ocr-playground-download-20260821T150529Z/Philips-VP415-Service-Manual-hires-300-part1of5-pages001-044.pdf/pages/page-40/markdown.md,1248,,,source-text,,,none,text source for tools/import_ocr.py
unsorted-source-material/ocr-markdown-service-manual/ocr-playground-download-20260821T150529Z/Philips-VP415-Service-Manual-hires-300-part1of5-pages001-044.pdf/pages/page-40/page-metadata.json,7767,,,source-text,,,none,text source for tools/import_ocr.py
unsorted-source-material/ocr-markdown-service-manual/ocr-playground-download-20260821T150529Z/Philips-VP415-Service-Manual-hires-300-part1of5-pages001-044.pdf/pages/page-41/img-56.jpeg,29055,667,185,exclude,,,none,downscaled by the OCR vendor; never published (manifest §3)
unsorted-source-material/ocr-markdown-service-manual/ocr-playground-download-20260821T150529Z/Philips-VP415-Service-Manual-hires-300-part1of5-pages001-044.pdf/pages/page-41/img-57.jpeg,26939,667,189,exclude,,,none,downscaled by the OCR vendor; never published (manifest §3)
unsorted-source-material/ocr-markdown-service-manual/ocr-playground-download-20260821T150529Z/Philips-VP415-Service-Manual-hires-300-part1of5-pages001-044.pdf/pages/page-41/markdown.md,3579,,,source-text,,,none,text source for tools/import_ocr.py
unsorted-source-material/ocr-markdown-service-manual/ocr-playground-download-20260821T150529Z/Philips-VP415-Service-Manual-hires-300-part1of5-pages001-044.pdf/pages/page-41/page-metadata.json,8064,,,source-text,,,none,text source for tools/import_ocr.py
unsorted-source-material/ocr-markdown-service-manual/ocr-playground-download-20260821T150529Z/Philips-VP415-Service-Manual-hires-300-part1of5-pages001-044.pdf/pages/page-42/img-58.jpeg,18656,352,216,exclude,,,none,downscaled by the OCR vendor; never published (manifest §3)
unsorted-source-material/ocr-markdown-service-manual/ocr-playground-download-20260821T150529Z/Philips-VP415-Service-Manual-hires-300-part1of5-pages001-044.pdf/pages/page-42/img-59.jpeg,19067,352,228,exclude,,,none,downscaled by the OCR vendor; never published (manifest §3)
unsorted-source-material/ocr-markdown-service-manual/ocr-playground-download-20260821T150529Z/Philips-VP415-Service-Manual-hires-300-part1of5-pages001-044.pdf/pages/page-42/markdown.md,412,,,source-text,,,none,text source for tools/import_ocr.py
unsorted-source-material/ocr-markdown-service-manual/ocr-playground-download-20260821T150529Z/Philips-VP415-Service-Manual-hires-300-part1of5-pages001-044.pdf/pages/page-42/page-metadata.json,2680,,,source-text,,,none,text source for tools/import_ocr.py
unsorted-source-material/ocr-markdown-service-manual/ocr-playground-download-20260821T150529Z/Philips-VP415-Service-Manual-hires-300-part1of5-pages001-044.pdf/pages/page-43/img-60.jpeg,21523,364,435,exclude,,,none,downscaled by the OCR vendor; never published (manifest §3)
unsorted-source-material/ocr-markdown-service-manual/ocr-playground-download-20260821T150529Z/Philips-VP415-Service-Manual-hires-300-part1of5-pages001-044.pdf/pages/page-43/markdown.md,11937,,,source-text,,,none,text source for tools/import_ocr.py
unsorted-source-material/ocr-markdown-service-manual/ocr-playground-download-20260821T150529Z/Philips-VP415-Service-Manual-hires-300-part1of5-pages001-044.pdf/pages/page-43/page-metadata.json,12689,,,source-text,,,none,text source for tools/import_ocr.py
unsorted-source-material/ocr-markdown-service-manual/ocr-playground-download-20260821T150529Z/Philips-VP415-Service-Manual-hires-300-part1of5-pages001-044.pdf/pages/page-44/img-61.jpeg,75194,867,597,exclude,,,none,downscaled by the OCR vendor; never published (manifest §3)
unsorted-source-material/ocr-markdown-service-manual/ocr-playground-download-20260821T150529Z/Philips-VP415-Service-Manual-hires-300-part1of5-pages001-044.pdf/pages/page-44/markdown.md,9485,,,source-text,,,none,text source for tools/import_ocr.py
unsorted-source-material/ocr-markdown-service-manual/ocr-playground-download-20260821T150529Z/Philips-VP415-Service-Manual-hires-300-part1of5-pages001-044.pdf/pages/page-44/page-metadata.json,10234,,,source-text,,,none,text source for tools/import_ocr.py
unsorted-source-material/ocr-markdown-service-manual/ocr-playground-download-20260821T150529Z/Philips-VP415-Service-Manual-hires-300-part1of5-pages001-044.pdf/pages/page-5/img-4.jpeg,19935,508,288,exclude,,,none,downscaled by the OCR vendor; never published (manifest §3)
unsorted-source-material/ocr-markdown-service-manual/ocr-playground-download-20260821T150529Z/Philips-VP415-Service-Manual-hires-300-part1of5-pages001-044.pdf/pages/page-5/img-5.jpeg,32308,641,294,exclude,,,none,downscaled by the OCR vendor; never published (manifest §3)
unsorted-source-material/ocr-markdown-service-manual/ocr-playground-download-20260821T150529Z/Philips-VP415-Service-Manual-hires-300-part1of5-pages001-044.pdf/pages/page-5/markdown.md,1217,,,source-text,,,none,text source for tools/import_ocr.py
unsorted-source-material/ocr-markdown-service-manual/ocr-playground-download-20260821T150529Z/Philips-VP415-Service-Manual-hires-300-part1of5-pages001-044.pdf/pages/page-5/page-metadata.json,5320,,,source-text,,,none,text source for tools/import_ocr.py
unsorted-source-material/ocr-markdown-service-manual/ocr-playground-download-20260821T150529Z/Philips-VP415-Service-Manual-hires-300-part1of5-pages001-044.pdf/pages/page-6/markdown.md,3388,,,source-text,,,none,text source for tools/import_ocr.py
unsorted-source-material/ocr-markdown-service-manual/ocr-playground-download-20260821T150529Z/Philips-VP415-Service-Manual-hires-300-part1of5-pages001-044.pdf/pages/page-6/page-metadata.json,9754,,,source-text,,,none,text source for tools/import_ocr.py
unsorted-source-material/ocr-markdown-service-manual/ocr-playground-download-20260821T150529Z/Philips-VP415-Service-Manual-hires-300-part1of5-pages001-044.pdf/pages/page-7/markdown.md,170,,,source-text,,,none,text source for tools/import_ocr.py
unsorted-source-material/ocr-markdown-service-manual/ocr-playground-download-20260821T150529Z/Philips-VP415-Service-Manual-hires-300-part1of5-pages001-044.pdf/pages/page-7/page-metadata.json,2159,,,source-text,,,none,text source for tools/import_ocr.py
unsorted-source-material/ocr-markdown-service-manual/ocr-playground-download-20260821T150529Z/Philips-VP415-Service-Manual-hires-300-part1of5-pages001-044.pdf/pages/page-8/img-6.jpeg,2116,110,62,exclude,,,none,downscaled by the OCR vendor; never published (manifest §3)
unsorted-source-material/ocr-markdown-service-manual/ocr-playground-download-20260821T150529Z/Philips-VP415-Service-Manual-hires-300-part1of5-pages001-044.pdf/pages/page-8/img-7.jpeg,2129,118,63,exclude,,,none,downscaled by the OCR vendor; never published (manifest §3)
unsorted-source-material/ocr-markdown-service-manual/ocr-playground-download-20260821T150529Z/Philips-VP415-Service-Manual-hires-300-part1of5-pages001-044.pdf/pages/page-8/markdown.md,4481,,,source-text,,,none,text source for tools/import_ocr.py
unsorted-source-material/ocr-markdown-service-manual/ocr-playground-download-20260821T150529Z/Philips-VP415-Service-Manual-hires-300-part1of5-pages001-044.pdf/pages/page-8/page-metadata.json,15116,,,source-text,,,none,text source for tools/import_ocr.py
unsorted-source-material/ocr-markdown-service-manual/ocr-playground-download-20260821T150529Z/Philips-VP415-Service-Manual-hires-300-part1of5-pages001-044.pdf/pages/page-9/markdown.md,1526,,,source-text,,,none,text source for tools/import_ocr.py
unsorted-source-material/ocr-markdown-service-manual/ocr-playground-download-20260821T150529Z/Philips-VP415-Service-Manual-hires-300-part1of5-pages001-044.pdf/pages/page-9/page-metadata.json,3884,,,source-text,,,none,text source for tools/import_ocr.py
unsorted-source-material/ocr-markdown-service-manual/ocr-playground-download-20260821T150604Z/Philips-VP415-Service-Manual-hires-300-part2of5-pages045-072.pdf/markdown.md,105730,,,source-text,,,none,text source for tools/import_ocr.py
unsorted-source-material/ocr-markdown-service-manual/ocr-playground-download-20260821T150604Z/Philips-VP415-Service-Manual-hires-300-part2of5-pages045-072.pdf/pages/page-1/img-0.jpeg,2445,204,59,exclude,,,none,downscaled by the OCR vendor; never published (manifest §3)
unsorted-source-material/ocr-markdown-service-manual/ocr-playground-download-20260821T150604Z/Philips-VP415-Service-Manual-hires-300-part2of5-pages045-072.pdf/pages/page-1/markdown.md,3789,,,source-text,,,none,text source for tools/import_ocr.py
unsorted-source-material/ocr-markdown-service-manual/ocr-playground-download-20260821T150604Z/Philips-VP415-Service-Manual-hires-300-part2of5-pages045-072.pdf/pages/page-1/page-metadata.json,10288,,,source-text,,,none,text source for tools/import_ocr.py
unsorted-source-material/ocr-markdown-service-manual/ocr-playground-download-20260821T150604Z/Philips-VP415-Service-Manual-hires-300-part2of5-pages045-072.pdf/pages/page-10/img-19.jpeg,23210,668,196,exclude,,,none,downscaled by the OCR vendor; never published (manifest §3)
unsorted-source-material/ocr-markdown-service-manual/ocr-playground-download-20260821T150604Z/Philips-VP415-Service-Manual-hires-300-part2of5-pages045-072.pdf/pages/page-10/img-20.jpeg,32214,668,213,exclude,,,none,downscaled by the OCR vendor; never published (manifest §3)
unsorted-source-material/ocr-markdown-service-manual/ocr-playground-download-20260821T150604Z/Philips-VP415-Service-Manual-hires-300-part2of5-pages045-072.pdf/pages/page-10/markdown.md,3471,,,source-text,,,none,text source for tools/import_ocr.py
unsorted-source-material/ocr-markdown-service-manual/ocr-playground-download-20260821T150604Z/Philips-VP415-Service-Manual-hires-300-part2of5-pages045-072.pdf/pages/page-10/page-metadata.json,9896,,,source-text,,,none,text source for tools/import_ocr.py
unsorted-source-material/ocr-markdown-service-manual/ocr-playground-download-20260821T150604Z/Philips-VP415-Service-Manual-hires-300-part2of5-pages045-072.pdf/pages/page-11/img-21.jpeg,34258,804,376,exclude,,,none,downscaled by the OCR vendor; never published (manifest §3)
unsorted-source-material/ocr-markdown-service-manual/ocr-playground-download-20260821T150604Z/Philips-VP415-Service-Manual-hires-300-part2of5-pages045-072.pdf/pages/page-11/markdown.md,572,,,source-text,,,none,text source for tools/import_ocr.py
unsorted-source-material/ocr-markdown-service-manual/ocr-playground-download-20260821T150604Z/Philips-VP415-Service-Manual-hires-300-part2of5-pages045-072.pdf/pages/page-11/page-metadata.json,1299,,,source-text,,,none,text source for tools/import_ocr.py
unsorted-source-material/ocr-markdown-service-manual/ocr-playground-download-20260821T150604Z/Philips-VP415-Service-Manual-hires-300-part2of5-pages045-072.pdf/pages/page-12/markdown.md,21890,,,source-text,,,none,text source for tools/import_ocr.py
unsorted-source-material/ocr-markdown-service-manual/ocr-playground-download-20260821T150604Z/Philips-VP415-Service-Manual-hires-300-part2of5-pages045-072.pdf/pages/page-12/page-metadata.json,136,,,source-text,,,none,text source for tools/import_ocr.py
unsorted-source-material/ocr-markdown-service-manual/ocr-playground-download-20260821T150604Z/Philips-VP415-Service-Manual-hires-300-part2of5-pages045-072.pdf/pages/page-13/img-22.jpeg,4251,152,99,exclude,,,none,downscaled by the OCR vendor; never published (manifest §3)
unsorted-source-material/ocr-markdown-service-manual/ocr-playground-download-20260821T150604Z/Philips-VP415-Service-Manual-hires-300-part2of5-pages045-072.pdf/pages/page-13/img-23.jpeg,2494,143,67,exclude,,,none,downscaled by the OCR vendor; never published (manifest §3)
unsorted-source-material/ocr-markdown-service-manual/ocr-playground-download-20260821T150604Z/Philips-VP415-Service-Manual-hires-300-part2of5-pages045-072.pdf/pages/page-13/img-24.jpeg,23350,665,183,exclude,,,none,downscaled by the OCR vendor; never published (manifest §3)
unsorted-source-material/ocr-markdown-service-manual/ocr-playground-download-20260821T150604Z/Philips-VP415-Service-Manual-hires-300-part2of5-pages045-072.pdf/pages/page-13/img-25.jpeg,9728,580,47,exclude,,,none,downscaled by the OCR vendor; never published (manifest §3)
unsorted-source-material/ocr-markdown-service-manual/ocr-playground-download-20260821T150604Z/Philips-VP415-Service-Manual-hires-300-part2of5-pages045-072.pdf/pages/page-13/img-26.jpeg,27655,665,182,exclude,,,none,downscaled by the OCR vendor; never published (manifest §3)
unsorted-source-material/ocr-markdown-service-manual/ocr-playground-download-20260821T150604Z/Philips-VP415-Service-Manual-hires-300-part2of5-pages045-072.pdf/pages/page-13/markdown.md,3959,,,source-text,,,none,text source for tools/import_ocr.py
unsorted-source-material/ocr-markdown-service-manual/ocr-playground-download-20260821T150604Z/Philips-VP415-Service-Manual-hires-300-part2of5-pages045-072.pdf/pages/page-13/page-metadata.json,12574,,,source-text,,,none,text source for tools/import_ocr.py
unsorted-source-material/ocr-markdown-service-manual/ocr-playground-download-20260821T150604Z/Philips-VP415-Service-Manual-hires-300-part2of5-pages045-072.pdf/pages/page-14/img-27.jpeg,22234,668,184,exclude,,,none,downscaled by the OCR vendor; never published (manifest §3)
unsorted-source-material/ocr-markdown-service-manual/ocr-playground-download-20260821T150604Z/Philips-VP415-Service-Manual-hires-300-part2of5-pages045-072.pdf/pages/page-14/img-28.jpeg,25491,668,184,exclude,,,none,downscaled by the OCR vendor; never published (manifest §3)
unsorted-source-material/ocr-markdown-service-manual/ocr-playground-download-20260821T150604Z/Philips-VP415-Service-Manual-hires-300-part2of5-pages045-072.pdf/pages/page-14/markdown.md,1858,,,source-text,,,none,text source for tools/import_ocr.py
unsorted-source-material/ocr-markdown-service-manual/ocr-playground-download-20260821T150604Z/Philips-VP415-Service-Manual-hires-300-part2of5-pages045-072.pdf/pages/page-14/page-metadata.json,5063,,,source-text,,,none,text source for tools/import_ocr.py
unsorted-source-material/ocr-markdown-service-manual/ocr-playground-download-20260821T150604Z/Philips-VP415-Service-Manual-hires-300-part2of5-pages045-072.pdf/pages/page-15/img-29.jpeg,42218,654,515,exclude,,,none,downscaled by the OCR vendor; never published (manifest §3)
unsorted-source-material/ocr-markdown-service-manual/ocr-playground-download-20260821T150604Z/Philips-VP415-Service-Manual-hires-300-part2of5-pages045-072.pdf/pages/page-15/markdown.md,20596,,,source-text,,,none,text source for tools/import_ocr.py
unsorted-source-material/ocr-markdown-service-manual/ocr-playground-download-20260821T150604Z/Philips-VP415-Service-Manual-hires-300-part2of5-pages045-072.pdf/pages/page-15/page-metadata.json,21348,,,source-text,,,none,text source for tools/import_ocr.py
unsorted-source-material/ocr-markdown-service-manual/ocr-playground-download-20260821T150604Z/Philips-VP415-Service-Manual-hires-300-part2of5-pages045-072.pdf/pages/page-16/img-30.jpeg,46591,607,614,exclude,,,none,downscaled by the OCR vendor; never published (manifest §3)
unsorted-source-material/ocr-markdown-service-manual/ocr-playground-download-20260821T150604Z/Philips-VP415-Service-Manual-hires-300-part2of5-pages045-072.pdf/pages/page-16/markdown.md,599,,,source-text,,,none,text source for tools/import_ocr.py
unsorted-source-material/ocr-markdown-service-manual/ocr-playground-download-20260821T150604Z/Philips-VP415-Service-Manual-hires-300-part2of5-pages045-072.pdf/pages/page-16/page-metadata.json,1351,,,source-text,,,none,text source for tools/import_ocr.py
unsorted-source-material/ocr-markdown-service-manual/ocr-playground-download-20260821T150604Z/Philips-VP415-Service-Manual-hires-300-part2of5-pages045-072.pdf/pages/page-17/img-31.jpeg,25771,932,175,exclude,,,none,downscaled by the OCR vendor; never published (manifest §3)
unsorted-source-material/ocr-markdown-service-manual/ocr-playground-download-20260821T150604Z/Philips-VP415-Service-Manual-hires-300-part2of5-pages045-072.pdf/pages/page-17/img-32.jpeg,26873,932,195,exclude,,,none,downscaled by the OCR vendor; never published (manifest §3)
unsorted-source-material/ocr-markdown-service-manual/ocr-playground-download-20260821T150604Z/Philips-VP415-Service-Manual-hires-300-part2of5-pages045-072.pdf/pages/page-17/markdown.md,613,,,source-text,,,none,text source for tools/import_ocr.py
unsorted-source-material/ocr-markdown-service-manual/ocr-playground-download-20260821T150604Z/Philips-VP415-Service-Manual-hires-300-part2of5-pages045-072.pdf/pages/page-17/page-metadata.json,3639,,,source-text,,,none,text source for tools/import_ocr.py
unsorted-source-material/ocr-markdown-service-manual/ocr-playground-download-20260821T150604Z/Philips-VP415-Service-Manual-hires-300-part2of5-pages045-072.pdf/pages/page-18/img-33.jpeg,26045,423,458,exclude,,,none,downscaled by the OCR vendor; never published (manifest §3)
unsorted-source-material/ocr-markdown-service-manual/ocr-playground-download-20260821T150604Z/Philips-VP415-Service-Manual-hires-300-part2of5-pages045-072.pdf/pages/page-18/img-34.jpeg,15232,295,342,exclude,,,none,downscaled by the OCR vendor; never published (manifest §3)
unsorted-source-material/ocr-markdown-service-manual/ocr-playground-download-20260821T150604Z/Philips-VP415-Service-Manual-hires-300-part2of5-pages045-072.pdf/pages/page-18/img-35.jpeg,9960,258,185,exclude,,,none,downscaled by the OCR vendor; never published (manifest §3)
unsorted-source-material/ocr-markdown-service-manual/ocr-playground-download-20260821T150604Z/Philips-VP415-Service-Manual-hires-300-part2of5-pages045-072.pdf/pages/page-18/img-36.jpeg,8908,258,201,exclude,,,none,downscaled by the OCR vendor; never published (manifest §3)
unsorted-source-material/ocr-markdown-service-manual/ocr-playground-download-20260821T150604Z/Philips-VP415-Service-Manual-hires-300-part2of5-pages045-072.pdf/pages/page-18/markdown.md,306,,,source-text,,,none,text source for tools/import_ocr.py
unsorted-source-material/ocr-markdown-service-manual/ocr-playground-download-20260821T150604Z/Philips-VP415-Service-Manual-hires-300-part2of5-pages045-072.pdf/pages/page-18/page-metadata.json,2611,,,source-text,,,none,text source for tools/import_ocr.py
unsorted-source-material/ocr-markdown-service-manual/ocr-playground-download-20260821T150604Z/Philips-VP415-Service-Manual-hires-300-part2of5-pages045-072.pdf/pages/page-19/img-37.jpeg,10665,367,210,exclude,,,none,downscaled by the OCR vendor; never published (manifest §3)
unsorted-source-material/ocr-markdown-service-manual/ocr-playground-download-20260821T150604Z/Philips-VP415-Service-Manual-hires-300-part2of5-pages045-072.pdf/pages/page-19/img-38.jpeg,5182,166,109,exclude,,,none,downscaled by the OCR vendor; never published (manifest §3)
unsorted-source-material/ocr-markdown-service-manual/ocr-playground-download-20260821T150604Z/Philips-VP415-Service-Manual-hires-300-part2of5-pages045-072.pdf/pages/page-19/img-39.jpeg,19772,307,298,exclude,,,none,downscaled by the OCR vendor; never published (manifest §3)
unsorted-source-material/ocr-markdown-service-manual/ocr-playground-download-20260821T150604Z/Philips-VP415-Service-Manual-hires-300-part2of5-pages045-072.pdf/pages/page-19/img-40.jpeg,18351,307,306,exclude,,,none,downscaled by the OCR vendor; never published (manifest §3)
unsorted-source-material/ocr-markdown-service-manual/ocr-playground-download-20260821T150604Z/Philips-VP415-Service-Manual-hires-300-part2of5-pages045-072.pdf/pages/page-19/markdown.md,2042,,,source-text,,,none,text source for tools/import_ocr.py
unsorted-source-material/ocr-markdown-service-manual/ocr-playground-download-20260821T150604Z/Philips-VP415-Service-Manual-hires-300-part2of5-pages045-072.pdf/pages/page-19/page-metadata.json,5890,,,source-text,,,none,text source for tools/import_ocr.py
unsorted-source-material/ocr-markdown-service-manual/ocr-playground-download-20260821T150604Z/Philips-VP415-Service-Manual-hires-300-part2of5-pages045-072.pdf/pages/page-2/img-1.jpeg,29264,666,210,exclude,,,none,downscaled by the OCR vendor; never published (manifest §3)
unsorted-source-material/ocr-markdown-service-manual/ocr-playground-download-20260821T150604Z/Philips-VP415-Service-Manual-hires-300-part2of5-pages045-072.pdf/pages/page-2/img-2.jpeg,9306,666,44,exclude,,,none,downscaled by the OCR vendor; never published (manifest §3)
unsorted-source-material/ocr-markdown-service-manual/ocr-playground-download-20260821T150604Z/Philips-VP415-Service-Manual-hires-300-part2of5-pages045-072.pdf/pages/page-2/img-3.jpeg,28857,666,191,exclude,,,none,downscaled by the OCR vendor; never published (manifest §3)
unsorted-source-material/ocr-markdown-service-manual/ocr-playground-download-20260821T150604Z/Philips-VP415-Service-Manual-hires-300-part2of5-pages045-072.pdf/pages/page-2/markdown.md,2582,,,source-text,,,none,text source for tools/import_ocr.py
unsorted-source-material/ocr-markdown-service-manual/ocr-playground-download-20260821T150604Z/Philips-VP415-Service-Manual-hires-300-part2of5-pages045-072.pdf/pages/page-2/page-metadata.json,8109,,,source-text,,,none,text source for tools/import_ocr.py
unsorted-source-material/ocr-markdown-service-manual/ocr-playground-download-20260821T150604Z/Philips-VP415-Service-Manual-hires-300-part2of5-pages045-072.pdf/pages/page-20/img-41.jpeg,46094,778,281,exclude,,,none,downscaled by the OCR vendor; never published (manifest §3)
unsorted-source-material/ocr-markdown-service-manual/ocr-playground-download-20260821T150604Z/Philips-VP415-Service-Manual-hires-300-part2of5-pages045-072.pdf/pages/page-20/markdown.md,18249,,,source-text,,,none,text source for tools/import_ocr.py
unsorted-source-material/ocr-markdown-service-manual/ocr-playground-download-20260821T150604Z/Philips-VP415-Service-Manual-hires-300-part2of5-pages045-072.pdf/pages/page-20/page-metadata.json,3956,,,source-text,,,none,text source for tools/import_ocr.py
unsorted-source-material/ocr-markdown-service-manual/ocr-playground-download-20260821T150604Z/Philips-VP415-Service-Manual-hires-300-part2of5-pages045-072.pdf/pages/page-21/img-42.jpeg,104503,946,609,exclude,,,none,downscaled by the OCR vendor; never published (manifest §3)
unsorted-source-material/ocr-markdown-service-manual/ocr-playground-download-20260821T150604Z/Philips-VP415-Service-Manual-hires-300-part2of5-pages045-072.pdf/pages/page-21/markdown.md,149,,,source-text,,,none,text source for tools/import_ocr.py
unsorted-source-material/ocr-markdown-service-manual/ocr-playground-download-20260821T150604Z/Philips-VP415-Service-Manual-hires-300-part2of5-pages045-072.pdf/pages/page-21/page-metadata.json,886,,,source-text,,,none,text source for tools/import_ocr.py
unsorted-source-material/ocr-markdown-service-manual/ocr-playground-download-20260821T150604Z/Philips-VP415-Service-Manual-hires-300-part2of5-pages045-072.pdf/pages/page-22/img-43.jpeg,109719,941,633,exclude,,,none,downscaled by the OCR vendor; never published (manifest §3)
unsorted-source-material/ocr-markdown-service-manual/ocr-playground-download-20260821T150604Z/Philips-VP415-Service-Manual-hires-300-part2of5-pages045-072.pdf/pages/page-22/img-44.jpeg,8838,48,633,exclude,,,none,downscaled by the OCR vendor; never published (manifest §3)
unsorted-source-material/ocr-markdown-service-manual/ocr-playground-download-20260821T150604Z/Philips-VP415-Service-Manual-hires-300-part2of5-pages045-072.pdf/pages/page-22/markdown.md,66,,,source-text,,,none,text source for tools/import_ocr.py
unsorted-source-material/ocr-markdown-service-manual/ocr-playground-download-20260821T150604Z/Philips-VP415-Service-Manual-hires-300-part2of5-pages045-072.pdf/pages/page-22/page-metadata.json,825,,,source-text,,,none,text source for tools/import_ocr.py
unsorted-source-material/ocr-markdown-service-manual/ocr-playground-download-20260821T150604Z/Philips-VP415-Service-Manual-hires-300-part2of5-pages045-072.pdf/pages/page-23/img-45.jpeg,102190,986,609,exclude,,,none,downscaled by the OCR vendor; never published (manifest §3)
unsorted-source-material/ocr-markdown-service-manual/ocr-playground-download-20260821T150604Z/Philips-VP415-Service-Manual-hires-300-part2of5-pages045-072.pdf/pages/page-23/markdown.md,37,,,source-text,,,none,text source for tools/import_ocr.py
unsorted-source-material/ocr-markdown-service-manual/ocr-playground-download-20260821T150604Z/Philips-VP415-Service-Manual-hires-300-part2of5-pages045-072.pdf/pages/page-23/page-metadata.json,579,,,source-text,,,none,text source for tools/import_ocr.py
unsorted-source-material/ocr-markdown-service-manual/ocr-playground-download-20260821T150604Z/Philips-VP415-Service-Manual-hires-300-part2of5-pages045-072.pdf/pages/page-24/img-46.jpeg,58826,562,607,exclude,,,none,downscaled by the OCR vendor; never published (manifest §3)
unsorted-source-material/ocr-markdown-service-manual/ocr-playground-download-20260821T150604Z/Philips-VP415-Service-Manual-hires-300-part2of5-pages045-072.pdf/pages/page-24/markdown.md,130,,,source-text,,,none,text source for tools/import_ocr.py
unsorted-source-material/ocr-markdown-service-manual/ocr-playground-download-20260821T150604Z/Philips-VP415-Service-Manual-hires-300-part2of5-pages045-072.pdf/pages/page-24/page-metadata.json,670,,,source-text,,,none,text source for tools/import_ocr.py
unsorted-source-material/ocr-markdown-service-manual/ocr-playground-download-20260821T150604Z/Philips-VP415-Service-Manual-hires-300-part2of5-pages045-072.pdf/pages/page-25/img-47.jpeg,32196,484,290,exclude,,,none,downscaled by the OCR vendor; never published (manifest §3)
unsorted-source-material/ocr-markdown-service-manual/ocr-playground-download-20260821T150604Z/Philips-VP415-Service-Manual-hires-300-part2of5-pages045-072.pdf/pages/page-25/img-48.jpeg,28587,467,312,exclude,,,none,downscaled by the OCR vendor; never published (manifest §3)
unsorted-source-material/ocr-markdown-service-manual/ocr-playground-download-20260821T150604Z/Philips-VP415-Service-Manual-hires-300-part2of5-pages045-072.pdf/pages/page-25/markdown.md,2519,,,source-text,,,none,text source for tools/import_ocr.py
unsorted-source-material/ocr-markdown-service-manual/ocr-playground-download-20260821T150604Z/Philips-VP415-Service-Manual-hires-300-part2of5-pages045-072.pdf/pages/page-25/page-metadata.json,6078,,,source-text,,,none,text source for tools/import_ocr.py
unsorted-source-material/ocr-markdown-service-manual/ocr-playground-download-20260821T150604Z/Philips-VP415-Service-Manual-hires-300-part2of5-pages045-072.pdf/pages/page-26/img-49.jpeg,49794,784,290,exclude,,,none,downscaled by the OCR vendor; never published (manifest §3)
unsorted-source-material/ocr-markdown-service-manual/ocr-playground-download-20260821T150604Z/Philips-VP415-Service-Manual-hires-300-part2of5-pages045-072.pdf/pages/page-26/img-50.jpeg,41805,783,301,exclude,,,none,downscaled by the OCR vendor; never published (manifest §3)
unsorted-source-material/ocr-markdown-service-manual/ocr-playground-download-20260821T150604Z/Philips-VP415-Service-Manual-hires-300-part2of5-pages045-072.pdf/pages/page-26/markdown.md,1630,,,source-text,,,none,text source for tools/import_ocr.py
unsorted-source-material/ocr-markdown-service-manual/ocr-playground-download-20260821T150604Z/Philips-VP415-Service-Manual-hires-300-part2of5-pages045-072.pdf/pages/page-26/page-metadata.json,5008,,,source-text,,,none,text source for tools/import_ocr.py
unsorted-source-material/ocr-markdown-service-manual/ocr-playground-download-20260821T150604Z/Philips-VP415-Service-Manual-hires-300-part2of5-pages045-072.pdf/pages/page-27/img-51.jpeg,39809,543,306,exclude,,,none,downscaled by the OCR vendor; never published (manifest §3)
unsorted-source-material/ocr-markdown-service-manual/ocr-playground-download-20260821T150604Z/Philips-VP415-Service-Manual-hires-300-part2of5-pages045-072.pdf/pages/page-27/markdown.md,2234,,,source-text,,,none,text source for tools/import_ocr.py
unsorted-source-material/ocr-markdown-service-manual/ocr-playground-download-20260821T150604Z/Philips-VP415-Service-Manual-hires-300-part2of5-pages045-072.pdf/pages/page-27/page-metadata.json,17939,,,source-text,,,none,text source for tools/import_ocr.py
unsorted-source-material/ocr-markdown-service-manual/ocr-playground-download-20260821T150604Z/Philips-VP415-Service-Manual-hires-300-part2of5-pages045-072.pdf/pages/page-28/img-52.jpeg,71683,895,324,exclude,,,none,downscaled by the OCR vendor; never published (manifest §3)
unsorted-source-material/ocr-markdown-service-manual/ocr-playground-download-20260821T150604Z/Philips-VP415-Service-Manual-hires-300-part2of5-pages045-072.pdf/pages/page-28/markdown.md,1221,,,source-text,,,none,text source for tools/import_ocr.py
unsorted-source-material/ocr-markdown-service-manual/ocr-playground-download-20260821T150604Z/Philips-VP415-Service-Manual-hires-300-part2of5-pages045-072.pdf/pages/page-28/page-metadata.json,1996,,,source-text,,,none,text source for tools/import_ocr.py
unsorted-source-material/ocr-markdown-service-manual/ocr-playground-download-20260821T150604Z/Philips-VP415-Service-Manual-hires-300-part2of5-pages045-072.pdf/pages/page-3/img-4.jpeg,79922,811,637,exclude,,,none,downscaled by the OCR vendor; never published (manifest §3)
unsorted-source-material/ocr-markdown-service-manual/ocr-playground-download-20260821T150604Z/Philips-VP415-Service-Manual-hires-300-part2of5-pages045-072.pdf/pages/page-3/markdown.md,3929,,,source-text,,,none,text source for tools/import_ocr.py
unsorted-source-material/ocr-markdown-service-manual/ocr-playground-download-20260821T150604Z/Philips-VP415-Service-Manual-hires-300-part2of5-pages045-072.pdf/pages/page-3/page-metadata.json,4657,,,source-text,,,none,text source for tools/import_ocr.py
unsorted-source-material/ocr-markdown-service-manual/ocr-playground-download-20260821T150604Z/Philips-VP415-Service-Manual-hires-300-part2of5-pages045-072.pdf/pages/page-4/img-5.jpeg,10887,833,38,exclude,,,none,downscaled by the OCR vendor; never published (manifest §3)
unsorted-source-material/ocr-markdown-service-manual/ocr-playground-download-20260821T150604Z/Philips-VP415-Service-Manual-hires-300-part2of5-pages045-072.pdf/pages/page-4/img-6.jpeg,72271,872,597,exclude,,,none,downscaled by the OCR vendor; never published (manifest §3)
unsorted-source-material/ocr-markdown-service-manual/ocr-playground-download-20260821T150604Z/Philips-VP415-Service-Manual-hires-300-part2of5-pages045-072.pdf/pages/page-4/markdown.md,62,,,source-text,,,none,text source for tools/import_ocr.py
unsorted-source-material/ocr-markdown-service-manual/ocr-playground-download-20260821T150604Z/Philips-VP415-Service-Manual-hires-300-part2of5-pages045-072.pdf/pages/page-4/page-metadata.json,816,,,source-text,,,none,text source for tools/import_ocr.py
unsorted-source-material/ocr-markdown-service-manual/ocr-playground-download-20260821T150604Z/Philips-VP415-Service-Manual-hires-300-part2of5-pages045-072.pdf/pages/page-5/img-7.jpeg,4010,202,100,exclude,,,none,downscaled by the OCR vendor; never published (manifest §3)
unsorted-source-material/ocr-markdown-service-manual/ocr-playground-download-20260821T150604Z/Philips-VP415-Service-Manual-hires-300-part2of5-pages045-072.pdf/pages/page-5/img-8.jpeg,27707,649,180,exclude,,,none,downscaled by the OCR vendor; never published (manifest §3)
unsorted-source-material/ocr-markdown-service-manual/ocr-playground-download-20260821T150604Z/Philips-VP415-Service-Manual-hires-300-part2of5-pages045-072.pdf/pages/page-5/img-9.jpeg,28858,649,183,exclude,,,none,downscaled by the OCR vendor; never published (manifest §3)
unsorted-source-material/ocr-markdown-service-manual/ocr-playground-download-20260821T150604Z/Philips-VP415-Service-Manual-hires-300-part2of5-pages045-072.pdf/pages/page-5/markdown.md,7907,,,source-text,,,none,text source for tools/import_ocr.py
unsorted-source-material/ocr-markdown-service-manual/ocr-playground-download-20260821T150604Z/Philips-VP415-Service-Manual-hires-300-part2of5-pages045-072.pdf/pages/page-5/page-metadata.json,17066,,,source-text,,,none,text source for tools/import_ocr.py
unsorted-source-material/ocr-markdown-service-manual/ocr-playground-download-20260821T150604Z/Philips-VP415-Service-Manual-hires-300-part2of5-pages045-072.pdf/pages/page-6/img-10.jpeg,27023,667,205,exclude,,,none,downscaled by the OCR vendor; never published (manifest §3)
unsorted-source-material/ocr-markdown-service-manual/ocr-playground-download-20260821T150604Z/Philips-VP415-Service-Manual-hires-300-part2of5-pages045-072.pdf/pages/page-6/img-11.jpeg,10343,667,49,exclude,,,none,downscaled by the OCR vendor; never published (manifest §3)
unsorted-source-material/ocr-markdown-service-manual/ocr-playground-download-20260821T150604Z/Philips-VP415-Service-Manual-hires-300-part2of5-pages045-072.pdf/pages/page-6/img-12.jpeg,26552,667,166,exclude,,,none,downscaled by the OCR vendor; never published (manifest §3)
unsorted-source-material/ocr-markdown-service-manual/ocr-playground-download-20260821T150604Z/Philips-VP415-Service-Manual-hires-300-part2of5-pages045-072.pdf/pages/page-6/img-13.jpeg,2363,667,16,exclude,,,none,downscaled by the OCR vendor; never published (manifest §3)
unsorted-source-material/ocr-markdown-service-manual/ocr-playground-download-20260821T150604Z/Philips-VP415-Service-Manual-hires-300-part2of5-pages045-072.pdf/pages/page-6/markdown.md,2455,,,source-text,,,none,text source for tools/import_ocr.py
unsorted-source-material/ocr-markdown-service-manual/ocr-playground-download-20260821T150604Z/Philips-VP415-Service-Manual-hires-300-part2of5-pages045-072.pdf/pages/page-6/page-metadata.json,8225,,,source-text,,,none,text source for tools/import_ocr.py
unsorted-source-material/ocr-markdown-service-manual/ocr-playground-download-20260821T150604Z/Philips-VP415-Service-Manual-hires-300-part2of5-pages045-072.pdf/pages/page-7/img-14.jpeg,9783,833,35,exclude,,,none,downscaled by the OCR vendor; never published (manifest §3)
unsorted-source-material/ocr-markdown-service-manual/ocr-playground-download-20260821T150604Z/Philips-VP415-Service-Manual-hires-300-part2of5-pages045-072.pdf/pages/page-7/img-15.jpeg,80968,883,604,exclude,,,none,downscaled by the OCR vendor; never published (manifest §3)
unsorted-source-material/ocr-markdown-service-manual/ocr-playground-download-20260821T150604Z/Philips-VP415-Service-Manual-hires-300-part2of5-pages045-072.pdf/pages/page-7/markdown.md,66,,,source-text,,,none,text source for tools/import_ocr.py
unsorted-source-material/ocr-markdown-service-manual/ocr-playground-download-20260821T150604Z/Philips-VP415-Service-Manual-hires-300-part2of5-pages045-072.pdf/pages/page-7/page-metadata.json,825,,,source-text,,,none,text source for tools/import_ocr.py
unsorted-source-material/ocr-markdown-service-manual/ocr-playground-download-20260821T150604Z/Philips-VP415-Service-Manual-hires-300-part2of5-pages045-072.pdf/pages/page-8/img-16.jpeg,58306,616,851,exclude,,,none,downscaled by the OCR vendor; never published (manifest §3)
unsorted-source-material/ocr-markdown-service-manual/ocr-playground-download-20260821T150604Z/Philips-VP415-Service-Manual-hires-300-part2of5-pages045-072.pdf/pages/page-8/markdown.md,1457,,,source-text,,,none,text source for tools/import_ocr.py
unsorted-source-material/ocr-markdown-service-manual/ocr-playground-download-20260821T150604Z/Philips-VP415-Service-Manual-hires-300-part2of5-pages045-072.pdf/pages/page-8/page-metadata.json,2214,,,source-text,,,none,text source for tools/import_ocr.py
unsorted-source-material/ocr-markdown-service-manual/ocr-playground-download-20260821T150604Z/Philips-VP415-Service-Manual-hires-300-part2of5-pages045-072.pdf/pages/page-9/img-17.jpeg,22065,357,229,exclude,,,none,downscaled by the OCR vendor; never published (manifest §3)
unsorted-source-material/ocr-markdown-service-manual/ocr-playground-download-20260821T150604Z/Philips-VP415-Service-Manual-hires-300-part2of5-pages045-072.pdf/pages/page-9/img-18.jpeg,16559,357,191,exclude,,,none,downscaled by the OCR vendor; never published (manifest §3)
unsorted-source-material/ocr-markdown-service-manual/ocr-playground-download-20260821T150604Z/Philips-VP415-Service-Manual-hires-300-part2of5-pages045-072.pdf/pages/page-9/markdown.md,1288,,,source-text,,,none,text source for tools/import_ocr.py
unsorted-source-material/ocr-markdown-service-manual/ocr-playground-download-20260821T150604Z/Philips-VP415-Service-Manual-hires-300-part2of5-pages045-072.pdf/pages/page-9/page-metadata.json,3778,,,source-text,,,none,text source for tools/import_ocr.py
unsorted-source-material/ocr-markdown-service-manual/ocr-playground-download-20260821T150708Z/Philips-VP415-Service-Manual-hires-300-part3of5-pages073-092.pdf/markdown.md,71277,,,source-text,,,none,text source for tools/import_ocr.py
unsorted-source-material/ocr-markdown-service-manual/ocr-playground-download-20260821T150708Z/Philips-VP415-Service-Manual-hires-300-part3of5-pages073-092.pdf/pages/page-1/img-0.jpeg,38942,777,542,exclude,,,none,downscaled by the OCR vendor; never published (manifest §3)
unsorted-source-material/ocr-markdown-service-manual/ocr-playground-download-20260821T150708Z/Philips-VP415-Service-Manual-hires-300-part3of5-pages073-092.pdf/pages/page-1/markdown.md,851,,,source-text,,,none,text source for tools/import_ocr.py
unsorted-source-material/ocr-markdown-service-manual/ocr-playground-download-20260821T150708Z/Philips-VP415-Service-Manual-hires-300-part3of5-pages073-092.pdf/pages/page-1/page-metadata.json,2318,,,source-text,,,none,text source for tools/import_ocr.py
unsorted-source-material/ocr-markdown-service-manual/ocr-playground-download-20260821T150708Z/Philips-VP415-Service-Manual-hires-300-part3of5-pages073-092.pdf/pages/page-10/img-13.jpeg,51631,597,472,exclude,,,none,downscaled by the OCR vendor; never published (manifest §3)
unsorted-source-material/ocr-markdown-service-manual/ocr-playground-download-20260821T150708Z/Philips-VP415-Service-Manual-hires-300-part3of5-pages073-092.pdf/pages/page-10/markdown.md,6441,,,source-text,,,none,text source for tools/import_ocr.py
unsorted-source-material/ocr-markdown-service-manual/ocr-playground-download-20260821T150708Z/Philips-VP415-Service-Manual-hires-300-part3of5-pages073-092.pdf/pages/page-10/page-metadata.json,9380,,,source-text,,,none,text source for tools/import_ocr.py
unsorted-source-material/ocr-markdown-service-manual/ocr-playground-download-20260821T150708Z/Philips-VP415-Service-Manual-hires-300-part3of5-pages073-092.pdf/pages/page-11/markdown.md,1065,,,source-text,,,none,text source for tools/import_ocr.py
unsorted-source-material/ocr-markdown-service-manual/ocr-playground-download-20260821T150708Z/Philips-VP415-Service-Manual-hires-300-part3of5-pages073-092.pdf/pages/page-11/page-metadata.json,2995,,,source-text,,,none,text source for tools/import_ocr.py
unsorted-source-material/ocr-markdown-service-manual/ocr-playground-download-20260821T150708Z/Philips-VP415-Service-Manual-hires-300-part3of5-pages073-092.pdf/pages/page-12/img-14.jpeg,121363,884,500,exclude,,,none,downscaled by the OCR vendor; never published (manifest §3)
unsorted-source-material/ocr-markdown-service-manual/ocr-playground-download-20260821T150708Z/Philips-VP415-Service-Manual-hires-300-part3of5-pages073-092.pdf/pages/page-12/markdown.md,843,,,source-text,,,none,text source for tools/import_ocr.py
unsorted-source-material/ocr-markdown-service-manual/ocr-playground-download-20260821T150708Z/Philips-VP415-Service-Manual-hires-300-part3of5-pages073-092.pdf/pages/page-12/page-metadata.json,2128,,,source-text,,,none,text source for tools/import_ocr.py
unsorted-source-material/ocr-markdown-service-manual/ocr-playground-download-20260821T150708Z/Philips-VP415-Service-Manual-hires-300-part3of5-pages073-092.pdf/pages/page-13/img-15.jpeg,106767,946,607,exclude,,,none,downscaled by the OCR vendor; never published (manifest §3)
unsorted-source-material/ocr-markdown-service-manual/ocr-playground-download-20260821T150708Z/Philips-VP415-Service-Manual-hires-300-part3of5-pages073-092.pdf/pages/page-13/markdown.md,149,,,source-text,,,none,text source for tools/import_ocr.py
unsorted-source-material/ocr-markdown-service-manual/ocr-playground-download-20260821T150708Z/Philips-VP415-Service-Manual-hires-300-part3of5-pages073-092.pdf/pages/page-13/page-metadata.json,886,,,source-text,,,none,text source for tools/import_ocr.py
unsorted-source-material/ocr-markdown-service-manual/ocr-playground-download-20260821T150708Z/Philips-VP415-Service-Manual-hires-300-part3of5-pages073-092.pdf/pages/page-14/img-16.jpeg,99723,855,593,exclude,,,none,downscaled by the OCR vendor; never published (manifest §3)
unsorted-source-material/ocr-markdown-service-manual/ocr-playground-download-20260821T150708Z/Philips-VP415-Service-Manual-hires-300-part3of5-pages073-092.pdf/pages/page-14/markdown.md,158,,,source-text,,,none,text source for tools/import_ocr.py
unsorted-source-material/ocr-markdown-service-manual/ocr-playground-download-20260821T150708Z/Philips-VP415-Service-Manual-hires-300-part3of5-pages073-092.pdf/pages/page-14/page-metadata.json,1444,,,source-text,,,none,text source for tools/import_ocr.py
unsorted-source-material/ocr-markdown-service-manual/ocr-playground-download-20260821T150708Z/Philips-VP415-Service-Manual-hires-300-part3of5-pages073-092.pdf/pages/page-15/img-17.jpeg,113924,989,631,exclude,,,none,downscaled by the OCR vendor; never published (manifest §3)
unsorted-source-material/ocr-markdown-service-manual/ocr-playground-download-20260821T150708Z/Philips-VP415-Service-Manual-hires-300-part3of5-pages073-092.pdf/pages/page-15/markdown.md,37,,,source-text,,,none,text source for tools/import_ocr.py
unsorted-source-material/ocr-markdown-service-manual/ocr-playground-download-20260821T150708Z/Philips-VP415-Service-Manual-hires-300-part3of5-pages073-092.pdf/pages/page-15/page-metadata.json,579,,,source-text,,,none,text source for tools/import_ocr.py
unsorted-source-material/ocr-markdown-service-manual/ocr-playground-download-20260821T150708Z/Philips-VP415-Service-Manual-hires-300-part3of5-pages073-092.pdf/pages/page-16/img-18.jpeg,101270,877,633,exclude,,,none,downscaled by the OCR vendor; never published (manifest §3)
unsorted-source-material/ocr-markdown-service-manual/ocr-playground-download-20260821T150708Z/Philips-VP415-Service-Manual-hires-300-part3of5-pages073-092.pdf/pages/page-16/markdown.md,420,,,source-text,,,none,text source for tools/import_ocr.py
unsorted-source-material/ocr-markdown-service-manual/ocr-playground-download-20260821T150708Z/Philips-VP415-Service-Manual-hires-300-part3of5-pages073-092.pdf/pages/page-16/page-metadata.json,960,,,source-text,,,none,text source for tools/import_ocr.py
unsorted-source-material/ocr-markdown-service-manual/ocr-playground-download-20260821T150708Z/Philips-VP415-Service-Manual-hires-300-part3of5-pages073-092.pdf/pages/page-17/img-19.jpeg,93209,889,491,exclude,,,none,downscaled by the OCR vendor; never published (manifest §3)
unsorted-source-material/ocr-markdown-service-manual/ocr-playground-download-20260821T150708Z/Philips-VP415-Service-Manual-hires-300-part3of5-pages073-092.pdf/pages/page-17/markdown.md,5770,,,source-text,,,none,text source for tools/import_ocr.py
unsorted-source-material/ocr-markdown-service-manual/ocr-playground-download-20260821T150708Z/Philips-VP415-Service-Manual-hires-300-part3of5-pages073-092.pdf/pages/page-17/page-metadata.json,7425,,,source-text,,,none,text source for tools/import_ocr.py
unsorted-source-material/ocr-markdown-service-manual/ocr-playground-download-20260821T150708Z/Philips-VP415-Service-Manual-hires-300-part3of5-pages073-092.pdf/pages/page-18/img-20.jpeg,111236,896,514,exclude,,,none,downscaled by the OCR vendor; never published (manifest §3)
unsorted-source-material/ocr-markdown-service-manual/ocr-playground-download-20260821T150708Z/Philips-VP415-Service-Manual-hires-300-part3of5-pages073-092.pdf/pages/page-18/markdown.md,1140,,,source-text,,,none,text source for tools/import_ocr.py
unsorted-source-material/ocr-markdown-service-manual/ocr-playground-download-20260821T150708Z/Philips-VP415-Service-Manual-hires-300-part3of5-pages073-092.pdf/pages/page-18/page-metadata.json,2429,,,source-text,,,none,text source for tools/import_ocr.py
unsorted-source-material/ocr-markdown-service-manual/ocr-playground-download-20260821T150708Z/Philips-VP415-Service-Manual-hires-300-part3of5-pages073-092.pdf/pages/page-19/img-21.jpeg,34590,563,394,exclude,,,none,downscaled by the OCR vendor; never published (manifest §3)
unsorted-source-material/ocr-markdown-service-manual/ocr-playground-download-20260821T150708Z/Philips-VP415-Service-Manual-hires-300-part3of5-pages073-092.pdf/pages/page-19/img-22.jpeg,16397,226,394,exclude,,,none,downscaled by the OCR vendor; never published (manifest §3)
unsorted-source-material/ocr-markdown-service-manual/ocr-playground-download-20260821T150708Z/Philips-VP415-Service-Manual-hires-300-part3of5-pages073-092.pdf/pages/page-19/markdown.md,5368,,,source-text,,,none,text source for tools/import_ocr.py
unsorted-source-material/ocr-markdown-service-manual/ocr-playground-download-20260821T150708Z/Philips-VP415-Service-Manual-hires-300-part3of5-pages073-092.pdf/pages/page-19/page-metadata.json,10226,,,source-text,,,none,text source for tools/import_ocr.py
unsorted-source-material/ocr-markdown-service-manual/ocr-playground-download-20260821T150708Z/Philips-VP415-Service-Manual-hires-300-part3of5-pages073-092.pdf/pages/page-2/img-1.jpeg,79663,734,634,exclude,,,none,downscaled by the OCR vendor; never published (manifest §3)
unsorted-source-material/ocr-markdown-service-manual/ocr-playground-download-20260821T150708Z/Philips-VP415-Service-Manual-hires-300-part3of5-pages073-092.pdf/pages/page-2/markdown.md,914,,,source-text,,,none,text source for tools/import_ocr.py
unsorted-source-material/ocr-markdown-service-manual/ocr-playground-download-20260821T150708Z/Philips-VP415-Service-Manual-hires-300-part3of5-pages073-092.pdf/pages/page-2/page-metadata.json,2013,,,source-text,,,none,text source for tools/import_ocr.py
unsorted-source-material/ocr-markdown-service-manual/ocr-playground-download-20260821T150708Z/Philips-VP415-Service-Manual-hires-300-part3of5-pages073-092.pdf/pages/page-20/img-23.jpeg,63893,914,394,exclude,,,none,downscaled by the OCR vendor; never published (manifest §3)
unsorted-source-material/ocr-markdown-service-manual/ocr-playground-download-20260821T150708Z/Philips-VP415-Service-Manual-hires-300-part3of5-pages073-092.pdf/pages/page-20/markdown.md,2874,,,source-text,,,none,text source for tools/import_ocr.py
unsorted-source-material/ocr-markdown-service-manual/ocr-playground-download-20260821T150708Z/Philips-VP415-Service-Manual-hires-300-part3of5-pages073-092.pdf/pages/page-20/page-metadata.json,4023,,,source-text,,,none,text source for tools/import_ocr.py
unsorted-source-material/ocr-markdown-service-manual/ocr-playground-download-20260821T150708Z/Philips-VP415-Service-Manual-hires-300-part3of5-pages073-092.pdf/pages/page-3/img-2.jpeg,70563,662,550,exclude,,,none,downscaled by the OCR vendor; never published (manifest §3)
unsorted-source-material/ocr-markdown-service-manual/ocr-playground-download-20260821T150708Z/Philips-VP415-Service-Manual-hires-300-part3of5-pages073-092.pdf/pages/page-3/img-3.jpeg,34104,284,510,exclude,,,none,downscaled by the OCR vendor; never published (manifest §3)
unsorted-source-material/ocr-markdown-service-manual/ocr-playground-download-20260821T150708Z/Philips-VP415-Service-Manual-hires-300-part3of5-pages073-092.pdf/pages/page-3/markdown.md,3080,,,source-text,,,none,text source for tools/import_ocr.py
unsorted-source-material/ocr-markdown-service-manual/ocr-playground-download-20260821T150708Z/Philips-VP415-Service-Manual-hires-300-part3of5-pages073-092.pdf/pages/page-3/page-metadata.json,4645,,,source-text,,,none,text source for tools/import_ocr.py
unsorted-source-material/ocr-markdown-service-manual/ocr-playground-download-20260821T150708Z/Philips-VP415-Service-Manual-hires-300-part3of5-pages073-092.pdf/pages/page-4/markdown.md,23075,,,source-text,,,none,text source for tools/import_ocr.py
unsorted-source-material/ocr-markdown-service-manual/ocr-playground-download-20260821T150708Z/Philips-VP415-Service-Manual-hires-300-part3of5-pages073-092.pdf/pages/page-4/page-metadata.json,135,,,source-text,,,none,text source for tools/import_ocr.py
unsorted-source-material/ocr-markdown-service-manual/ocr-playground-download-20260821T150708Z/Philips-VP415-Service-Manual-hires-300-part3of5-pages073-092.pdf/pages/page-5/img-4.jpeg,67155,666,535,exclude,,,none,downscaled by the OCR vendor; never published (manifest §3)
unsorted-source-material/ocr-markdown-service-manual/ocr-playground-download-20260821T150708Z/Philips-VP415-Service-Manual-hires-300-part3of5-pages073-092.pdf/pages/page-5/img-5.jpeg,40815,332,518,exclude,,,none,downscaled by the OCR vendor; never published (manifest §3)
unsorted-source-material/ocr-markdown-service-manual/ocr-playground-download-20260821T150708Z/Philips-VP415-Service-Manual-hires-300-part3of5-pages073-092.pdf/pages/page-5/markdown.md,2547,,,source-text,,,none,text source for tools/import_ocr.py
unsorted-source-material/ocr-markdown-service-manual/ocr-playground-download-20260821T150708Z/Philips-VP415-Service-Manual-hires-300-part3of5-pages073-092.pdf/pages/page-5/page-metadata.json,4247,,,source-text,,,none,text source for tools/import_ocr.py
unsorted-source-material/ocr-markdown-service-manual/ocr-playground-download-20260821T150708Z/Philips-VP415-Service-Manual-hires-300-part3of5-pages073-092.pdf/pages/page-6/img-6.jpeg,25424,220,548,exclude,,,none,downscaled by the OCR vendor; never published (manifest §3)
unsorted-source-material/ocr-markdown-service-manual/ocr-playground-download-20260821T150708Z/Philips-VP415-Service-Manual-hires-300-part3of5-pages073-092.pdf/pages/page-6/img-7.jpeg,87312,685,558,exclude,,,none,downscaled by the OCR vendor; never published (manifest §3)
unsorted-source-material/ocr-markdown-service-manual/ocr-playground-download-20260821T150708Z/Philips-VP415-Service-Manual-hires-300-part3of5-pages073-092.pdf/pages/page-6/markdown.md,11932,,,source-text,,,none,text source for tools/import_ocr.py
unsorted-source-material/ocr-markdown-service-manual/ocr-playground-download-20260821T150708Z/Philips-VP415-Service-Manual-hires-300-part3of5-pages073-092.pdf/pages/page-6/page-metadata.json,13469,,,source-text,,,none,text source for tools/import_ocr.py
unsorted-source-material/ocr-markdown-service-manual/ocr-playground-download-20260821T150708Z/Philips-VP415-Service-Manual-hires-300-part3of5-pages073-092.pdf/pages/page-7/img-8.jpeg,65088,776,640,exclude,,,none,downscaled by the OCR vendor; never published (manifest §3)
unsorted-source-material/ocr-markdown-service-manual/ocr-playground-download-20260821T150708Z/Philips-VP415-Service-Manual-hires-300-part3of5-pages073-092.pdf/pages/page-7/img-9.jpeg,9078,69,625,exclude,,,none,downscaled by the OCR vendor; never published (manifest §3)
unsorted-source-material/ocr-markdown-service-manual/ocr-playground-download-20260821T150708Z/Philips-VP415-Service-Manual-hires-300-part3of5-pages073-092.pdf/pages/page-7/markdown.md,62,,,source-text,,,none,text source for tools/import_ocr.py
unsorted-source-material/ocr-markdown-service-manual/ocr-playground-download-20260821T150708Z/Philips-VP415-Service-Manual-hires-300-part3of5-pages073-092.pdf/pages/page-7/page-metadata.json,820,,,source-text,,,none,text source for tools/import_ocr.py
unsorted-source-material/ocr-markdown-service-manual/ocr-playground-download-20260821T150708Z/Philips-VP415-Service-Manual-hires-300-part3of5-pages073-092.pdf/pages/page-8/img-10.jpeg,68523,849,624,exclude,,,none,downscaled by the OCR vendor; never published (manifest §3)
unsorted-source-material/ocr-markdown-service-manual/ocr-playground-download-20260821T150708Z/Philips-VP415-Service-Manual-hires-300-part3of5-pages073-092.pdf/pages/page-8/markdown.md,932,,,source-text,,,none,text source for tools/import_ocr.py
unsorted-source-material/ocr-markdown-service-manual/ocr-playground-download-20260821T150708Z/Philips-VP415-Service-Manual-hires-300-part3of5-pages073-092.pdf/pages/page-8/page-metadata.json,1664,,,source-text,,,none,text source for tools/import_ocr.py
unsorted-source-material/ocr-markdown-service-manual/ocr-playground-download-20260821T150708Z/Philips-VP415-Service-Manual-hires-300-part3of5-pages073-092.pdf/pages/page-9/img-11.jpeg,8533,341,152,exclude,,,none,downscaled by the OCR vendor; never published (manifest §3)
unsorted-source-material/ocr-markdown-service-manual/ocr-playground-download-20260821T150708Z/Philips-VP415-Service-Manual-hires-300-part3of5-pages073-092.pdf/pages/page-9/img-12.jpeg,3873,239,108,exclude,,,none,downscaled by the OCR vendor; never published (manifest §3)
unsorted-source-material/ocr-markdown-service-manual/ocr-playground-download-20260821T150708Z/Philips-VP415-Service-Manual-hires-300-part3of5-pages073-092.pdf/pages/page-9/markdown.md,3581,,,source-text,,,none,text source for tools/import_ocr.py
unsorted-source-material/ocr-markdown-service-manual/ocr-playground-download-20260821T150708Z/Philips-VP415-Service-Manual-hires-300-part3of5-pages073-092.pdf/pages/page-9/page-metadata.json,11605,,,source-text,,,none,text source for tools/import_ocr.py
unsorted-source-material/ocr-markdown-service-manual/ocr-playground-download-20260821T150737Z/Philips-VP415-Service-Manual-hires-300-part4of5-pages093-139.pdf/markdown.md,88516,,,source-text,,,none,text source for tools/import_ocr.py
unsorted-source-material/ocr-markdown-service-manual/ocr-playground-download-20260821T150737Z/Philips-VP415-Service-Manual-hires-300-part4of5-pages093-139.pdf/pages/page-1/img-0.jpeg,75308,879,593,exclude,,,none,downscaled by the OCR vendor; never published (manifest §3)
unsorted-source-material/ocr-markdown-service-manual/ocr-playground-download-20260821T150737Z/Philips-VP415-Service-Manual-hires-300-part4of5-pages093-139.pdf/pages/page-1/markdown.md,247,,,source-text,,,none,text source for tools/import_ocr.py
unsorted-source-material/ocr-markdown-service-manual/ocr-playground-download-20260821T150737Z/Philips-VP415-Service-Manual-hires-300-part4of5-pages093-139.pdf/pages/page-1/page-metadata.json,972,,,source-text,,,none,text source for tools/import_ocr.py
unsorted-source-material/ocr-markdown-service-manual/ocr-playground-download-20260821T150737Z/Philips-VP415-Service-Manual-hires-300-part4of5-pages093-139.pdf/pages/page-10/img-16.jpeg,80404,870,628,exclude,,,none,downscaled by the OCR vendor; never published (manifest §3)
unsorted-source-material/ocr-markdown-service-manual/ocr-playground-download-20260821T150737Z/Philips-VP415-Service-Manual-hires-300-part4of5-pages093-139.pdf/pages/page-10/markdown.md,37,,,source-text,,,none,text source for tools/import_ocr.py
unsorted-source-material/ocr-markdown-service-manual/ocr-playground-download-20260821T150737Z/Philips-VP415-Service-Manual-hires-300-part4of5-pages093-139.pdf/pages/page-10/page-metadata.json,580,,,source-text,,,none,text source for tools/import_ocr.py
unsorted-source-material/ocr-markdown-service-manual/ocr-playground-download-20260821T150737Z/Philips-VP415-Service-Manual-hires-300-part4of5-pages093-139.pdf/pages/page-11/img-17.jpeg,41449,598,586,exclude,,,none,downscaled by the OCR vendor; never published (manifest §3)
unsorted-source-material/ocr-markdown-service-manual/ocr-playground-download-20260821T150737Z/Philips-VP415-Service-Manual-hires-300-part4of5-pages093-139.pdf/pages/page-11/markdown.md,49,,,source-text,,,none,text source for tools/import_ocr.py
unsorted-source-material/ocr-markdown-service-manual/ocr-playground-download-20260821T150737Z/Philips-VP415-Service-Manual-hires-300-part4of5-pages093-139.pdf/pages/page-11/page-metadata.json,773,,,source-text,,,none,text source for tools/import_ocr.py
unsorted-source-material/ocr-markdown-service-manual/ocr-playground-download-20260821T150737Z/Philips-VP415-Service-Manual-hires-300-part4of5-pages093-139.pdf/pages/page-12/img-18.jpeg,23728,426,386,exclude,,,none,downscaled by the OCR vendor; never published (manifest §3)
unsorted-source-material/ocr-markdown-service-manual/ocr-playground-download-20260821T150737Z/Philips-VP415-Service-Manual-hires-300-part4of5-pages093-139.pdf/pages/page-12/img-19.jpeg,35850,422,560,exclude,,,none,downscaled by the OCR vendor; never published (manifest §3)
unsorted-source-material/ocr-markdown-service-manual/ocr-playground-download-20260821T150737Z/Philips-VP415-Service-Manual-hires-300-part4of5-pages093-139.pdf/pages/page-12/img-20.jpeg,8592,170,234,exclude,,,none,downscaled by the OCR vendor; never published (manifest §3)
unsorted-source-material/ocr-markdown-service-manual/ocr-playground-download-20260821T150737Z/Philips-VP415-Service-Manual-hires-300-part4of5-pages093-139.pdf/pages/page-12/markdown.md,141,,,source-text,,,none,text source for tools/import_ocr.py
unsorted-source-material/ocr-markdown-service-manual/ocr-playground-download-20260821T150737Z/Philips-VP415-Service-Manual-hires-300-part4of5-pages093-139.pdf/pages/page-12/page-metadata.json,1859,,,source-text,,,none,text source for tools/import_ocr.py
unsorted-source-material/ocr-markdown-service-manual/ocr-playground-download-20260821T150737Z/Philips-VP415-Service-Manual-hires-300-part4of5-pages093-139.pdf/pages/page-13/img-21.jpeg,89450,878,609,exclude,,,none,downscaled by the OCR vendor; never published (manifest §3)
unsorted-source-material/ocr-markdown-service-manual/ocr-playground-download-20260821T150737Z/Philips-VP415-Service-Manual-hires-300-part4of5-pages093-139.pdf/pages/page-13/markdown.md,49,,,source-text,,,none,text source for tools/import_ocr.py
unsorted-source-material/ocr-markdown-service-manual/ocr-playground-download-20260821T150737Z/Philips-VP415-Service-Manual-hires-300-part4of5-pages093-139.pdf/pages/page-13/page-metadata.json,772,,,source-text,,,none,text source for tools/import_ocr.py
unsorted-source-material/ocr-markdown-service-manual/ocr-playground-download-20260821T150737Z/Philips-VP415-Service-Manual-hires-300-part4of5-pages093-139.pdf/pages/page-14/markdown.md,24,,,source-text,,,none,text source for tools/import_ocr.py
unsorted-source-material/ocr-markdown-service-manual/ocr-playground-download-20260821T150737Z/Philips-VP415-Service-Manual-hires-300-part4of5-pages093-139.pdf/pages/page-14/page-metadata.json,538,,,source-text,,,none,text source for tools/import_ocr.py
unsorted-source-material/ocr-markdown-service-manual/ocr-playground-download-20260821T150737Z/Philips-VP415-Service-Manual-hires-300-part4of5-pages093-139.pdf/pages/page-15/img-22.jpeg,2147,91,71,exclude,,,none,downscaled by the OCR vendor; never published (manifest §3)
unsorted-source-material/ocr-markdown-service-manual/ocr-playground-download-20260821T150737Z/Philips-VP415-Service-Manual-hires-300-part4of5-pages093-139.pdf/pages/page-15/img-23.jpeg,9564,352,181,exclude,,,none,downscaled by the OCR vendor; never published (manifest §3)
unsorted-source-material/ocr-markdown-service-manual/ocr-playground-download-20260821T150737Z/Philips-VP415-Service-Manual-hires-300-part4of5-pages093-139.pdf/pages/page-15/markdown.md,549,,,source-text,,,none,text source for tools/import_ocr.py
unsorted-source-material/ocr-markdown-service-manual/ocr-playground-download-20260821T150737Z/Philips-VP415-Service-Manual-hires-300-part4of5-pages093-139.pdf/pages/page-15/page-metadata.json,3912,,,source-text,,,none,text source for tools/import_ocr.py
unsorted-source-material/ocr-markdown-service-manual/ocr-playground-download-20260821T150737Z/Philips-VP415-Service-Manual-hires-300-part4of5-pages093-139.pdf/pages/page-16/markdown.md,2675,,,source-text,,,none,text source for tools/import_ocr.py
unsorted-source-material/ocr-markdown-service-manual/ocr-playground-download-20260821T150737Z/Philips-VP415-Service-Manual-hires-300-part4of5-pages093-139.pdf/pages/page-16/page-metadata.json,7970,,,source-text,,,none,text source for tools/import_ocr.py
unsorted-source-material/ocr-markdown-service-manual/ocr-playground-download-20260821T150737Z/Philips-VP415-Service-Manual-hires-300-part4of5-pages093-139.pdf/pages/page-17/img-24.jpeg,5913,337,134,exclude,,,none,downscaled by the OCR vendor; never published (manifest §3)
unsorted-source-material/ocr-markdown-service-manual/ocr-playground-download-20260821T150737Z/Philips-VP415-Service-Manual-hires-300-part4of5-pages093-139.pdf/pages/page-17/img-25.jpeg,21172,522,170,exclude,,,none,downscaled by the OCR vendor; never published (manifest §3)
unsorted-source-material/ocr-markdown-service-manual/ocr-playground-download-20260821T150737Z/Philips-VP415-Service-Manual-hires-300-part4of5-pages093-139.pdf/pages/page-17/markdown.md,815,,,source-text,,,none,text source for tools/import_ocr.py
unsorted-source-material/ocr-markdown-service-manual/ocr-playground-download-20260821T150737Z/Philips-VP415-Service-Manual-hires-300-part4of5-pages093-139.pdf/pages/page-17/page-metadata.json,3978,,,source-text,,,none,text source for tools/import_ocr.py
unsorted-source-material/ocr-markdown-service-manual/ocr-playground-download-20260821T150737Z/Philips-VP415-Service-Manual-hires-300-part4of5-pages093-139.pdf/pages/page-18/img-26.jpeg,28928,427,695,exclude,,,none,downscaled by the OCR vendor; never published (manifest §3)
unsorted-source-material/ocr-markdown-service-manual/ocr-playground-download-20260821T150737Z/Philips-VP415-Service-Manual-hires-300-part4of5-pages093-139.pdf/pages/page-18/markdown.md,224,,,source-text,,,none,text source for tools/import_ocr.py
unsorted-source-material/ocr-markdown-service-manual/ocr-playground-download-20260821T150737Z/Philips-VP415-Service-Manual-hires-300-part4of5-pages093-139.pdf/pages/page-18/page-metadata.json,1503,,,source-text,,,none,text source for tools/import_ocr.py
unsorted-source-material/ocr-markdown-service-manual/ocr-playground-download-20260821T150737Z/Philips-VP415-Service-Manual-hires-300-part4of5-pages093-139.pdf/pages/page-19/markdown.md,3741,,,source-text,,,none,text source for tools/import_ocr.py
unsorted-source-material/ocr-markdown-service-manual/ocr-playground-download-20260821T150737Z/Philips-VP415-Service-Manual-hires-300-part4of5-pages093-139.pdf/pages/page-19/page-metadata.json,5487,,,source-text,,,none,text source for tools/import_ocr.py
unsorted-source-material/ocr-markdown-service-manual/ocr-playground-download-20260821T150737Z/Philips-VP415-Service-Manual-hires-300-part4of5-pages093-139.pdf/pages/page-2/img-1.jpeg,96277,983,633,exclude,,,none,downscaled by the OCR vendor; never published (manifest §3)
unsorted-source-material/ocr-markdown-service-manual/ocr-playground-download-20260821T150737Z/Philips-VP415-Service-Manual-hires-300-part4of5-pages093-139.pdf/pages/page-2/markdown.md,35,,,source-text,,,none,text source for tools/import_ocr.py
unsorted-source-material/ocr-markdown-service-manual/ocr-playground-download-20260821T150737Z/Philips-VP415-Service-Manual-hires-300-part4of5-pages093-139.pdf/pages/page-2/page-metadata.json,575,,,source-text,,,none,text source for tools/import_ocr.py
unsorted-source-material/ocr-markdown-service-manual/ocr-playground-download-20260821T150737Z/Philips-VP415-Service-Manual-hires-300-part4of5-pages093-139.pdf/pages/page-20/img-27.jpeg,7077,144,349,exclude,,,none,downscaled by the OCR vendor; never published (manifest §3)
unsorted-source-material/ocr-markdown-service-manual/ocr-playground-download-20260821T150737Z/Philips-VP415-Service-Manual-hires-300-part4of5-pages093-139.pdf/pages/page-20/markdown.md,511,,,source-text,,,none,text source for tools/import_ocr.py
unsorted-source-material/ocr-markdown-service-manual/ocr-playground-download-20260821T150737Z/Philips-VP415-Service-Manual-hires-300-part4of5-pages093-139.pdf/pages/page-20/page-metadata.json,2713,,,source-text,,,none,text source for tools/import_ocr.py
unsorted-source-material/ocr-markdown-service-manual/ocr-playground-download-20260821T150737Z/Philips-VP415-Service-Manual-hires-300-part4of5-pages093-139.pdf/pages/page-21/img-28.jpeg,39323,527,827,exclude,,,none,downscaled by the OCR vendor; never published (manifest §3)
unsorted-source-material/ocr-markdown-service-manual/ocr-playground-download-20260821T150737Z/Philips-VP415-Service-Manual-hires-300-part4of5-pages093-139.pdf/pages/page-21/markdown.md,59,,,source-text,,,none,text source for tools/import_ocr.py
unsorted-source-material/ocr-markdown-service-manual/ocr-playground-download-20260821T150737Z/Philips-VP415-Service-Manual-hires-300-part4of5-pages093-139.pdf/pages/page-21/page-metadata.json,972,,,source-text,,,none,text source for tools/import_ocr.py
unsorted-source-material/ocr-markdown-service-manual/ocr-playground-download-20260821T150737Z/Philips-VP415-Service-Manual-hires-300-part4of5-pages093-139.pdf/pages/page-22/img-29.jpeg,30614,533,653,exclude,,,none,downscaled by the OCR vendor; never published (manifest §3)
unsorted-source-material/ocr-markdown-service-manual/ocr-playground-download-20260821T150737Z/Philips-VP415-Service-Manual-hires-300-part4of5-pages093-139.pdf/pages/page-22/markdown.md,55,,,source-text,,,none,text source for tools/import_ocr.py
unsorted-source-material/ocr-markdown-service-manual/ocr-playground-download-20260821T150737Z/Philips-VP415-Service-Manual-hires-300-part4of5-pages093-139.pdf/pages/page-22/page-metadata.json,783,,,source-text,,,none,text source for tools/import_ocr.py
unsorted-source-material/ocr-markdown-service-manual/ocr-playground-download-20260821T150737Z/Philips-VP415-Service-Manual-hires-300-part4of5-pages093-139.pdf/pages/page-23/img-30.jpeg,13715,261,481,exclude,,,none,downscaled by the OCR vendor; never published (manifest §3)
unsorted-source-material/ocr-markdown-service-manual/ocr-playground-download-20260821T150737Z/Philips-VP415-Service-Manual-hires-300-part4of5-pages093-139.pdf/pages/page-23/markdown.md,418,,,source-text,,,none,text source for tools/import_ocr.py
unsorted-source-material/ocr-markdown-service-manual/ocr-playground-download-20260821T150737Z/Philips-VP415-Service-Manual-hires-300-part4of5-pages093-139.pdf/pages/page-23/page-metadata.json,3558,,,source-text,,,none,text source for tools/import_ocr.py
unsorted-source-material/ocr-markdown-service-manual/ocr-playground-download-20260821T150737Z/Philips-VP415-Service-Manual-hires-300-part4of5-pages093-139.pdf/pages/page-24/img-31.jpeg,15918,268,606,exclude,,,none,downscaled by the OCR vendor; never published (manifest §3)
unsorted-source-material/ocr-markdown-service-manual/ocr-playground-download-20260821T150737Z/Philips-VP415-Service-Manual-hires-300-part4of5-pages093-139.pdf/pages/page-24/markdown.md,146,,,source-text,,,none,text source for tools/import_ocr.py
unsorted-source-material/ocr-markdown-service-manual/ocr-playground-download-20260821T150737Z/Philips-VP415-Service-Manual-hires-300-part4of5-pages093-139.pdf/pages/page-24/page-metadata.json,1433,,,source-text,,,none,text source for tools/import_ocr.py
unsorted-source-material/ocr-markdown-service-manual/ocr-playground-download-20260821T150737Z/Philips-VP415-Service-Manual-hires-300-part4of5-pages093-139.pdf/pages/page-25/img-32.jpeg,14660,277,489,exclude,,,none,downscaled by the OCR vendor; never published (manifest §3)
unsorted-source-material/ocr-markdown-service-manual/ocr-playground-download-20260821T150737Z/Philips-VP415-Service-Manual-hires-300-part4of5-pages093-139.pdf/pages/page-25/img-33.jpeg,3558,182,139,exclude,,,none,downscaled by the OCR vendor; never published (manifest §3)
unsorted-source-material/ocr-markdown-service-manual/ocr-playground-download-20260821T150737Z/Philips-VP415-Service-Manual-hires-300-part4of5-pages093-139.pdf/pages/page-25/markdown.md,197,,,source-text,,,none,text source for tools/import_ocr.py
unsorted-source-material/ocr-markdown-service-manual/ocr-playground-download-20260821T150737Z/Philips-VP415-Service-Manual-hires-300-part4of5-pages093-139.pdf/pages/page-25/page-metadata.json,2439,,,source-text,,,none,text source for tools/import_ocr.py
unsorted-source-material/ocr-markdown-service-manual/ocr-playground-download-20260821T150737Z/Philips-VP415-Service-Manual-hires-300-part4of5-pages093-139.pdf/pages/page-26/markdown.md,30,,,source-text,,,none,text source for tools/import_ocr.py
unsorted-source-material/ocr-markdown-service-manual/ocr-playground-download-20260821T150737Z/Philips-VP415-Service-Manual-hires-300-part4of5-pages093-139.pdf/pages/page-26/page-metadata.json,544,,,source-text,,,none,text source for tools/import_ocr.py
unsorted-source-material/ocr-markdown-service-manual/ocr-playground-download-20260821T150737Z/Philips-VP415-Service-Manual-hires-300-part4of5-pages093-139.pdf/pages/page-27/img-34.jpeg,29061,629,289,exclude,,,none,downscaled by the OCR vendor; never published (manifest §3)
unsorted-source-material/ocr-markdown-service-manual/ocr-playground-download-20260821T150737Z/Philips-VP415-Service-Manual-hires-300-part4of5-pages093-139.pdf/pages/page-27/markdown.md,53,,,source-text,,,none,text source for tools/import_ocr.py
unsorted-source-material/ocr-markdown-service-manual/ocr-playground-download-20260821T150737Z/Philips-VP415-Service-Manual-hires-300-part4of5-pages093-139.pdf/pages/page-27/page-metadata.json,783,,,source-text,,,none,text source for tools/import_ocr.py
unsorted-source-material/ocr-markdown-service-manual/ocr-playground-download-20260821T150737Z/Philips-VP415-Service-Manual-hires-300-part4of5-pages093-139.pdf/pages/page-28/markdown.md,3546,,,source-text,,,none,text source for tools/import_ocr.py
unsorted-source-material/ocr-markdown-service-manual/ocr-playground-download-20260821T150737Z/Philips-VP415-Service-Manual-hires-300-part4of5-pages093-139.pdf/pages/page-28/page-metadata.json,5681,,,source-text,,,none,text source for tools/import_ocr.py
unsorted-source-material/ocr-markdown-service-manual/ocr-playground-download-20260821T150737Z/Philips-VP415-Service-Manual-hires-300-part4of5-pages093-139.pdf/pages/page-29/markdown.md,3095,,,source-text,,,none,text source for tools/import_ocr.py
unsorted-source-material/ocr-markdown-service-manual/ocr-playground-download-20260821T150737Z/Philips-VP415-Service-Manual-hires-300-part4of5-pages093-139.pdf/pages/page-29/page-metadata.json,7898,,,source-text,,,none,text source for tools/import_ocr.py
unsorted-source-material/ocr-markdown-service-manual/ocr-playground-download-20260821T150737Z/Philips-VP415-Service-Manual-hires-300-part4of5-pages093-139.pdf/pages/page-3/img-2.jpeg,58636,661,573,exclude,,,none,downscaled by the OCR vendor; never published (manifest §3)
unsorted-source-material/ocr-markdown-service-manual/ocr-playground-download-20260821T150737Z/Philips-VP415-Service-Manual-hires-300-part4of5-pages093-139.pdf/pages/page-3/img-3.jpeg,3263,151,124,exclude,,,none,downscaled by the OCR vendor; never published (manifest §3)
unsorted-source-material/ocr-markdown-service-manual/ocr-playground-download-20260821T150737Z/Philips-VP415-Service-Manual-hires-300-part4of5-pages093-139.pdf/pages/page-3/img-4.jpeg,8811,232,216,exclude,,,none,downscaled by the OCR vendor; never published (manifest §3)
unsorted-source-material/ocr-markdown-service-manual/ocr-playground-download-20260821T150737Z/Philips-VP415-Service-Manual-hires-300-part4of5-pages093-139.pdf/pages/page-3/markdown.md,669,,,source-text,,,none,text source for tools/import_ocr.py
unsorted-source-material/ocr-markdown-service-manual/ocr-playground-download-20260821T150737Z/Philips-VP415-Service-Manual-hires-300-part4of5-pages093-139.pdf/pages/page-3/page-metadata.json,4099,,,source-text,,,none,text source for tools/import_ocr.py
unsorted-source-material/ocr-markdown-service-manual/ocr-playground-download-20260821T150737Z/Philips-VP415-Service-Manual-hires-300-part4of5-pages093-139.pdf/pages/page-30/markdown.md,4071,,,source-text,,,none,text source for tools/import_ocr.py
unsorted-source-material/ocr-markdown-service-manual/ocr-playground-download-20260821T150737Z/Philips-VP415-Service-Manual-hires-300-part4of5-pages093-139.pdf/pages/page-30/page-metadata.json,5849,,,source-text,,,none,text source for tools/import_ocr.py
unsorted-source-material/ocr-markdown-service-manual/ocr-playground-download-20260821T150737Z/Philips-VP415-Service-Manual-hires-300-part4of5-pages093-139.pdf/pages/page-31/markdown.md,3513,,,source-text,,,none,text source for tools/import_ocr.py
unsorted-source-material/ocr-markdown-service-manual/ocr-playground-download-20260821T150737Z/Philips-VP415-Service-Manual-hires-300-part4of5-pages093-139.pdf/pages/page-31/page-metadata.json,4735,,,source-text,,,none,text source for tools/import_ocr.py
unsorted-source-material/ocr-markdown-service-manual/ocr-playground-download-20260821T150737Z/Philips-VP415-Service-Manual-hires-300-part4of5-pages093-139.pdf/pages/page-32/markdown.md,4003,,,source-text,,,none,text source for tools/import_ocr.py
unsorted-source-material/ocr-markdown-service-manual/ocr-playground-download-20260821T150737Z/Philips-VP415-Service-Manual-hires-300-part4of5-pages093-139.pdf/pages/page-32/page-metadata.json,6206,,,source-text,,,none,text source for tools/import_ocr.py
unsorted-source-material/ocr-markdown-service-manual/ocr-playground-download-20260821T150737Z/Philips-VP415-Service-Manual-hires-300-part4of5-pages093-139.pdf/pages/page-33/img-35.jpeg,2082,91,68,exclude,,,none,downscaled by the OCR vendor; never published (manifest §3)
unsorted-source-material/ocr-markdown-service-manual/ocr-playground-download-20260821T150737Z/Philips-VP415-Service-Manual-hires-300-part4of5-pages093-139.pdf/pages/page-33/img-36.jpeg,9505,351,178,exclude,,,none,downscaled by the OCR vendor; never published (manifest §3)
unsorted-source-material/ocr-markdown-service-manual/ocr-playground-download-20260821T150737Z/Philips-VP415-Service-Manual-hires-300-part4of5-pages093-139.pdf/pages/page-33/markdown.md,1752,,,source-text,,,none,text source for tools/import_ocr.py
unsorted-source-material/ocr-markdown-service-manual/ocr-playground-download-20260821T150737Z/Philips-VP415-Service-Manual-hires-300-part4of5-pages093-139.pdf/pages/page-33/page-metadata.json,4052,,,source-text,,,none,text source for tools/import_ocr.py
unsorted-source-material/ocr-markdown-service-manual/ocr-playground-download-20260821T150737Z/Philips-VP415-Service-Manual-hires-300-part4of5-pages093-139.pdf/pages/page-34/img-37.jpeg,2857,155,66,exclude,,,none,downscaled by the OCR vendor; never published (manifest §3)
unsorted-source-material/ocr-markdown-service-manual/ocr-playground-download-20260821T150737Z/Philips-VP415-Service-Manual-hires-300-part4of5-pages093-139.pdf/pages/page-34/img-38.jpeg,5166,286,58,exclude,,,none,downscaled by the OCR vendor; never published (manifest §3)
unsorted-source-material/ocr-markdown-service-manual/ocr-playground-download-20260821T150737Z/Philips-VP415-Service-Manual-hires-300-part4of5-pages093-139.pdf/pages/page-34/img-39.jpeg,1454,134,40,exclude,,,none,downscaled by the OCR vendor; never published (manifest §3)
unsorted-source-material/ocr-markdown-service-manual/ocr-playground-download-20260821T150737Z/Philips-VP415-Service-Manual-hires-300-part4of5-pages093-139.pdf/pages/page-34/img-40.jpeg,8935,204,227,exclude,,,none,downscaled by the OCR vendor; never published (manifest §3)
unsorted-source-material/ocr-markdown-service-manual/ocr-playground-download-20260821T150737Z/Philips-VP415-Service-Manual-hires-300-part4of5-pages093-139.pdf/pages/page-34/img-41.jpeg,6042,259,143,exclude,,,none,downscaled by the OCR vendor; never published (manifest §3)
unsorted-source-material/ocr-markdown-service-manual/ocr-playground-download-20260821T150737Z/Philips-VP415-Service-Manual-hires-300-part4of5-pages093-139.pdf/pages/page-34/markdown.md,4772,,,source-text,,,none,text source for tools/import_ocr.py
unsorted-source-material/ocr-markdown-service-manual/ocr-playground-download-20260821T150737Z/Philips-VP415-Service-Manual-hires-300-part4of5-pages093-139.pdf/pages/page-34/page-metadata.json,11370,,,source-text,,,none,text source for tools/import_ocr.py
unsorted-source-material/ocr-markdown-service-manual/ocr-playground-download-20260821T150737Z/Philips-VP415-Service-Manual-hires-300-part4of5-pages093-139.pdf/pages/page-35/img-42.jpeg,8810,230,126,exclude,,,none,downscaled by the OCR vendor; never published (manifest §3)
unsorted-source-material/ocr-markdown-service-manual/ocr-playground-download-20260821T150737Z/Philips-VP415-Service-Manual-hires-300-part4of5-pages093-139.pdf/pages/page-35/img-43.jpeg,3483,229,70,exclude,,,none,downscaled by the OCR vendor; never published (manifest §3)
unsorted-source-material/ocr-markdown-service-manual/ocr-playground-download-20260821T150737Z/Philips-VP415-Service-Manual-hires-300-part4of5-pages093-139.pdf/pages/page-35/img-44.jpeg,7935,312,194,exclude,,,none,downscaled by the OCR vendor; never published (manifest §3)
unsorted-source-material/ocr-markdown-service-manual/ocr-playground-download-20260821T150737Z/Philips-VP415-Service-Manual-hires-300-part4of5-pages093-139.pdf/pages/page-35/markdown.md,4966,,,source-text,,,none,text source for tools/import_ocr.py
unsorted-source-material/ocr-markdown-service-manual/ocr-playground-download-20260821T150737Z/Philips-VP415-Service-Manual-hires-300-part4of5-pages093-139.pdf/pages/page-35/page-metadata.json,11851,,,source-text,,,none,text source for tools/import_ocr.py
unsorted-source-material/ocr-markdown-service-manual/ocr-playground-download-20260821T150737Z/Philips-VP415-Service-Manual-hires-300-part4of5-pages093-139.pdf/pages/page-36/img-45.jpeg,4782,174,123,exclude,,,none,downscaled by the OCR vendor; never published (manifest §3)
unsorted-source-material/ocr-markdown-service-manual/ocr-playground-download-20260821T150737Z/Philips-VP415-Service-Manual-hires-300-part4of5-pages093-139.pdf/pages/page-36/img-46.jpeg,6860,249,128,exclude,,,none,downscaled by the OCR vendor; never published (manifest §3)
unsorted-source-material/ocr-markdown-service-manual/ocr-playground-download-20260821T150737Z/Philips-VP415-Service-Manual-hires-300-part4of5-pages093-139.pdf/pages/page-36/markdown.md,4687,,,source-text,,,none,text source for tools/import_ocr.py
unsorted-source-material/ocr-markdown-service-manual/ocr-playground-download-20260821T150737Z/Philips-VP415-Service-Manual-hires-300-part4of5-pages093-139.pdf/pages/page-36/page-metadata.json,9884,,,source-text,,,none,text source for tools/import_ocr.py
unsorted-source-material/ocr-markdown-service-manual/ocr-playground-download-20260821T150737Z/Philips-VP415-Service-Manual-hires-300-part4of5-pages093-139.pdf/pages/page-37/img-47.jpeg,65852,589,609,exclude,,,none,downscaled by the OCR vendor; never published (manifest §3)
unsorted-source-material/ocr-markdown-service-manual/ocr-playground-download-20260821T150737Z/Philips-VP415-Service-Manual-hires-300-part4of5-pages093-139.pdf/pages/page-37/markdown.md,62,,,source-text,,,none,text source for tools/import_ocr.py
unsorted-source-material/ocr-markdown-service-manual/ocr-playground-download-20260821T150737Z/Philips-VP415-Service-Manual-hires-300-part4of5-pages093-139.pdf/pages/page-37/page-metadata.json,975,,,source-text,,,none,text source for tools/import_ocr.py
unsorted-source-material/ocr-markdown-service-manual/ocr-playground-download-20260821T150737Z/Philips-VP415-Service-Manual-hires-300-part4of5-pages093-139.pdf/pages/page-38/img-48.jpeg,6017,176,259,exclude,,,none,downscaled by the OCR vendor; never published (manifest §3)
unsorted-source-material/ocr-markdown-service-manual/ocr-playground-download-20260821T150737Z/Philips-VP415-Service-Manual-hires-300-part4of5-pages093-139.pdf/pages/page-38/img-49.jpeg,16038,288,273,exclude,,,none,downscaled by the OCR vendor; never published (manifest §3)
unsorted-source-material/ocr-markdown-service-manual/ocr-playground-download-20260821T150737Z/Philips-VP415-Service-Manual-hires-300-part4of5-pages093-139.pdf/pages/page-38/markdown.md,2570,,,source-text,,,none,text source for tools/import_ocr.py
unsorted-source-material/ocr-markdown-service-manual/ocr-playground-download-20260821T150737Z/Philips-VP415-Service-Manual-hires-300-part4of5-pages093-139.pdf/pages/page-38/page-metadata.json,6100,,,source-text,,,none,text source for tools/import_ocr.py
unsorted-source-material/ocr-markdown-service-manual/ocr-playground-download-20260821T150737Z/Philips-VP415-Service-Manual-hires-300-part4of5-pages093-139.pdf/pages/page-39/img-50.jpeg,21842,578,358,exclude,,,none,downscaled by the OCR vendor; never published (manifest §3)
unsorted-source-material/ocr-markdown-service-manual/ocr-playground-download-20260821T150737Z/Philips-VP415-Service-Manual-hires-300-part4of5-pages093-139.pdf/pages/page-39/img-51.jpeg,13853,471,278,exclude,,,none,downscaled by the OCR vendor; never published (manifest §3)
unsorted-source-material/ocr-markdown-service-manual/ocr-playground-download-20260821T150737Z/Philips-VP415-Service-Manual-hires-300-part4of5-pages093-139.pdf/pages/page-39/markdown.md,1437,,,source-text,,,none,text source for tools/import_ocr.py
unsorted-source-material/ocr-markdown-service-manual/ocr-playground-download-20260821T150737Z/Philips-VP415-Service-Manual-hires-300-part4of5-pages093-139.pdf/pages/page-39/page-metadata.json,3671,,,source-text,,,none,text source for tools/import_ocr.py
unsorted-source-material/ocr-markdown-service-manual/ocr-playground-download-20260821T150737Z/Philips-VP415-Service-Manual-hires-300-part4of5-pages093-139.pdf/pages/page-4/img-5.jpeg,66142,611,419,exclude,,,none,downscaled by the OCR vendor; never published (manifest §3)
unsorted-source-material/ocr-markdown-service-manual/ocr-playground-download-20260821T150737Z/Philips-VP415-Service-Manual-hires-300-part4of5-pages093-139.pdf/pages/page-4/img-6.jpeg,19395,233,417,exclude,,,none,downscaled by the OCR vendor; never published (manifest §3)
unsorted-source-material/ocr-markdown-service-manual/ocr-playground-download-20260821T150737Z/Philips-VP415-Service-Manual-hires-300-part4of5-pages093-139.pdf/pages/page-4/markdown.md,4826,,,source-text,,,none,text source for tools/import_ocr.py
unsorted-source-material/ocr-markdown-service-manual/ocr-playground-download-20260821T150737Z/Philips-VP415-Service-Manual-hires-300-part4of5-pages093-139.pdf/pages/page-4/page-metadata.json,7058,,,source-text,,,none,text source for tools/import_ocr.py
unsorted-source-material/ocr-markdown-service-manual/ocr-playground-download-20260821T150737Z/Philips-VP415-Service-Manual-hires-300-part4of5-pages093-139.pdf/pages/page-40/markdown.md,7191,,,source-text,,,none,text source for tools/import_ocr.py
unsorted-source-material/ocr-markdown-service-manual/ocr-playground-download-20260821T150737Z/Philips-VP415-Service-Manual-hires-300-part4of5-pages093-139.pdf/pages/page-40/page-metadata.json,10485,,,source-text,,,none,text source for tools/import_ocr.py
unsorted-source-material/ocr-markdown-service-manual/ocr-playground-download-20260821T150737Z/Philips-VP415-Service-Manual-hires-300-part4of5-pages093-139.pdf/pages/page-41/img-52.jpeg,49132,855,346,exclude,,,none,downscaled by the OCR vendor; never published (manifest §3)
unsorted-source-material/ocr-markdown-service-manual/ocr-playground-download-20260821T150737Z/Philips-VP415-Service-Manual-hires-300-part4of5-pages093-139.pdf/pages/page-41/markdown.md,74,,,source-text,,,none,text source for tools/import_ocr.py
unsorted-source-material/ocr-markdown-service-manual/ocr-playground-download-20260821T150737Z/Philips-VP415-Service-Manual-hires-300-part4of5-pages093-139.pdf/pages/page-41/page-metadata.json,992,,,source-text,,,none,text source for tools/import_ocr.py
unsorted-source-material/ocr-markdown-service-manual/ocr-playground-download-20260821T150737Z/Philips-VP415-Service-Manual-hires-300-part4of5-pages093-139.pdf/pages/page-42/img-53.jpeg,44127,854,601,exclude,,,none,downscaled by the OCR vendor; never published (manifest §3)
unsorted-source-material/ocr-markdown-service-manual/ocr-playground-download-20260821T150737Z/Philips-VP415-Service-Manual-hires-300-part4of5-pages093-139.pdf/pages/page-42/markdown.md,79,,,source-text,,,none,text source for tools/import_ocr.py
unsorted-source-material/ocr-markdown-service-manual/ocr-playground-download-20260821T150737Z/Philips-VP415-Service-Manual-hires-300-part4of5-pages093-139.pdf/pages/page-42/page-metadata.json,994,,,source-text,,,none,text source for tools/import_ocr.py
unsorted-source-material/ocr-markdown-service-manual/ocr-playground-download-20260821T150737Z/Philips-VP415-Service-Manual-hires-300-part4of5-pages093-139.pdf/pages/page-43/img-54.jpeg,28120,293,647,exclude,,,none,downscaled by the OCR vendor; never published (manifest §3)
unsorted-source-material/ocr-markdown-service-manual/ocr-playground-download-20260821T150737Z/Philips-VP415-Service-Manual-hires-300-part4of5-pages093-139.pdf/pages/page-43/img-55.jpeg,16172,290,427,exclude,,,none,downscaled by the OCR vendor; never published (manifest §3)
unsorted-source-material/ocr-markdown-service-manual/ocr-playground-download-20260821T150737Z/Philips-VP415-Service-Manual-hires-300-part4of5-pages093-139.pdf/pages/page-43/markdown.md,84,,,source-text,,,none,text source for tools/import_ocr.py
unsorted-source-material/ocr-markdown-service-manual/ocr-playground-download-20260821T150737Z/Philips-VP415-Service-Manual-hires-300-part4of5-pages093-139.pdf/pages/page-43/page-metadata.json,844,,,source-text,,,none,text source for tools/import_ocr.py
unsorted-source-material/ocr-markdown-service-manual/ocr-playground-download-20260821T150737Z/Philips-VP415-Service-Manual-hires-300-part4of5-pages093-139.pdf/pages/page-44/markdown.md,9009,,,source-text,,,none,text source for tools/import_ocr.py
unsorted-source-material/ocr-markdown-service-manual/ocr-playground-download-20260821T150737Z/Philips-VP415-Service-Manual-hires-300-part4of5-pages093-139.pdf/pages/page-44/page-metadata.json,20618,,,source-text,,,none,text source for tools/import_ocr.py
unsorted-source-material/ocr-markdown-service-manual/ocr-playground-download-20260821T150737Z/Philips-VP415-Service-Manual-hires-300-part4of5-pages093-139.pdf/pages/page-45/img-56.jpeg,42166,692,438,exclude,,,none,downscaled by the OCR vendor; never published (manifest §3)
unsorted-source-material/ocr-markdown-service-manual/ocr-playground-download-20260821T150737Z/Philips-VP415-Service-Manual-hires-300-part4of5-pages093-139.pdf/pages/page-45/markdown.md,71,,,source-text,,,none,text source for tools/import_ocr.py
unsorted-source-material/ocr-markdown-service-manual/ocr-playground-download-20260821T150737Z/Philips-VP415-Service-Manual-hires-300-part4of5-pages093-139.pdf/pages/page-45/page-metadata.json,984,,,source-text,,,none,text source for tools/import_ocr.py
unsorted-source-material/ocr-markdown-service-manual/ocr-playground-download-20260821T150737Z/Philips-VP415-Service-Manual-hires-300-part4of5-pages093-139.pdf/pages/page-46/markdown.md,4331,,,source-text,,,none,text source for tools/import_ocr.py
unsorted-source-material/ocr-markdown-service-manual/ocr-playground-download-20260821T150737Z/Philips-VP415-Service-Manual-hires-300-part4of5-pages093-139.pdf/pages/page-46/page-metadata.json,6884,,,source-text,,,none,text source for tools/import_ocr.py
unsorted-source-material/ocr-markdown-service-manual/ocr-playground-download-20260821T150737Z/Philips-VP415-Service-Manual-hires-300-part4of5-pages093-139.pdf/pages/page-47/img-57.jpeg,15644,565,232,exclude,,,none,downscaled by the OCR vendor; never published (manifest §3)
unsorted-source-material/ocr-markdown-service-manual/ocr-playground-download-20260821T150737Z/Philips-VP415-Service-Manual-hires-300-part4of5-pages093-139.pdf/pages/page-47/markdown.md,2418,,,source-text,,,none,text source for tools/import_ocr.py
unsorted-source-material/ocr-markdown-service-manual/ocr-playground-download-20260821T150737Z/Philips-VP415-Service-Manual-hires-300-part4of5-pages093-139.pdf/pages/page-47/page-metadata.json,5368,,,source-text,,,none,text source for tools/import_ocr.py
unsorted-source-material/ocr-markdown-service-manual/ocr-playground-download-20260821T150737Z/Philips-VP415-Service-Manual-hires-300-part4of5-pages093-139.pdf/pages/page-5/img-7.jpeg,24136,223,417,exclude,,,none,downscaled by the OCR vendor; never published (manifest §3)
unsorted-source-material/ocr-markdown-service-manual/ocr-playground-download-20260821T150737Z/Philips-VP415-Service-Manual-hires-300-part4of5-pages093-139.pdf/pages/page-5/img-8.jpeg,50480,612,417,exclude,,,none,downscaled by the OCR vendor; never published (manifest §3)
unsorted-source-material/ocr-markdown-service-manual/ocr-playground-download-20260821T150737Z/Philips-VP415-Service-Manual-hires-300-part4of5-pages093-139.pdf/pages/page-5/markdown.md,5711,,,source-text,,,none,text source for tools/import_ocr.py
unsorted-source-material/ocr-markdown-service-manual/ocr-playground-download-20260821T150737Z/Philips-VP415-Service-Manual-hires-300-part4of5-pages093-139.pdf/pages/page-5/page-metadata.json,7728,,,source-text,,,none,text source for tools/import_ocr.py
unsorted-source-material/ocr-markdown-service-manual/ocr-playground-download-20260821T150737Z/Philips-VP415-Service-Manual-hires-300-part4of5-pages093-139.pdf/pages/page-6/img-9.jpeg,47561,593,414,exclude,,,none,downscaled by the OCR vendor; never published (manifest §3)
unsorted-source-material/ocr-markdown-service-manual/ocr-playground-download-20260821T150737Z/Philips-VP415-Service-Manual-hires-300-part4of5-pages093-139.pdf/pages/page-6/markdown.md,4212,,,source-text,,,none,text source for tools/import_ocr.py
unsorted-source-material/ocr-markdown-service-manual/ocr-playground-download-20260821T150737Z/Philips-VP415-Service-Manual-hires-300-part4of5-pages093-139.pdf/pages/page-6/page-metadata.json,7152,,,source-text,,,none,text source for tools/import_ocr.py
unsorted-source-material/ocr-markdown-service-manual/ocr-playground-download-20260821T150737Z/Philips-VP415-Service-Manual-hires-300-part4of5-pages093-139.pdf/pages/page-7/img-10.jpeg,77388,817,634,exclude,,,none,downscaled by the OCR vendor; never published (manifest §3)
unsorted-source-material/ocr-markdown-service-manual/ocr-playground-download-20260821T150737Z/Philips-VP415-Service-Manual-hires-300-part4of5-pages093-139.pdf/pages/page-7/img-11.jpeg,9575,68,616,exclude,,,none,downscaled by the OCR vendor; never published (manifest §3)
unsorted-source-material/ocr-markdown-service-manual/ocr-playground-download-20260821T150737Z/Philips-VP415-Service-Manual-hires-300-part4of5-pages093-139.pdf/pages/page-7/markdown.md,66,,,source-text,,,none,text source for tools/import_ocr.py
unsorted-source-material/ocr-markdown-service-manual/ocr-playground-download-20260821T150737Z/Philips-VP415-Service-Manual-hires-300-part4of5-pages093-139.pdf/pages/page-7/page-metadata.json,826,,,source-text,,,none,text source for tools/import_ocr.py
unsorted-source-material/ocr-markdown-service-manual/ocr-playground-download-20260821T150737Z/Philips-VP415-Service-Manual-hires-300-part4of5-pages093-139.pdf/pages/page-8/img-12.jpeg,8776,135,329,exclude,,,none,downscaled by the OCR vendor; never published (manifest §3)
unsorted-source-material/ocr-markdown-service-manual/ocr-playground-download-20260821T150737Z/Philips-VP415-Service-Manual-hires-300-part4of5-pages093-139.pdf/pages/page-8/img-13.jpeg,12742,227,347,exclude,,,none,downscaled by the OCR vendor; never published (manifest §3)
unsorted-source-material/ocr-markdown-service-manual/ocr-playground-download-20260821T150737Z/Philips-VP415-Service-Manual-hires-300-part4of5-pages093-139.pdf/pages/page-8/img-14.jpeg,12481,223,311,exclude,,,none,downscaled by the OCR vendor; never published (manifest §3)
unsorted-source-material/ocr-markdown-service-manual/ocr-playground-download-20260821T150737Z/Philips-VP415-Service-Manual-hires-300-part4of5-pages093-139.pdf/pages/page-8/img-15.jpeg,26208,474,315,exclude,,,none,downscaled by the OCR vendor; never published (manifest §3)
unsorted-source-material/ocr-markdown-service-manual/ocr-playground-download-20260821T150737Z/Philips-VP415-Service-Manual-hires-300-part4of5-pages093-139.pdf/pages/page-8/markdown.md,1069,,,source-text,,,none,text source for tools/import_ocr.py
unsorted-source-material/ocr-markdown-service-manual/ocr-playground-download-20260821T150737Z/Philips-VP415-Service-Manual-hires-300-part4of5-pages093-139.pdf/pages/page-8/page-metadata.json,6145,,,source-text,,,none,text source for tools/import_ocr.py
unsorted-source-material/ocr-markdown-service-manual/ocr-playground-download-20260821T150737Z/Philips-VP415-Service-Manual-hires-300-part4of5-pages093-139.pdf/pages/page-9/markdown.md,85,,,source-text,,,none,text source for tools/import_ocr.py
unsorted-source-material/ocr-markdown-service-manual/ocr-playground-download-20260821T150737Z/Philips-VP415-Service-Manual-hires-300-part4of5-pages093-139.pdf/pages/page-9/page-metadata.json,964,,,source-text,,,none,text source for tools/import_ocr.py
unsorted-source-material/ocr-markdown-service-manual/ocr-playground-download-20260821T150802Z/Philips-VP415-Service-Manual-hires-300-part5of5-pages140-197.pdf/markdown.md,132997,,,source-text,,,none,text source for tools/import_ocr.py
unsorted-source-material/ocr-markdown-service-manual/ocr-playground-download-20260821T150802Z/Philips-VP415-Service-Manual-hires-300-part5of5-pages140-197.pdf/pages/page-1/img-0.jpeg,13180,466,230,exclude,,,none,downscaled by the OCR vendor; never published (manifest §3)
unsorted-source-material/ocr-markdown-service-manual/ocr-playground-download-20260821T150802Z/Philips-VP415-Service-Manual-hires-300-part5of5-pages140-197.pdf/pages/page-1/markdown.md,3061,,,source-text,,,none,text source for tools/import_ocr.py
unsorted-source-material/ocr-markdown-service-manual/ocr-playground-download-20260821T150802Z/Philips-VP415-Service-Manual-hires-300-part5of5-pages140-197.pdf/pages/page-1/page-metadata.json,6373,,,source-text,,,none,text source for tools/import_ocr.py
unsorted-source-material/ocr-markdown-service-manual/ocr-playground-download-20260821T150802Z/Philips-VP415-Service-Manual-hires-300-part5of5-pages140-197.pdf/pages/page-10/img-21.jpeg,11255,408,208,exclude,,,none,downscaled by the OCR vendor; never published (manifest §3)
unsorted-source-material/ocr-markdown-service-manual/ocr-playground-download-20260821T150802Z/Philips-VP415-Service-Manual-hires-300-part5of5-pages140-197.pdf/pages/page-10/markdown.md,4940,,,source-text,,,none,text source for tools/import_ocr.py
unsorted-source-material/ocr-markdown-service-manual/ocr-playground-download-20260821T150802Z/Philips-VP415-Service-Manual-hires-300-part5of5-pages140-197.pdf/pages/page-10/page-metadata.json,8623,,,source-text,,,none,text source for tools/import_ocr.py
unsorted-source-material/ocr-markdown-service-manual/ocr-playground-download-20260821T150802Z/Philips-VP415-Service-Manual-hires-300-part5of5-pages140-197.pdf/pages/page-11/img-22.jpeg,4913,190,175,exclude,,,none,downscaled by the OCR vendor; never published (manifest §3)
unsorted-source-material/ocr-markdown-service-manual/ocr-playground-download-20260821T150802Z/Philips-VP415-Service-Manual-hires-300-part5of5-pages140-197.pdf/pages/page-11/img-23.jpeg,11004,294,241,exclude,,,none,downscaled by the OCR vendor; never published (manifest §3)
unsorted-source-material/ocr-markdown-service-manual/ocr-playground-download-20260821T150802Z/Philips-VP415-Service-Manual-hires-300-part5of5-pages140-197.pdf/pages/page-11/markdown.md,4296,,,source-text,,,none,text source for tools/import_ocr.py
unsorted-source-material/ocr-markdown-service-manual/ocr-playground-download-20260821T150802Z/Philips-VP415-Service-Manual-hires-300-part5of5-pages140-197.pdf/pages/page-11/page-metadata.json,7835,,,source-text,,,none,text source for tools/import_ocr.py
unsorted-source-material/ocr-markdown-service-manual/ocr-playground-download-20260821T150802Z/Philips-VP415-Service-Manual-hires-300-part5of5-pages140-197.pdf/pages/page-12/img-24.jpeg,3039,182,101,exclude,,,none,downscaled by the OCR vendor; never published (manifest §3)
unsorted-source-material/ocr-markdown-service-manual/ocr-playground-download-20260821T150802Z/Philips-VP415-Service-Manual-hires-300-part5of5-pages140-197.pdf/pages/page-12/img-25.jpeg,9957,274,270,exclude,,,none,downscaled by the OCR vendor; never published (manifest §3)
unsorted-source-material/ocr-markdown-service-manual/ocr-playground-download-20260821T150802Z/Philips-VP415-Service-Manual-hires-300-part5of5-pages140-197.pdf/pages/page-12/img-26.jpeg,16016,391,214,exclude,,,none,downscaled by the OCR vendor; never published (manifest §3)
unsorted-source-material/ocr-markdown-service-manual/ocr-playground-download-20260821T150802Z/Philips-VP415-Service-Manual-hires-300-part5of5-pages140-197.pdf/pages/page-12/markdown.md,7346,,,source-text,,,none,text source for tools/import_ocr.py
unsorted-source-material/ocr-markdown-service-manual/ocr-playground-download-20260821T150802Z/Philips-VP415-Service-Manual-hires-300-part5of5-pages140-197.pdf/pages/page-12/page-metadata.json,19630,,,source-text,,,none,text source for tools/import_ocr.py
unsorted-source-material/ocr-markdown-service-manual/ocr-playground-download-20260821T150802Z/Philips-VP415-Service-Manual-hires-300-part5of5-pages140-197.pdf/pages/page-13/img-27.jpeg,15252,398,200,exclude,,,none,downscaled by the OCR vendor; never published (manifest §3)
unsorted-source-material/ocr-markdown-service-manual/ocr-playground-download-20260821T150802Z/Philips-VP415-Service-Manual-hires-300-part5of5-pages140-197.pdf/pages/page-13/img-28.jpeg,4655,197,144,exclude,,,none,downscaled by the OCR vendor; never published (manifest §3)
unsorted-source-material/ocr-markdown-service-manual/ocr-playground-download-20260821T150802Z/Philips-VP415-Service-Manual-hires-300-part5of5-pages140-197.pdf/pages/page-13/markdown.md,8024,,,source-text,,,none,text source for tools/import_ocr.py
unsorted-source-material/ocr-markdown-service-manual/ocr-playground-download-20260821T150802Z/Philips-VP415-Service-Manual-hires-300-part5of5-pages140-197.pdf/pages/page-13/page-metadata.json,15462,,,source-text,,,none,text source for tools/import_ocr.py
unsorted-source-material/ocr-markdown-service-manual/ocr-playground-download-20260821T150802Z/Philips-VP415-Service-Manual-hires-300-part5of5-pages140-197.pdf/pages/page-14/img-29.jpeg,12623,294,291,exclude,,,none,downscaled by the OCR vendor; never published (manifest §3)
unsorted-source-material/ocr-markdown-service-manual/ocr-playground-download-20260821T150802Z/Philips-VP415-Service-Manual-hires-300-part5of5-pages140-197.pdf/pages/page-14/markdown.md,5794,,,source-text,,,none,text source for tools/import_ocr.py
unsorted-source-material/ocr-markdown-service-manual/ocr-playground-download-20260821T150802Z/Philips-VP415-Service-Manual-hires-300-part5of5-pages140-197.pdf/pages/page-14/page-metadata.json,11149,,,source-text,,,none,text source for tools/import_ocr.py
unsorted-source-material/ocr-markdown-service-manual/ocr-playground-download-20260821T150802Z/Philips-VP415-Service-Manual-hires-300-part5of5-pages140-197.pdf/pages/page-15/img-30.jpeg,10674,279,278,exclude,,,none,downscaled by the OCR vendor; never published (manifest §3)
unsorted-source-material/ocr-markdown-service-manual/ocr-playground-download-20260821T150802Z/Philips-VP415-Service-Manual-hires-300-part5of5-pages140-197.pdf/pages/page-15/img-31.jpeg,23908,487,386,exclude,,,none,downscaled by the OCR vendor; never published (manifest §3)
unsorted-source-material/ocr-markdown-service-manual/ocr-playground-download-20260821T150802Z/Philips-VP415-Service-Manual-hires-300-part5of5-pages140-197.pdf/pages/page-15/markdown.md,2922,,,source-text,,,none,text source for tools/import_ocr.py
unsorted-source-material/ocr-markdown-service-manual/ocr-playground-download-20260821T150802Z/Philips-VP415-Service-Manual-hires-300-part5of5-pages140-197.pdf/pages/page-15/page-metadata.json,6269,,,source-text,,,none,text source for tools/import_ocr.py
unsorted-source-material/ocr-markdown-service-manual/ocr-playground-download-20260821T150802Z/Philips-VP415-Service-Manual-hires-300-part5of5-pages140-197.pdf/pages/page-16/img-32.jpeg,12397,383,250,exclude,,,none,downscaled by the OCR vendor; never published (manifest §3)
unsorted-source-material/ocr-markdown-service-manual/ocr-playground-download-20260821T150802Z/Philips-VP415-Service-Manual-hires-300-part5of5-pages140-197.pdf/pages/page-16/markdown.md,4917,,,source-text,,,none,text source for tools/import_ocr.py
unsorted-source-material/ocr-markdown-service-manual/ocr-playground-download-20260821T150802Z/Philips-VP415-Service-Manual-hires-300-part5of5-pages140-197.pdf/pages/page-16/page-metadata.json,9892,,,source-text,,,none,text source for tools/import_ocr.py
unsorted-source-material/ocr-markdown-service-manual/ocr-playground-download-20260821T150802Z/Philips-VP415-Service-Manual-hires-300-part5of5-pages140-197.pdf/pages/page-17/img-33.jpeg,7151,229,146,exclude,,,none,downscaled by the OCR vendor; never published (manifest §3)
unsorted-source-material/ocr-markdown-service-manual/ocr-playground-download-20260821T150802Z/Philips-VP415-Service-Manual-hires-300-part5of5-pages140-197.pdf/pages/page-17/markdown.md,4218,,,source-text,,,none,text source for tools/import_ocr.py
unsorted-source-material/ocr-markdown-service-manual/ocr-playground-download-20260821T150802Z/Philips-VP415-Service-Manual-hires-300-part5of5-pages140-197.pdf/pages/page-17/page-metadata.json,12250,,,source-text,,,none,text source for tools/import_ocr.py
unsorted-source-material/ocr-markdown-service-manual/ocr-playground-download-20260821T150802Z/Philips-VP415-Service-Manual-hires-300-part5of5-pages140-197.pdf/pages/page-18/img-34.jpeg,27658,524,256,exclude,,,none,downscaled by the OCR vendor; never published (manifest §3)
unsorted-source-material/ocr-markdown-service-manual/ocr-playground-download-20260821T150802Z/Philips-VP415-Service-Manual-hires-300-part5of5-pages140-197.pdf/pages/page-18/markdown.md,3000,,,source-text,,,none,text source for tools/import_ocr.py
unsorted-source-material/ocr-markdown-service-manual/ocr-playground-download-20260821T150802Z/Philips-VP415-Service-Manual-hires-300-part5of5-pages140-197.pdf/pages/page-18/page-metadata.json,9478,,,source-text,,,none,text source for tools/import_ocr.py
unsorted-source-material/ocr-markdown-service-manual/ocr-playground-download-20260821T150802Z/Philips-VP415-Service-Manual-hires-300-part5of5-pages140-197.pdf/pages/page-19/img-35.jpeg,27763,594,273,exclude,,,none,downscaled by the OCR vendor; never published (manifest §3)
unsorted-source-material/ocr-markdown-service-manual/ocr-playground-download-20260821T150802Z/Philips-VP415-Service-Manual-hires-300-part5of5-pages140-197.pdf/pages/page-19/markdown.md,3223,,,source-text,,,none,text source for tools/import_ocr.py
unsorted-source-material/ocr-markdown-service-manual/ocr-playground-download-20260821T150802Z/Philips-VP415-Service-Manual-hires-300-part5of5-pages140-197.pdf/pages/page-19/page-metadata.json,8623,,,source-text,,,none,text source for tools/import_ocr.py
unsorted-source-material/ocr-markdown-service-manual/ocr-playground-download-20260821T150802Z/Philips-VP415-Service-Manual-hires-300-part5of5-pages140-197.pdf/pages/page-2/img-1.jpeg,13979,508,222,exclude,,,none,downscaled by the OCR vendor; never published (manifest §3)
unsorted-source-material/ocr-markdown-service-manual/ocr-playground-download-20260821T150802Z/Philips-VP415-Service-Manual-hires-300-part5of5-pages140-197.pdf/pages/page-2/markdown.md,4859,,,source-text,,,none,text source for tools/import_ocr.py
unsorted-source-material/ocr-markdown-service-manual/ocr-playground-download-20260821T150802Z/Philips-VP415-Service-Manual-hires-300-part5of5-pages140-197.pdf/pages/page-2/page-metadata.json,8918,,,source-text,,,none,text source for tools/import_ocr.py
unsorted-source-material/ocr-markdown-service-manual/ocr-playground-download-20260821T150802Z/Philips-VP415-Service-Manual-hires-300-part5of5-pages140-197.pdf/pages/page-20/markdown.md,4295,,,source-text,,,none,text source for tools/import_ocr.py
unsorted-source-material/ocr-markdown-service-manual/ocr-playground-download-20260821T150802Z/Philips-VP415-Service-Manual-hires-300-part5of5-pages140-197.pdf/pages/page-20/page-metadata.json,12382,,,source-text,,,none,text source for tools/import_ocr.py
unsorted-source-material/ocr-markdown-service-manual/ocr-playground-download-20260821T150802Z/Philips-VP415-Service-Manual-hires-300-part5of5-pages140-197.pdf/pages/page-21/markdown.md,5015,,,source-text,,,none,text source for tools/import_ocr.py
unsorted-source-material/ocr-markdown-service-manual/ocr-playground-download-20260821T150802Z/Philips-VP415-Service-Manual-hires-300-part5of5-pages140-197.pdf/pages/page-21/page-metadata.json,13094,,,source-text,,,none,text source for tools/import_ocr.py
unsorted-source-material/ocr-markdown-service-manual/ocr-playground-download-20260821T150802Z/Philips-VP415-Service-Manual-hires-300-part5of5-pages140-197.pdf/pages/page-22/img-36.jpeg,8506,294,158,exclude,,,none,downscaled by the OCR vendor; never published (manifest §3)
unsorted-source-material/ocr-markdown-service-manual/ocr-playground-download-20260821T150802Z/Philips-VP415-Service-Manual-hires-300-part5of5-pages140-197.pdf/pages/page-22/markdown.md,4110,,,source-text,,,none,text source for tools/import_ocr.py
unsorted-source-material/ocr-markdown-service-manual/ocr-playground-download-20260821T150802Z/Philips-VP415-Service-Manual-hires-300-part5of5-pages140-197.pdf/pages/page-22/page-metadata.json,11545,,,source-text,,,none,text source for tools/import_ocr.py
unsorted-source-material/ocr-markdown-service-manual/ocr-playground-download-20260821T150802Z/Philips-VP415-Service-Manual-hires-300-part5of5-pages140-197.pdf/pages/page-23/img-37.jpeg,10651,260,225,exclude,,,none,downscaled by the OCR vendor; never published (manifest §3)
unsorted-source-material/ocr-markdown-service-manual/ocr-playground-download-20260821T150802Z/Philips-VP415-Service-Manual-hires-300-part5of5-pages140-197.pdf/pages/page-23/markdown.md,3974,,,source-text,,,none,text source for tools/import_ocr.py
unsorted-source-material/ocr-markdown-service-manual/ocr-playground-download-20260821T150802Z/Philips-VP415-Service-Manual-hires-300-part5of5-pages140-197.pdf/pages/page-23/page-metadata.json,10332,,,source-text,,,none,text source for tools/import_ocr.py
unsorted-source-material/ocr-markdown-service-manual/ocr-playground-download-20260821T150802Z/Philips-VP415-Service-Manual-hires-300-part5of5-pages140-197.pdf/pages/page-24/img-38.jpeg,25102,556,285,exclude,,,none,downscaled by the OCR vendor; never published (manifest §3)
unsorted-source-material/ocr-markdown-service-manual/ocr-playground-download-20260821T150802Z/Philips-VP415-Service-Manual-hires-300-part5of5-pages140-197.pdf/pages/page-24/img-39.jpeg,7185,283,216,exclude,,,none,downscaled by the OCR vendor; never published (manifest §3)
unsorted-source-material/ocr-markdown-service-manual/ocr-playground-download-20260821T150802Z/Philips-VP415-Service-Manual-hires-300-part5of5-pages140-197.pdf/pages/page-24/markdown.md,3396,,,source-text,,,none,text source for tools/import_ocr.py
unsorted-source-material/ocr-markdown-service-manual/ocr-playground-download-20260821T150802Z/Philips-VP415-Service-Manual-hires-300-part5of5-pages140-197.pdf/pages/page-24/page-metadata.json,8216,,,source-text,,,none,text source for tools/import_ocr.py
unsorted-source-material/ocr-markdown-service-manual/ocr-playground-download-20260821T150802Z/Philips-VP415-Service-Manual-hires-300-part5of5-pages140-197.pdf/pages/page-25/markdown.md,30,,,source-text,,,none,text source for tools/import_ocr.py
unsorted-source-material/ocr-markdown-service-manual/ocr-playground-download-20260821T150802Z/Philips-VP415-Service-Manual-hires-300-part5of5-pages140-197.pdf/pages/page-25/page-metadata.json,544,,,source-text,,,none,text source for tools/import_ocr.py
unsorted-source-material/ocr-markdown-service-manual/ocr-playground-download-20260821T150802Z/Philips-VP415-Service-Manual-hires-300-part5of5-pages140-197.pdf/pages/page-26/markdown.md,279,,,source-text,,,none,text source for tools/import_ocr.py
unsorted-source-material/ocr-markdown-service-manual/ocr-playground-download-20260821T150802Z/Philips-VP415-Service-Manual-hires-300-part5of5-pages140-197.pdf/pages/page-26/page-metadata.json,2089,,,source-text,,,none,text source for tools/import_ocr.py
unsorted-source-material/ocr-markdown-service-manual/ocr-playground-download-20260821T150802Z/Philips-VP415-Service-Manual-hires-300-part5of5-pages140-197.pdf/pages/page-27/img-40.jpeg,53143,628,645,exclude,,,none,downscaled by the OCR vendor; never published (manifest §3)
unsorted-source-material/ocr-markdown-service-manual/ocr-playground-download-20260821T150802Z/Philips-VP415-Service-Manual-hires-300-part5of5-pages140-197.pdf/pages/page-27/markdown.md,62,,,source-text,,,none,text source for tools/import_ocr.py
unsorted-source-material/ocr-markdown-service-manual/ocr-playground-download-20260821T150802Z/Philips-VP415-Service-Manual-hires-300-part5of5-pages140-197.pdf/pages/page-27/page-metadata.json,786,,,source-text,,,none,text source for tools/import_ocr.py
unsorted-source-material/ocr-markdown-service-manual/ocr-playground-download-20260821T150802Z/Philips-VP415-Service-Manual-hires-300-part5of5-pages140-197.pdf/pages/page-28/markdown.md,2180,,,source-text,,,none,text source for tools/import_ocr.py
unsorted-source-material/ocr-markdown-service-manual/ocr-playground-download-20260821T150802Z/Philips-VP415-Service-Manual-hires-300-part5of5-pages140-197.pdf/pages/page-28/page-metadata.json,3339,,,source-text,,,none,text source for tools/import_ocr.py
unsorted-source-material/ocr-markdown-service-manual/ocr-playground-download-20260821T150802Z/Philips-VP415-Service-Manual-hires-300-part5of5-pages140-197.pdf/pages/page-29/markdown.md,1421,,,source-text,,,none,text source for tools/import_ocr.py
unsorted-source-material/ocr-markdown-service-manual/ocr-playground-download-20260821T150802Z/Philips-VP415-Service-Manual-hires-300-part5of5-pages140-197.pdf/pages/page-29/page-metadata.json,2352,,,source-text,,,none,text source for tools/import_ocr.py
unsorted-source-material/ocr-markdown-service-manual/ocr-playground-download-20260821T150802Z/Philips-VP415-Service-Manual-hires-300-part5of5-pages140-197.pdf/pages/page-3/img-2.jpeg,18508,511,272,exclude,,,none,downscaled by the OCR vendor; never published (manifest §3)
unsorted-source-material/ocr-markdown-service-manual/ocr-playground-download-20260821T150802Z/Philips-VP415-Service-Manual-hires-300-part5of5-pages140-197.pdf/pages/page-3/markdown.md,3816,,,source-text,,,none,text source for tools/import_ocr.py
unsorted-source-material/ocr-markdown-service-manual/ocr-playground-download-20260821T150802Z/Philips-VP415-Service-Manual-hires-300-part5of5-pages140-197.pdf/pages/page-3/page-metadata.json,7862,,,source-text,,,none,text source for tools/import_ocr.py
unsorted-source-material/ocr-markdown-service-manual/ocr-playground-download-20260821T150802Z/Philips-VP415-Service-Manual-hires-300-part5of5-pages140-197.pdf/pages/page-30/markdown.md,447,,,source-text,,,none,text source for tools/import_ocr.py
unsorted-source-material/ocr-markdown-service-manual/ocr-playground-download-20260821T150802Z/Philips-VP415-Service-Manual-hires-300-part5of5-pages140-197.pdf/pages/page-30/page-metadata.json,1542,,,source-text,,,none,text source for tools/import_ocr.py
unsorted-source-material/ocr-markdown-service-manual/ocr-playground-download-20260821T150802Z/Philips-VP415-Service-Manual-hires-300-part5of5-pages140-197.pdf/pages/page-31/markdown.md,1013,,,source-text,,,none,text source for tools/import_ocr.py
unsorted-source-material/ocr-markdown-service-manual/ocr-playground-download-20260821T150802Z/Philips-VP415-Service-Manual-hires-300-part5of5-pages140-197.pdf/pages/page-31/page-metadata.json,1740,,,source-text,,,none,text source for tools/import_ocr.py
unsorted-source-material/ocr-markdown-service-manual/ocr-playground-download-20260821T150802Z/Philips-VP415-Service-Manual-hires-300-part5of5-pages140-197.pdf/pages/page-32/img-41.jpeg,5535,183,157,exclude,,,none,downscaled by the OCR vendor; never published (manifest §3)
unsorted-source-material/ocr-markdown-service-manual/ocr-playground-download-20260821T150802Z/Philips-VP415-Service-Manual-hires-300-part5of5-pages140-197.pdf/pages/page-32/img-42.jpeg,10124,366,226,exclude,,,none,downscaled by the OCR vendor; never published (manifest §3)
unsorted-source-material/ocr-markdown-service-manual/ocr-playground-download-20260821T150802Z/Philips-VP415-Service-Manual-hires-300-part5of5-pages140-197.pdf/pages/page-32/img-43.jpeg,9145,286,229,exclude,,,none,downscaled by the OCR vendor; never published (manifest §3)
unsorted-source-material/ocr-markdown-service-manual/ocr-playground-download-20260821T150802Z/Philips-VP415-Service-Manual-hires-300-part5of5-pages140-197.pdf/pages/page-32/markdown.md,471,,,source-text,,,none,text source for tools/import_ocr.py
unsorted-source-material/ocr-markdown-service-manual/ocr-playground-download-20260821T150802Z/Philips-VP415-Service-Manual-hires-300-part5of5-pages140-197.pdf/pages/page-32/page-metadata.json,1849,,,source-text,,,none,text source for tools/import_ocr.py
unsorted-source-material/ocr-markdown-service-manual/ocr-playground-download-20260821T150802Z/Philips-VP415-Service-Manual-hires-300-part5of5-pages140-197.pdf/pages/page-33/markdown.md,682,,,source-text,,,none,text source for tools/import_ocr.py
unsorted-source-material/ocr-markdown-service-manual/ocr-playground-download-20260821T150802Z/Philips-VP415-Service-Manual-hires-300-part5of5-pages140-197.pdf/pages/page-33/page-metadata.json,1412,,,source-text,,,none,text source for tools/import_ocr.py
unsorted-source-material/ocr-markdown-service-manual/ocr-playground-download-20260821T150802Z/Philips-VP415-Service-Manual-hires-300-part5of5-pages140-197.pdf/pages/page-34/markdown.md,236,,,source-text,,,none,text source for tools/import_ocr.py
unsorted-source-material/ocr-markdown-service-manual/ocr-playground-download-20260821T150802Z/Philips-VP415-Service-Manual-hires-300-part5of5-pages140-197.pdf/pages/page-34/page-metadata.json,776,,,source-text,,,none,text source for tools/import_ocr.py
unsorted-source-material/ocr-markdown-service-manual/ocr-playground-download-20260821T150802Z/Philips-VP415-Service-Manual-hires-300-part5of5-pages140-197.pdf/pages/page-35/markdown.md,751,,,source-text,,,none,text source for tools/import_ocr.py
unsorted-source-material/ocr-markdown-service-manual/ocr-playground-download-20260821T150802Z/Philips-VP415-Service-Manual-hires-300-part5of5-pages140-197.pdf/pages/page-35/page-metadata.json,1479,,,source-text,,,none,text source for tools/import_ocr.py
unsorted-source-material/ocr-markdown-service-manual/ocr-playground-download-20260821T150802Z/Philips-VP415-Service-Manual-hires-300-part5of5-pages140-197.pdf/pages/page-36/markdown.md,503,,,source-text,,,none,text source for tools/import_ocr.py
unsorted-source-material/ocr-markdown-service-manual/ocr-playground-download-20260821T150802Z/Philips-VP415-Service-Manual-hires-300-part5of5-pages140-197.pdf/pages/page-36/page-metadata.json,1228,,,source-text,,,none,text source for tools/import_ocr.py
unsorted-source-material/ocr-markdown-service-manual/ocr-playground-download-20260821T150802Z/Philips-VP415-Service-Manual-hires-300-part5of5-pages140-197.pdf/pages/page-37/markdown.md,361,,,source-text,,,none,text source for tools/import_ocr.py
unsorted-source-material/ocr-markdown-service-manual/ocr-playground-download-20260821T150802Z/Philips-VP415-Service-Manual-hires-300-part5of5-pages140-197.pdf/pages/page-37/page-metadata.json,1088,,,source-text,,,none,text source for tools/import_ocr.py
unsorted-source-material/ocr-markdown-service-manual/ocr-playground-download-20260821T150802Z/Philips-VP415-Service-Manual-hires-300-part5of5-pages140-197.pdf/pages/page-38/markdown.md,264,,,source-text,,,none,text source for tools/import_ocr.py
unsorted-source-material/ocr-markdown-service-manual/ocr-playground-download-20260821T150802Z/Philips-VP415-Service-Manual-hires-300-part5of5-pages140-197.pdf/pages/page-38/page-metadata.json,989,,,source-text,,,none,text source for tools/import_ocr.py
unsorted-source-material/ocr-markdown-service-manual/ocr-playground-download-20260821T150802Z/Philips-VP415-Service-Manual-hires-300-part5of5-pages140-197.pdf/pages/page-39/markdown.md,346,,,source-text,,,none,text source for tools/import_ocr.py
unsorted-source-material/ocr-markdown-service-manual/ocr-playground-download-20260821T150802Z/Philips-VP415-Service-Manual-hires-300-part5of5-pages140-197.pdf/pages/page-39/page-metadata.json,1073,,,source-text,,,none,text source for tools/import_ocr.py
unsorted-source-material/ocr-markdown-service-manual/ocr-playground-download-20260821T150802Z/Philips-VP415-Service-Manual-hires-300-part5of5-pages140-197.pdf/pages/page-4/img-3.jpeg,5246,213,144,exclude,,,none,downscaled by the OCR vendor; never published (manifest §3)
unsorted-source-material/ocr-markdown-service-manual/ocr-playground-download-20260821T150802Z/Philips-VP415-Service-Manual-hires-300-part5of5-pages140-197.pdf/pages/page-4/img-4.jpeg,22887,531,325,exclude,,,none,downscaled by the OCR vendor; never published (manifest §3)
unsorted-source-material/ocr-markdown-service-manual/ocr-playground-download-20260821T150802Z/Philips-VP415-Service-Manual-hires-300-part5of5-pages140-197.pdf/pages/page-4/markdown.md,4645,,,source-text,,,none,text source for tools/import_ocr.py
unsorted-source-material/ocr-markdown-service-manual/ocr-playground-download-20260821T150802Z/Philips-VP415-Service-Manual-hires-300-part5of5-pages140-197.pdf/pages/page-4/page-metadata.json,14293,,,source-text,,,none,text source for tools/import_ocr.py
unsorted-source-material/ocr-markdown-service-manual/ocr-playground-download-20260821T150802Z/Philips-VP415-Service-Manual-hires-300-part5of5-pages140-197.pdf/pages/page-40/markdown.md,715,,,source-text,,,none,text source for tools/import_ocr.py
unsorted-source-material/ocr-markdown-service-manual/ocr-playground-download-20260821T150802Z/Philips-VP415-Service-Manual-hires-300-part5of5-pages140-197.pdf/pages/page-40/page-metadata.json,1445,,,source-text,,,none,text source for tools/import_ocr.py
unsorted-source-material/ocr-markdown-service-manual/ocr-playground-download-20260821T150802Z/Philips-VP415-Service-Manual-hires-300-part5of5-pages140-197.pdf/pages/page-41/markdown.md,940,,,source-text,,,none,text source for tools/import_ocr.py
unsorted-source-material/ocr-markdown-service-manual/ocr-playground-download-20260821T150802Z/Philips-VP415-Service-Manual-hires-300-part5of5-pages140-197.pdf/pages/page-41/page-metadata.json,1673,,,source-text,,,none,text source for tools/import_ocr.py
unsorted-source-material/ocr-markdown-service-manual/ocr-playground-download-20260821T150802Z/Philips-VP415-Service-Manual-hires-300-part5of5-pages140-197.pdf/pages/page-42/img-44.jpeg,11413,449,177,exclude,,,none,downscaled by the OCR vendor; never published (manifest §3)
unsorted-source-material/ocr-markdown-service-manual/ocr-playground-download-20260821T150802Z/Philips-VP415-Service-Manual-hires-300-part5of5-pages140-197.pdf/pages/page-42/markdown.md,416,,,source-text,,,none,text source for tools/import_ocr.py
unsorted-source-material/ocr-markdown-service-manual/ocr-playground-download-20260821T150802Z/Philips-VP415-Service-Manual-hires-300-part5of5-pages140-197.pdf/pages/page-42/page-metadata.json,1358,,,source-text,,,none,text source for tools/import_ocr.py
unsorted-source-material/ocr-markdown-service-manual/ocr-playground-download-20260821T150802Z/Philips-VP415-Service-Manual-hires-300-part5of5-pages140-197.pdf/pages/page-43/markdown.md,616,,,source-text,,,none,text source for tools/import_ocr.py
unsorted-source-material/ocr-markdown-service-manual/ocr-playground-download-20260821T150802Z/Philips-VP415-Service-Manual-hires-300-part5of5-pages140-197.pdf/pages/page-43/page-metadata.json,1342,,,source-text,,,none,text source for tools/import_ocr.py
unsorted-source-material/ocr-markdown-service-manual/ocr-playground-download-20260821T150802Z/Philips-VP415-Service-Manual-hires-300-part5of5-pages140-197.pdf/pages/page-44/markdown.md,278,,,source-text,,,none,text source for tools/import_ocr.py
unsorted-source-material/ocr-markdown-service-manual/ocr-playground-download-20260821T150802Z/Philips-VP415-Service-Manual-hires-300-part5of5-pages140-197.pdf/pages/page-44/page-metadata.json,1003,,,source-text,,,none,text source for tools/import_ocr.py
unsorted-source-material/ocr-markdown-service-manual/ocr-playground-download-20260821T150802Z/Philips-VP415-Service-Manual-hires-300-part5of5-pages140-197.pdf/pages/page-45/markdown.md,511,,,source-text,,,none,text source for tools/import_ocr.py
unsorted-source-material/ocr-markdown-service-manual/ocr-playground-download-20260821T150802Z/Philips-VP415-Service-Manual-hires-300-part5of5-pages140-197.pdf/pages/page-45/page-metadata.json,1237,,,source-text,,,none,text source for tools/import_ocr.py
unsorted-source-material/ocr-markdown-service-manual/ocr-playground-download-20260821T150802Z/Philips-VP415-Service-Manual-hires-300-part5of5-pages140-197.pdf/pages/page-46/markdown.md,467,,,source-text,,,none,text source for tools/import_ocr.py
unsorted-source-material/ocr-markdown-service-manual/ocr-playground-download-20260821T150802Z/Philips-VP415-Service-Manual-hires-300-part5of5-pages140-197.pdf/pages/page-46/page-metadata.json,1194,,,source-text,,,none,text source for tools/import_ocr.py
unsorted-source-material/ocr-markdown-service-manual/ocr-playground-download-20260821T150802Z/Philips-VP415-Service-Manual-hires-300-part5of5-pages140-197.pdf/pages/page-47/markdown.md,725,,,source-text,,,none,text source for tools/import_ocr.py
unsorted-source-material/ocr-markdown-service-manual/ocr-playground-download-20260821T150802Z/Philips-VP415-Service-Manual-hires-300-part5of5-pages140-197.pdf/pages/page-47/page-metadata.json,1452,,,source-text,,,none,text source for tools/import_ocr.py
unsorted-source-material/ocr-markdown-service-manual/ocr-playground-download-20260821T150802Z/Philips-VP415-Service-Manual-hires-300-part5of5-pages140-197.pdf/pages/page-48/markdown.md,1371,,,source-text,,,none,text source for tools/import_ocr.py
unsorted-source-material/ocr-markdown-service-manual/ocr-playground-download-20260821T150802Z/Philips-VP415-Service-Manual-hires-300-part5of5-pages140-197.pdf/pages/page-48/page-metadata.json,2106,,,source-text,,,none,text source for tools/import_ocr.py
unsorted-source-material/ocr-markdown-service-manual/ocr-playground-download-20260821T150802Z/Philips-VP415-Service-Manual-hires-300-part5of5-pages140-197.pdf/pages/page-49/markdown.md,762,,,source-text,,,none,text source for tools/import_ocr.py
unsorted-source-material/ocr-markdown-service-manual/ocr-playground-download-20260821T150802Z/Philips-VP415-Service-Manual-hires-300-part5of5-pages140-197.pdf/pages/page-49/page-metadata.json,1859,,,source-text,,,none,text source for tools/import_ocr.py
unsorted-source-material/ocr-markdown-service-manual/ocr-playground-download-20260821T150802Z/Philips-VP415-Service-Manual-hires-300-part5of5-pages140-197.pdf/pages/page-5/img-5.jpeg,3953,168,162,exclude,,,none,downscaled by the OCR vendor; never published (manifest §3)
unsorted-source-material/ocr-markdown-service-manual/ocr-playground-download-20260821T150802Z/Philips-VP415-Service-Manual-hires-300-part5of5-pages140-197.pdf/pages/page-5/img-6.jpeg,6506,250,194,exclude,,,none,downscaled by the OCR vendor; never published (manifest §3)
unsorted-source-material/ocr-markdown-service-manual/ocr-playground-download-20260821T150802Z/Philips-VP415-Service-Manual-hires-300-part5of5-pages140-197.pdf/pages/page-5/img-7.jpeg,9493,285,221,exclude,,,none,downscaled by the OCR vendor; never published (manifest §3)
unsorted-source-material/ocr-markdown-service-manual/ocr-playground-download-20260821T150802Z/Philips-VP415-Service-Manual-hires-300-part5of5-pages140-197.pdf/pages/page-5/markdown.md,6579,,,source-text,,,none,text source for tools/import_ocr.py
unsorted-source-material/ocr-markdown-service-manual/ocr-playground-download-20260821T150802Z/Philips-VP415-Service-Manual-hires-300-part5of5-pages140-197.pdf/pages/page-5/page-metadata.json,12743,,,source-text,,,none,text source for tools/import_ocr.py
unsorted-source-material/ocr-markdown-service-manual/ocr-playground-download-20260821T150802Z/Philips-VP415-Service-Manual-hires-300-part5of5-pages140-197.pdf/pages/page-50/markdown.md,992,,,source-text,,,none,text source for tools/import_ocr.py
unsorted-source-material/ocr-markdown-service-manual/ocr-playground-download-20260821T150802Z/Philips-VP415-Service-Manual-hires-300-part5of5-pages140-197.pdf/pages/page-50/page-metadata.json,1733,,,source-text,,,none,text source for tools/import_ocr.py
unsorted-source-material/ocr-markdown-service-manual/ocr-playground-download-20260821T150802Z/Philips-VP415-Service-Manual-hires-300-part5of5-pages140-197.pdf/pages/page-51/markdown.md,192,,,source-text,,,none,text source for tools/import_ocr.py
unsorted-source-material/ocr-markdown-service-manual/ocr-playground-download-20260821T150802Z/Philips-VP415-Service-Manual-hires-300-part5of5-pages140-197.pdf/pages/page-51/page-metadata.json,916,,,source-text,,,none,text source for tools/import_ocr.py
unsorted-source-material/ocr-markdown-service-manual/ocr-playground-download-20260821T150802Z/Philips-VP415-Service-Manual-hires-300-part5of5-pages140-197.pdf/pages/page-52/markdown.md,199,,,source-text,,,none,text source for tools/import_ocr.py
unsorted-source-material/ocr-markdown-service-manual/ocr-playground-download-20260821T150802Z/Philips-VP415-Service-Manual-hires-300-part5of5-pages140-197.pdf/pages/page-52/page-metadata.json,923,,,source-text,,,none,text source for tools/import_ocr.py
unsorted-source-material/ocr-markdown-service-manual/ocr-playground-download-20260821T150802Z/Philips-VP415-Service-Manual-hires-300-part5of5-pages140-197.pdf/pages/page-53/markdown.md,755,,,source-text,,,none,text source for tools/import_ocr.py
unsorted-source-material/ocr-markdown-service-manual/ocr-playground-download-20260821T150802Z/Philips-VP415-Service-Manual-hires-300-part5of5-pages140-197.pdf/pages/page-53/page-metadata.json,1857,,,source-text,,,none,text source for tools/import_ocr.py
unsorted-source-material/ocr-markdown-service-manual/ocr-playground-download-20260821T150802Z/Philips-VP415-Service-Manual-hires-300-part5of5-pages140-197.pdf/pages/page-54/markdown.md,540,,,source-text,,,none,text source for tools/import_ocr.py
unsorted-source-material/ocr-markdown-service-manual/ocr-playground-download-20260821T150802Z/Philips-VP415-Service-Manual-hires-300-part5of5-pages140-197.pdf/pages/page-54/page-metadata.json,2167,,,source-text,,,none,text source for tools/import_ocr.py
unsorted-source-material/ocr-markdown-service-manual/ocr-playground-download-20260821T150802Z/Philips-VP415-Service-Manual-hires-300-part5of5-pages140-197.pdf/pages/page-55/markdown.md,960,,,source-text,,,none,text source for tools/import_ocr.py
unsorted-source-material/ocr-markdown-service-manual/ocr-playground-download-20260821T150802Z/Philips-VP415-Service-Manual-hires-300-part5of5-pages140-197.pdf/pages/page-55/page-metadata.json,5176,,,source-text,,,none,text source for tools/import_ocr.py
unsorted-source-material/ocr-markdown-service-manual/ocr-playground-download-20260821T150802Z/Philips-VP415-Service-Manual-hires-300-part5of5-pages140-197.pdf/pages/page-56/markdown.md,474,,,source-text,,,none,text source for tools/import_ocr.py
unsorted-source-material/ocr-markdown-service-manual/ocr-playground-download-20260821T150802Z/Philips-VP415-Service-Manual-hires-300-part5of5-pages140-197.pdf/pages/page-56/page-metadata.json,2837,,,source-text,,,none,text source for tools/import_ocr.py
unsorted-source-material/ocr-markdown-service-manual/ocr-playground-download-20260821T150802Z/Philips-VP415-Service-Manual-hires-300-part5of5-pages140-197.pdf/pages/page-57/markdown.md,1132,,,source-text,,,none,text source for tools/import_ocr.py
unsorted-source-material/ocr-markdown-service-manual/ocr-playground-download-20260821T150802Z/Philips-VP415-Service-Manual-hires-300-part5of5-pages140-197.pdf/pages/page-57/page-metadata.json,4987,,,source-text,,,none,text source for tools/import_ocr.py
unsorted-source-material/ocr-markdown-service-manual/ocr-playground-download-20260821T150802Z/Philips-VP415-Service-Manual-hires-300-part5of5-pages140-197.pdf/pages/page-58/markdown.md,347,,,source-text,,,none,text source for tools/import_ocr.py
unsorted-source-material/ocr-markdown-service-manual/ocr-playground-download-20260821T150802Z/Philips-VP415-Service-Manual-hires-300-part5of5-pages140-197.pdf/pages/page-58/page-metadata.json,1608,,,source-text,,,none,text source for tools/import_ocr.py
unsorted-source-material/ocr-markdown-service-manual/ocr-playground-download-20260821T150802Z/Philips-VP415-Service-Manual-hires-300-part5of5-pages140-197.pdf/pages/page-6/img-8.jpeg,9505,415,184,exclude,,,none,downscaled by the OCR vendor; never published (manifest §3)
unsorted-source-material/ocr-markdown-service-manual/ocr-playground-download-20260821T150802Z/Philips-VP415-Service-Manual-hires-300-part5of5-pages140-197.pdf/pages/page-6/img-9.jpeg,11649,386,215,exclude,,,none,downscaled by the OCR vendor; never published (manifest §3)
unsorted-source-material/ocr-markdown-service-manual/ocr-playground-download-20260821T150802Z/Philips-VP415-Service-Manual-hires-300-part5of5-pages140-197.pdf/pages/page-6/markdown.md,3377,,,source-text,,,none,text source for tools/import_ocr.py
unsorted-source-material/ocr-markdown-service-manual/ocr-playground-download-20260821T150802Z/Philips-VP415-Service-Manual-hires-300-part5of5-pages140-197.pdf/pages/page-6/page-metadata.json,7280,,,source-text,,,none,text source for tools/import_ocr.py
unsorted-source-material/ocr-markdown-service-manual/ocr-playground-download-20260821T150802Z/Philips-VP415-Service-Manual-hires-300-part5of5-pages140-197.pdf/pages/page-7/img-10.jpeg,2869,140,130,exclude,,,none,downscaled by the OCR vendor; never published (manifest §3)
unsorted-source-material/ocr-markdown-service-manual/ocr-playground-download-20260821T150802Z/Philips-VP415-Service-Manual-hires-300-part5of5-pages140-197.pdf/pages/page-7/img-11.jpeg,5817,157,282,exclude,,,none,downscaled by the OCR vendor; never published (manifest §3)
unsorted-source-material/ocr-markdown-service-manual/ocr-playground-download-20260821T150802Z/Philips-VP415-Service-Manual-hires-300-part5of5-pages140-197.pdf/pages/page-7/markdown.md,5003,,,source-text,,,none,text source for tools/import_ocr.py
unsorted-source-material/ocr-markdown-service-manual/ocr-playground-download-20260821T150802Z/Philips-VP415-Service-Manual-hires-300-part5of5-pages140-197.pdf/pages/page-7/page-metadata.json,9819,,,source-text,,,none,text source for tools/import_ocr.py
unsorted-source-material/ocr-markdown-service-manual/ocr-playground-download-20260821T150802Z/Philips-VP415-Service-Manual-hires-300-part5of5-pages140-197.pdf/pages/page-8/img-12.jpeg,3574,110,159,exclude,,,none,downscaled by the OCR vendor; never published (manifest §3)
unsorted-source-material/ocr-markdown-service-manual/ocr-playground-download-20260821T150802Z/Philips-VP415-Service-Manual-hires-300-part5of5-pages140-197.pdf/pages/page-8/img-13.jpeg,3201,116,154,exclude,,,none,downscaled by the OCR vendor; never published (manifest §3)
unsorted-source-material/ocr-markdown-service-manual/ocr-playground-download-20260821T150802Z/Philips-VP415-Service-Manual-hires-300-part5of5-pages140-197.pdf/pages/page-8/img-14.jpeg,10434,399,212,exclude,,,none,downscaled by the OCR vendor; never published (manifest §3)
unsorted-source-material/ocr-markdown-service-manual/ocr-playground-download-20260821T150802Z/Philips-VP415-Service-Manual-hires-300-part5of5-pages140-197.pdf/pages/page-8/img-15.jpeg,9001,314,191,exclude,,,none,downscaled by the OCR vendor; never published (manifest §3)
unsorted-source-material/ocr-markdown-service-manual/ocr-playground-download-20260821T150802Z/Philips-VP415-Service-Manual-hires-300-part5of5-pages140-197.pdf/pages/page-8/img-16.jpeg,3166,133,128,exclude,,,none,downscaled by the OCR vendor; never published (manifest §3)
unsorted-source-material/ocr-markdown-service-manual/ocr-playground-download-20260821T150802Z/Philips-VP415-Service-Manual-hires-300-part5of5-pages140-197.pdf/pages/page-8/img-17.jpeg,21216,561,255,exclude,,,none,downscaled by the OCR vendor; never published (manifest §3)
unsorted-source-material/ocr-markdown-service-manual/ocr-playground-download-20260821T150802Z/Philips-VP415-Service-Manual-hires-300-part5of5-pages140-197.pdf/pages/page-8/markdown.md,4408,,,source-text,,,none,text source for tools/import_ocr.py
unsorted-source-material/ocr-markdown-service-manual/ocr-playground-download-20260821T150802Z/Philips-VP415-Service-Manual-hires-300-part5of5-pages140-197.pdf/pages/page-8/page-metadata.json,9012,,,source-text,,,none,text source for tools/import_ocr.py
unsorted-source-material/ocr-markdown-service-manual/ocr-playground-download-20260821T150802Z/Philips-VP415-Service-Manual-hires-300-part5of5-pages140-197.pdf/pages/page-9/img-18.jpeg,7554,254,199,exclude,,,none,downscaled by the OCR vendor; never published (manifest §3)
unsorted-source-material/ocr-markdown-service-manual/ocr-playground-download-20260821T150802Z/Philips-VP415-Service-Manual-hires-300-part5of5-pages140-197.pdf/pages/page-9/img-19.jpeg,3813,151,163,exclude,,,none,downscaled by the OCR vendor; never published (manifest §3)
unsorted-source-material/ocr-markdown-service-manual/ocr-playground-download-20260821T150802Z/Philips-VP415-Service-Manual-hires-300-part5of5-pages140-197.pdf/pages/page-9/img-20.jpeg,3852,179,114,exclude,,,none,downscaled by the OCR vendor; never published (manifest §3)
unsorted-source-material/ocr-markdown-service-manual/ocr-playground-download-20260821T150802Z/Philips-VP415-Service-Manual-hires-300-part5of5-pages140-197.pdf/pages/page-9/markdown.md,6227,,,source-text,,,none,text source for tools/import_ocr.py
unsorted-source-material/ocr-markdown-service-manual/ocr-playground-download-20260821T150802Z/Philips-VP415-Service-Manual-hires-300-part5of5-pages140-197.pdf/pages/page-9/page-metadata.json,11083,,,source-text,,,none,text source for tools/import_ocr.py
unsorted-source-material/pdfs/Philips VP415 Operating Instructions - uncompressed.pdf,20827390,,,exclude,,,none,superseded by the compressed PDF plus the 27 page scans (manifest §11.1)
unsorted-source-material/pdfs/Philips VP415 Operating Instructions.pdf,1720067,,,download,docs/operating-instructions/assets/originals,philips-vp415-operating-instructions.pdf,none,"user manual, 8 sections"
unsorted-source-material/title picture.jpg,260018,1266,1199,publish,docs/assets/originals,title-picture.jpg,photo,landing page hero image
unsorted-source-material/vp415 manual/image1 (2).jpg,1050923,3500,4956,publish,docs/operating-instructions/assets/originals,operating-instructions-scan-01.jpg,text-spread,3500x4956 two-page sheet of the operating instructions
unsorted-source-material/vp415 manual/image10 (2).jpg,1170068,3500,4956,publish,docs/operating-instructions/assets/originals,operating-instructions-scan-10.jpg,text-spread,3500x4956 two-page sheet of the operating instructions
unsorted-source-material/vp415 manual/image11 (2).jpg,1356874,3500,4956,publish,docs/operating-instructions/assets/originals,operating-instructions-scan-11.jpg,text-spread,3500x4956 two-page sheet of the operating instructions
unsorted-source-material/vp415 manual/image12 (2).jpg,1167656,3500,4956,publish,docs/operating-instructions/assets/originals,operating-instructions-scan-12.jpg,none,second exposure of the sheet photographed as scan-10; kept, not published
unsorted-source-material/vp415 manual/image13 (2).jpg,1643525,3500,4956,publish,docs/operating-instructions/assets/originals,operating-instructions-scan-13.jpg,text-spread,3500x4956 two-page sheet of the operating instructions
unsorted-source-material/vp415 manual/image14 (2).jpg,1910974,3500,4956,publish,docs/operating-instructions/assets/originals,operating-instructions-scan-14.jpg,text-spread,3500x4956 two-page sheet of the operating instructions
unsorted-source-material/vp415 manual/image15 (2).jpg,1062814,3500,4956,publish,docs/operating-instructions/assets/originals,operating-instructions-scan-15.jpg,text-spread,3500x4956 two-page sheet of the operating instructions
unsorted-source-material/vp415 manual/image16 (2).jpg,1670757,3500,4956,publish,docs/operating-instructions/assets/originals,operating-instructions-scan-16.jpg,text-spread,3500x4956 two-page sheet of the operating instructions
unsorted-source-material/vp415 manual/image17 (2).jpg,2036460,3500,4956,publish,docs/operating-instructions/assets/originals,operating-instructions-scan-17.jpg,text-spread,3500x4956 two-page sheet of the operating instructions
unsorted-source-material/vp415 manual/image18 (2).jpg,1944125,3500,4956,publish,docs/operating-instructions/assets/originals,operating-instructions-scan-18.jpg,text-spread,3500x4956 two-page sheet of the operating instructions
unsorted-source-material/vp415 manual/image19 (2).jpg,1839723,3500,4956,publish,docs/operating-instructions/assets/originals,operating-instructions-scan-19.jpg,text-spread,3500x4956 two-page sheet of the operating instructions
unsorted-source-material/vp415 manual/image2 (2).jpg,1506916,3500,4956,publish,docs/operating-instructions/assets/originals,operating-instructions-scan-02.jpg,text-spread,3500x4956 two-page sheet of the operating instructions
unsorted-source-material/vp415 manual/image20 (2).jpg,2156869,3500,4956,publish,docs/operating-instructions/assets/originals,operating-instructions-scan-20.jpg,text-spread,3500x4956 two-page sheet of the operating instructions
unsorted-source-material/vp415 manual/image21 (2).jpg,2668458,3500,4956,publish,docs/operating-instructions/assets/originals,operating-instructions-scan-21.jpg,text-spread,3500x4956 two-page sheet of the operating instructions
unsorted-source-material/vp415 manual/image22 (2).jpg,1972517,3500,4956,publish,docs/operating-instructions/assets/originals,operating-instructions-scan-22.jpg,text-spread,3500x4956 two-page sheet of the operating instructions
unsorted-source-material/vp415 manual/image23 (2).jpg,2014684,3500,4956,publish,docs/operating-instructions/assets/originals,operating-instructions-scan-23.jpg,text-spread,3500x4956 two-page sheet of the operating instructions
unsorted-source-material/vp415 manual/image24 (2).jpg,1931700,3500,4956,publish,docs/operating-instructions/assets/originals,operating-instructions-scan-24.jpg,text-spread,3500x4956 two-page sheet of the operating instructions
unsorted-source-material/vp415 manual/image25.jpg,2013552,3500,4956,publish,docs/operating-instructions/assets/originals,operating-instructions-scan-25.jpg,none,second exposure of the sheet photographed as scan-23; kept, not published
unsorted-source-material/vp415 manual/image26.jpg,1463979,3500,4956,publish,docs/operating-instructions/assets/originals,operating-instructions-scan-26.jpg,text-spread,3500x4956 two-page sheet of the operating instructions
unsorted-source-material/vp415 manual/image27.jpg,1569638,3500,4956,publish,docs/operating-instructions/assets/originals,operating-instructions-scan-27.jpg,text-spread,3500x4956 two-page sheet of the operating instructions
unsorted-source-material/vp415 manual/image3 (2).jpg,2060851,3500,4956,publish,docs/operating-instructions/assets/originals,operating-instructions-scan-03.jpg,text-spread,3500x4956 two-page sheet of the operating instructions
unsorted-source-material/vp415 manual/image4 (2).jpg,2394519,3500,4956,publish,docs/operating-instructions/assets/originals,operating-instructions-scan-04.jpg,text-spread,3500x4956 two-page sheet of the operating instructions
unsorted-source-material/vp415 manual/image5 (2).jpg,1569746,3500,4956,publish,docs/operating-instructions/assets/originals,operating-instructions-scan-05.jpg,text-spread,3500x4956 two-page sheet of the operating instructions
unsorted-source-material/vp415 manual/image6 (2).jpg,1944064,3500,4956,publish,docs/operating-instructions/assets/originals,operating-instructions-scan-06.jpg,text-spread,3500x4956 two-page sheet of the operating instructions
unsorted-source-material/vp415 manual/image7 (2).jpg,1976501,3500,4956,publish,docs/operating-instructions/assets/originals,operating-instructions-scan-07.jpg,text-spread,3500x4956 two-page sheet of the operating instructions
unsorted-source-material/vp415 manual/image8 (2).jpg,2573905,3500,4956,publish,docs/operating-instructions/assets/originals,operating-instructions-scan-08.jpg,text-spread,3500x4956 two-page sheet of the operating instructions
unsorted-source-material/vp415 manual/image9 (2).jpg,1978482,3500,4956,publish,docs/operating-instructions/assets/originals,operating-instructions-scan-09.jpg,none,second exposure of the sheet photographed as scan-07; kept, not published
unsorted-source-material/vp415 service manual/A4 trifold/vp415-colour300dpi-fixed_Page_021_022.webp,4433766,6989,3513,page-map,,,schematic,canonical source chosen by service-manual-sheet-map.csv publish_source
unsorted-source-material/vp415 service manual/A4 trifold/vp415-colour300dpi-fixed_Page_030_031.webp,3003612,6983,3514,page-map,,,schematic,canonical source chosen by service-manual-sheet-map.csv publish_source
unsorted-source-material/vp415 service manual/A4 trifold/vp415-colour300dpi-fixed_Page_035_036.webp,7391412,7025,3569,page-map,,,schematic,canonical source chosen by service-manual-sheet-map.csv publish_source
unsorted-source-material/vp415 service manual/A4 trifold/vp415-colour300dpi-fixed_Page_039_040.webp,4234188,7014,3516,page-map,,,schematic,canonical source chosen by service-manual-sheet-map.csv publish_source
unsorted-source-material/vp415 service manual/A4 trifold/vp415-colour300dpi-fixed_Page_061_062.webp,7146490,7766,3519,page-map,,,schematic,canonical source chosen by service-manual-sheet-map.csv publish_source
unsorted-source-material/vp415 service manual/A4 trifold/vp415-colour300dpi-fixed_Page_063_064.webp,8291738,7750,3540,page-map,,,schematic,canonical source chosen by service-manual-sheet-map.csv publish_source
unsorted-source-material/vp415 service manual/A4 trifold/vp415-colour300dpi-fixed_Page_065_066.webp,7553572,6978,3518,page-map,,,schematic,canonical source chosen by service-manual-sheet-map.csv publish_source
unsorted-source-material/vp415 service manual/A4 trifold/vp415-colour300dpi-fixed_Page_067_068.webp,5792606,6979,3511,page-map,,,schematic,canonical source chosen by service-manual-sheet-map.csv publish_source
unsorted-source-material/vp415 service manual/A4 trifold/vp415-colour300dpi-fixed_Page_069_070.webp,8191096,6993,3515,page-map,,,schematic,canonical source chosen by service-manual-sheet-map.csv publish_source
unsorted-source-material/vp415 service manual/A4 trifold/vp415-colour300dpi-fixed_Page_071_072.webp,7349104,6984,3513,page-map,,,schematic,canonical source chosen by service-manual-sheet-map.csv publish_source
unsorted-source-material/vp415 service manual/A4 trifold/vp415-colour300dpi-fixed_Page_075_076.webp,15771298,6980,3517,page-map,,,schematic,canonical source chosen by service-manual-sheet-map.csv publish_source
unsorted-source-material/vp415 service manual/A4 trifold/vp415-colour300dpi-fixed_Page_077_078.webp,15478854,6986,3515,page-map,,,schematic,canonical source chosen by service-manual-sheet-map.csv publish_source
unsorted-source-material/vp415 service manual/A4 trifold/vp415-colour300dpi-fixed_Page_085_086.webp,5934608,6979,3512,page-map,,,schematic,canonical source chosen by service-manual-sheet-map.csv publish_source
unsorted-source-material/vp415 service manual/A4 trifold/vp415-colour300dpi-fixed_Page_087_088.webp,6501212,6987,3522,page-map,,,schematic,canonical source chosen by service-manual-sheet-map.csv publish_source
unsorted-source-material/vp415 service manual/A4 trifold/vp415-colour300dpi-fixed_Page_091_092.webp,8698626,6972,3511,page-map,,,schematic,canonical source chosen by service-manual-sheet-map.csv publish_source
unsorted-source-material/vp415 service manual/A4 trifold/vp415-colour300dpi-fixed_Page_094_095.webp,4639824,7006,3521,page-map,,,schematic,canonical source chosen by service-manual-sheet-map.csv publish_source
unsorted-source-material/vp415 service manual/A4 trifold/vp415-colour300dpi-fixed_Page_096_097.webp,10892136,6984,3510,page-map,,,schematic,canonical source chosen by service-manual-sheet-map.csv publish_source
unsorted-source-material/vp415 service manual/Original PNG/vp415-colour300dpi-fixed_Page_001.webp,5132790,2482,3510,page-map,,,schematic,canonical source chosen by service-manual-sheet-map.csv publish_source
unsorted-source-material/vp415 service manual/Original PNG/vp415-colour300dpi-fixed_Page_002.webp,2116218,2482,3510,page-map,,,schematic,canonical source chosen by service-manual-sheet-map.csv publish_source
unsorted-source-material/vp415 service manual/Original PNG/vp415-colour300dpi-fixed_Page_003.webp,1710896,2482,3510,page-map,,,schematic,canonical source chosen by service-manual-sheet-map.csv publish_source
unsorted-source-material/vp415 service manual/Original PNG/vp415-colour300dpi-fixed_Page_004.webp,2246584,2482,3510,page-map,,,schematic,canonical source chosen by service-manual-sheet-map.csv publish_source
unsorted-source-material/vp415 service manual/Original PNG/vp415-colour300dpi-fixed_Page_005.webp,2165392,2482,3510,page-map,,,schematic,canonical source chosen by service-manual-sheet-map.csv publish_source
unsorted-source-material/vp415 service manual/Original PNG/vp415-colour300dpi-fixed_Page_006.webp,2100530,2482,3510,page-map,,,schematic,canonical source chosen by service-manual-sheet-map.csv publish_source
unsorted-source-material/vp415 service manual/Original PNG/vp415-colour300dpi-fixed_Page_007.webp,1666864,2482,3510,page-map,,,schematic,canonical source chosen by service-manual-sheet-map.csv publish_source
unsorted-source-material/vp415 service manual/Original PNG/vp415-colour300dpi-fixed_Page_008.webp,3337576,2482,3510,page-map,,,schematic,canonical source chosen by service-manual-sheet-map.csv publish_source
unsorted-source-material/vp415 service manual/Original PNG/vp415-colour300dpi-fixed_Page_009.webp,1396830,2482,3510,page-map,,,schematic,canonical source chosen by service-manual-sheet-map.csv publish_source
unsorted-source-material/vp415 service manual/Original PNG/vp415-colour300dpi-fixed_Page_010.webp,1838406,2482,3510,page-map,,,schematic,canonical source chosen by service-manual-sheet-map.csv publish_source
unsorted-source-material/vp415 service manual/Original PNG/vp415-colour300dpi-fixed_Page_011.webp,1567510,2482,3510,page-map,,,schematic,canonical source chosen by service-manual-sheet-map.csv publish_source
unsorted-source-material/vp415 service manual/Original PNG/vp415-colour300dpi-fixed_Page_012.webp,3950440,4964,3510,page-map,,,schematic,canonical source chosen by service-manual-sheet-map.csv publish_source
unsorted-source-material/vp415 service manual/Original PNG/vp415-colour300dpi-fixed_Page_013.webp,4075318,4964,3510,page-map,,,schematic,canonical source chosen by service-manual-sheet-map.csv publish_source
unsorted-source-material/vp415 service manual/Original PNG/vp415-colour300dpi-fixed_Page_014.webp,2038102,2482,3510,page-map,,,schematic,canonical source chosen by service-manual-sheet-map.csv publish_source
unsorted-source-material/vp415 service manual/Original PNG/vp415-colour300dpi-fixed_Page_015.webp,2329056,2482,3510,page-map,,,schematic,canonical source chosen by service-manual-sheet-map.csv publish_source
unsorted-source-material/vp415 service manual/Original PNG/vp415-colour300dpi-fixed_Page_016.webp,6043134,4964,3510,page-map,,,schematic,canonical source chosen by service-manual-sheet-map.csv publish_source
unsorted-source-material/vp415 service manual/Original PNG/vp415-colour300dpi-fixed_Page_017.webp,1906626,4964,3510,page-map,,,schematic,canonical source chosen by service-manual-sheet-map.csv publish_source
unsorted-source-material/vp415 service manual/Original PNG/vp415-colour300dpi-fixed_Page_018.webp,1607202,2482,3510,page-map,,,schematic,canonical source chosen by service-manual-sheet-map.csv publish_source
unsorted-source-material/vp415 service manual/Original PNG/vp415-colour300dpi-fixed_Page_019.webp,2283096,4964,3510,page-map,,,schematic,canonical source chosen by service-manual-sheet-map.csv publish_source
unsorted-source-material/vp415 service manual/Original PNG/vp415-colour300dpi-fixed_Page_020.webp,7527420,4964,3510,page-map,,,schematic,canonical source chosen by service-manual-sheet-map.csv publish_source
unsorted-source-material/vp415 service manual/Original PNG/vp415-colour300dpi-fixed_Page_023.webp,460166,4964,3510,page-map,,,schematic,canonical source chosen by service-manual-sheet-map.csv publish_source
unsorted-source-material/vp415 service manual/Original PNG/vp415-colour300dpi-fixed_Page_024.webp,1542772,4964,3510,page-map,,,schematic,canonical source chosen by service-manual-sheet-map.csv publish_source
unsorted-source-material/vp415 service manual/Original PNG/vp415-colour300dpi-fixed_Page_025.webp,2318450,4964,3510,page-map,,,schematic,canonical source chosen by service-manual-sheet-map.csv publish_source
unsorted-source-material/vp415 service manual/Original PNG/vp415-colour300dpi-fixed_Page_026.webp,1500106,4964,3510,page-map,,,schematic,canonical source chosen by service-manual-sheet-map.csv publish_source
unsorted-source-material/vp415 service manual/Original PNG/vp415-colour300dpi-fixed_Page_027.webp,875298,2482,3510,page-map,,,schematic,canonical source chosen by service-manual-sheet-map.csv publish_source
unsorted-source-material/vp415 service manual/Original PNG/vp415-colour300dpi-fixed_Page_028.webp,1568186,2482,3510,page-map,,,schematic,canonical source chosen by service-manual-sheet-map.csv publish_source
unsorted-source-material/vp415 service manual/Original PNG/vp415-colour300dpi-fixed_Page_029.webp,2213576,2482,3510,page-map,,,schematic,canonical source chosen by service-manual-sheet-map.csv publish_source
unsorted-source-material/vp415 service manual/Original PNG/vp415-colour300dpi-fixed_Page_032.webp,5329980,4964,3510,page-map,,,schematic,canonical source chosen by service-manual-sheet-map.csv publish_source
unsorted-source-material/vp415 service manual/Original PNG/vp415-colour300dpi-fixed_Page_033.webp,2479044,4964,3510,page-map,,,schematic,canonical source chosen by service-manual-sheet-map.csv publish_source
unsorted-source-material/vp415 service manual/Original PNG/vp415-colour300dpi-fixed_Page_034.webp,3879324,4964,3510,page-map,,,schematic,canonical source chosen by service-manual-sheet-map.csv publish_source
unsorted-source-material/vp415 service manual/Original PNG/vp415-colour300dpi-fixed_Page_037.webp,5473466,4964,3510,page-map,,,schematic,canonical source chosen by service-manual-sheet-map.csv publish_source
unsorted-source-material/vp415 service manual/Original PNG/vp415-colour300dpi-fixed_Page_038.webp,1972456,4964,3510,page-map,,,schematic,canonical source chosen by service-manual-sheet-map.csv publish_source
unsorted-source-material/vp415 service manual/Original PNG/vp415-colour300dpi-fixed_Page_041.webp,5161264,4964,3510,page-map,,,schematic,canonical source chosen by service-manual-sheet-map.csv publish_source
unsorted-source-material/vp415 service manual/Original PNG/vp415-colour300dpi-fixed_Page_042.webp,2967658,4964,3510,page-map,,,schematic,canonical source chosen by service-manual-sheet-map.csv publish_source
unsorted-source-material/vp415 service manual/Original PNG/vp415-colour300dpi-fixed_Page_043.webp,1399246,4964,3510,page-map,,,schematic,canonical source chosen by service-manual-sheet-map.csv publish_source
unsorted-source-material/vp415 service manual/Original PNG/vp415-colour300dpi-fixed_Page_044.webp,3310854,4964,3510,page-map,,,schematic,canonical source chosen by service-manual-sheet-map.csv publish_source
unsorted-source-material/vp415 service manual/Original PNG/vp415-colour300dpi-fixed_Page_045.webp,6120378,4964,3510,page-map,,,schematic,canonical source chosen by service-manual-sheet-map.csv publish_source
unsorted-source-material/vp415 service manual/Original PNG/vp415-colour300dpi-fixed_Page_046.webp,4243762,4964,3510,page-map,,,schematic,canonical source chosen by service-manual-sheet-map.csv publish_source
unsorted-source-material/vp415 service manual/Original PNG/vp415-colour300dpi-fixed_Page_047.webp,3280400,4964,3510,page-map,,,schematic,canonical source chosen by service-manual-sheet-map.csv publish_source
unsorted-source-material/vp415 service manual/Original PNG/vp415-colour300dpi-fixed_Page_048.webp,5211484,4964,3510,page-map,,,schematic,canonical source chosen by service-manual-sheet-map.csv publish_source
unsorted-source-material/vp415 service manual/Original PNG/vp415-colour300dpi-fixed_Page_049.webp,5799076,4964,3510,page-map,,,schematic,canonical source chosen by service-manual-sheet-map.csv publish_source
unsorted-source-material/vp415 service manual/Original PNG/vp415-colour300dpi-fixed_Page_050.webp,4883496,4964,3510,page-map,,,schematic,canonical source chosen by service-manual-sheet-map.csv publish_source
unsorted-source-material/vp415 service manual/Original PNG/vp415-colour300dpi-fixed_Page_051.webp,3098366,4964,3510,page-map,,,schematic,canonical source chosen by service-manual-sheet-map.csv publish_source
unsorted-source-material/vp415 service manual/Original PNG/vp415-colour300dpi-fixed_Page_052.webp,1394238,2482,3510,page-map,,,schematic,canonical source chosen by service-manual-sheet-map.csv publish_source
unsorted-source-material/vp415 service manual/Original PNG/vp415-colour300dpi-fixed_Page_053.webp,3587776,4964,3510,page-map,,,schematic,canonical source chosen by service-manual-sheet-map.csv publish_source
unsorted-source-material/vp415 service manual/Original PNG/vp415-colour300dpi-fixed_Page_054.webp,4322074,4964,3510,page-map,,,schematic,canonical source chosen by service-manual-sheet-map.csv publish_source
unsorted-source-material/vp415 service manual/Original PNG/vp415-colour300dpi-fixed_Page_055.webp,2008600,4964,3510,page-map,,,schematic,canonical source chosen by service-manual-sheet-map.csv publish_source
unsorted-source-material/vp415 service manual/Original PNG/vp415-colour300dpi-fixed_Page_056.webp,3996286,4964,3510,page-map,,,schematic,canonical source chosen by service-manual-sheet-map.csv publish_source
unsorted-source-material/vp415 service manual/Original PNG/vp415-colour300dpi-fixed_Page_057.webp,5082730,4964,3510,page-map,,,schematic,canonical source chosen by service-manual-sheet-map.csv publish_source
unsorted-source-material/vp415 service manual/Original PNG/vp415-colour300dpi-fixed_Page_058.webp,5547564,4964,3510,page-map,,,schematic,canonical source chosen by service-manual-sheet-map.csv publish_source
unsorted-source-material/vp415 service manual/Original PNG/vp415-colour300dpi-fixed_Page_059.webp,1759960,4964,3510,page-map,,,schematic,canonical source chosen by service-manual-sheet-map.csv publish_source
unsorted-source-material/vp415 service manual/Original PNG/vp415-colour300dpi-fixed_Page_060.webp,815422,2482,3510,page-map,,,schematic,canonical source chosen by service-manual-sheet-map.csv publish_source
unsorted-source-material/vp415 service manual/Original PNG/vp415-colour300dpi-fixed_Page_073.webp,2192466,4964,3510,page-map,,,schematic,canonical source chosen by service-manual-sheet-map.csv publish_source
unsorted-source-material/vp415 service manual/Original PNG/vp415-colour300dpi-fixed_Page_074.webp,3859928,4964,3510,page-map,,,schematic,canonical source chosen by service-manual-sheet-map.csv publish_source
unsorted-source-material/vp415 service manual/Original PNG/vp415-colour300dpi-fixed_Page_079.webp,2847436,4964,3510,page-map,,,schematic,canonical source chosen by service-manual-sheet-map.csv publish_source
unsorted-source-material/vp415 service manual/Original PNG/vp415-colour300dpi-fixed_Page_080.webp,4155890,4964,3510,page-map,,,schematic,canonical source chosen by service-manual-sheet-map.csv publish_source
unsorted-source-material/vp415 service manual/Original PNG/vp415-colour300dpi-fixed_Page_081.webp,2426118,2482,3510,page-map,,,schematic,canonical source chosen by service-manual-sheet-map.csv publish_source
unsorted-source-material/vp415 service manual/Original PNG/vp415-colour300dpi-fixed_Page_082.webp,8237102,4964,3510,page-map,,,schematic,canonical source chosen by service-manual-sheet-map.csv publish_source
unsorted-source-material/vp415 service manual/Original PNG/vp415-colour300dpi-fixed_Page_083.webp,1143342,2482,3510,page-map,,,schematic,canonical source chosen by service-manual-sheet-map.csv publish_source
unsorted-source-material/vp415 service manual/Original PNG/vp415-colour300dpi-fixed_Page_084.webp,11783668,4964,3510,page-map,,,schematic,canonical source chosen by service-manual-sheet-map.csv publish_source
unsorted-source-material/vp415 service manual/Original PNG/vp415-colour300dpi-fixed_Page_089.webp,9043802,4964,3510,page-map,,,schematic,canonical source chosen by service-manual-sheet-map.csv publish_source
unsorted-source-material/vp415 service manual/Original PNG/vp415-colour300dpi-fixed_Page_090.webp,6931712,4964,3510,page-map,,,schematic,canonical source chosen by service-manual-sheet-map.csv publish_source
unsorted-source-material/vp415 service manual/Original PNG/vp415-colour300dpi-fixed_Page_093.webp,1823964,4964,3510,page-map,,,schematic,canonical source chosen by service-manual-sheet-map.csv publish_source
unsorted-source-material/vp415 service manual/Original PNG/vp415-colour300dpi-fixed_Page_098.webp,3896990,4964,3510,page-map,,,schematic,canonical source chosen by service-manual-sheet-map.csv publish_source
unsorted-source-material/vp415 service manual/Original PNG/vp415-colour300dpi-fixed_Page_099.webp,3208156,4964,3510,page-map,,,schematic,canonical source chosen by service-manual-sheet-map.csv publish_source
unsorted-source-material/vp415 service manual/Original PNG/vp415-colour300dpi-fixed_Page_100.webp,5292354,4964,3510,page-map,,,schematic,canonical source chosen by service-manual-sheet-map.csv publish_source
unsorted-source-material/vp415 service manual/Original PNG/vp415-colour300dpi-fixed_Page_101.webp,898616,2482,3510,page-map,,,schematic,canonical source chosen by service-manual-sheet-map.csv publish_source
unsorted-source-material/vp415 service manual/Original PNG/vp415-colour300dpi-fixed_Page_102.webp,3122282,4964,3510,page-map,,,schematic,canonical source chosen by service-manual-sheet-map.csv publish_source
unsorted-source-material/vp415 service manual/Original PNG/vp415-colour300dpi-fixed_Page_103.webp,3498092,4964,3510,page-map,,,schematic,canonical source chosen by service-manual-sheet-map.csv publish_source
unsorted-source-material/vp415 service manual/Original PNG/vp415-colour300dpi-fixed_Page_104.webp,2635360,4964,3510,page-map,,,schematic,canonical source chosen by service-manual-sheet-map.csv publish_source
unsorted-source-material/vp415 service manual/Original PNG/vp415-colour300dpi-fixed_Page_105.webp,4447224,4964,3510,page-map,,,schematic,canonical source chosen by service-manual-sheet-map.csv publish_source
unsorted-source-material/vp415 service manual/Original PNG/vp415-colour300dpi-fixed_Page_106.webp,847374,2482,3510,page-map,,,schematic,canonical source chosen by service-manual-sheet-map.csv publish_source
unsorted-source-material/vp415 service manual/Original PNG/vp415-colour300dpi-fixed_Page_107.webp,2268118,2482,3510,page-map,,,schematic,canonical source chosen by service-manual-sheet-map.csv publish_source
unsorted-source-material/vp415 service manual/Original PNG/vp415-colour300dpi-fixed_Page_108.webp,2490750,2482,3510,page-map,,,schematic,canonical source chosen by service-manual-sheet-map.csv publish_source
unsorted-source-material/vp415 service manual/Original PNG/vp415-colour300dpi-fixed_Page_109.webp,1829110,2482,3510,page-map,,,schematic,canonical source chosen by service-manual-sheet-map.csv publish_source
unsorted-source-material/vp415 service manual/Original PNG/vp415-colour300dpi-fixed_Page_110.webp,829198,2482,3510,page-map,,,schematic,canonical source chosen by service-manual-sheet-map.csv publish_source
unsorted-source-material/vp415 service manual/Original PNG/vp415-colour300dpi-fixed_Page_111.webp,1754996,2482,3510,page-map,,,schematic,canonical source chosen by service-manual-sheet-map.csv publish_source
unsorted-source-material/vp415 service manual/Original PNG/vp415-colour300dpi-fixed_Page_112.webp,1312610,2482,3510,page-map,,,schematic,canonical source chosen by service-manual-sheet-map.csv publish_source
unsorted-source-material/vp415 service manual/Original PNG/vp415-colour300dpi-fixed_Page_113.webp,901356,2482,3510,page-map,,,schematic,canonical source chosen by service-manual-sheet-map.csv publish_source
unsorted-source-material/vp415 service manual/Original PNG/vp415-colour300dpi-fixed_Page_114.webp,658334,2482,3510,page-map,,,schematic,canonical source chosen by service-manual-sheet-map.csv publish_source
unsorted-source-material/vp415 service manual/Original PNG/vp415-colour300dpi-fixed_Page_115.webp,743068,2482,3510,page-map,,,schematic,canonical source chosen by service-manual-sheet-map.csv publish_source
unsorted-source-material/vp415 service manual/Original PNG/vp415-colour300dpi-fixed_Page_116.webp,966190,2482,3510,page-map,,,schematic,canonical source chosen by service-manual-sheet-map.csv publish_source
unsorted-source-material/vp415 service manual/Original PNG/vp415-colour300dpi-fixed_Page_117.webp,341352,2482,3510,page-map,,,schematic,canonical source chosen by service-manual-sheet-map.csv publish_source
unsorted-source-material/vp415 service manual/Original PNG/vp415-colour300dpi-fixed_Page_118.webp,847800,2482,3510,page-map,,,schematic,canonical source chosen by service-manual-sheet-map.csv publish_source
unsorted-source-material/vp415 service manual/Original PNG/vp415-colour300dpi-fixed_Page_119.webp,2163200,2482,3510,page-map,,,schematic,canonical source chosen by service-manual-sheet-map.csv publish_source
unsorted-source-material/vp415 service manual/Original PNG/vp415-colour300dpi-fixed_Page_120.webp,3424924,2482,3510,page-map,,,schematic,canonical source chosen by service-manual-sheet-map.csv publish_source
unsorted-source-material/vp415 service manual/Original PNG/vp415-colour300dpi-fixed_Page_121.webp,3257992,2482,3510,page-map,,,schematic,canonical source chosen by service-manual-sheet-map.csv publish_source
unsorted-source-material/vp415 service manual/Original PNG/vp415-colour300dpi-fixed_Page_122.webp,3275974,2482,3510,page-map,,,schematic,canonical source chosen by service-manual-sheet-map.csv publish_source
unsorted-source-material/vp415 service manual/Original PNG/vp415-colour300dpi-fixed_Page_123.webp,1885166,2482,3510,page-map,,,schematic,canonical source chosen by service-manual-sheet-map.csv publish_source
unsorted-source-material/vp415 service manual/Original PNG/vp415-colour300dpi-fixed_Page_124.webp,1922760,2482,3510,page-map,,,schematic,canonical source chosen by service-manual-sheet-map.csv publish_source
unsorted-source-material/vp415 service manual/Original PNG/vp415-colour300dpi-fixed_Page_125.webp,2178636,2482,3510,page-map,,,schematic,canonical source chosen by service-manual-sheet-map.csv publish_source
unsorted-source-material/vp415 service manual/Original PNG/vp415-colour300dpi-fixed_Page_126.webp,3289758,2482,3510,page-map,,,schematic,canonical source chosen by service-manual-sheet-map.csv publish_source
unsorted-source-material/vp415 service manual/Original PNG/vp415-colour300dpi-fixed_Page_127.webp,3452368,2482,3510,page-map,,,schematic,canonical source chosen by service-manual-sheet-map.csv publish_source
unsorted-source-material/vp415 service manual/Original PNG/vp415-colour300dpi-fixed_Page_128.webp,3059182,2482,3510,page-map,,,schematic,canonical source chosen by service-manual-sheet-map.csv publish_source
unsorted-source-material/vp415 service manual/Original PNG/vp415-colour300dpi-fixed_Page_129.webp,1586998,2482,3510,page-map,,,schematic,canonical source chosen by service-manual-sheet-map.csv publish_source
unsorted-source-material/vp415 service manual/Original PNG/vp415-colour300dpi-fixed_Page_130.webp,1883636,2482,3510,page-map,,,schematic,canonical source chosen by service-manual-sheet-map.csv publish_source
unsorted-source-material/vp415 service manual/Original PNG/vp415-colour300dpi-fixed_Page_131.webp,1373088,2482,3510,page-map,,,schematic,canonical source chosen by service-manual-sheet-map.csv publish_source
unsorted-source-material/vp415 service manual/Original PNG/vp415-colour300dpi-fixed_Page_132.webp,4290108,2482,3510,page-map,,,schematic,canonical source chosen by service-manual-sheet-map.csv publish_source
unsorted-source-material/vp415 service manual/Original PNG/vp415-colour300dpi-fixed_Page_133.webp,1306248,4964,3510,page-map,,,schematic,canonical source chosen by service-manual-sheet-map.csv publish_source
unsorted-source-material/vp415 service manual/Original PNG/vp415-colour300dpi-fixed_Page_134.webp,1036618,4964,3510,page-map,,,schematic,canonical source chosen by service-manual-sheet-map.csv publish_source
unsorted-source-material/vp415 service manual/Original PNG/vp415-colour300dpi-fixed_Page_135.webp,1286542,2482,3510,page-map,,,schematic,canonical source chosen by service-manual-sheet-map.csv publish_source
unsorted-source-material/vp415 service manual/Original PNG/vp415-colour300dpi-fixed_Page_136.webp,5959012,4964,3510,page-map,,,schematic,canonical source chosen by service-manual-sheet-map.csv publish_source
unsorted-source-material/vp415 service manual/Original PNG/vp415-colour300dpi-fixed_Page_137.webp,2519188,4964,3510,page-map,,,schematic,canonical source chosen by service-manual-sheet-map.csv publish_source
unsorted-source-material/vp415 service manual/Original PNG/vp415-colour300dpi-fixed_Page_138.webp,1901462,2482,3510,page-map,,,schematic,canonical source chosen by service-manual-sheet-map.csv publish_source
unsorted-source-material/vp415 service manual/Original PNG/vp415-colour300dpi-fixed_Page_139.webp,2246274,2482,3510,page-map,,,schematic,canonical source chosen by service-manual-sheet-map.csv publish_source
unsorted-source-material/vp415 service manual/Original PNG/vp415-colour300dpi-fixed_Page_140.webp,2007146,2482,3510,page-map,,,schematic,canonical source chosen by service-manual-sheet-map.csv publish_source
unsorted-source-material/vp415 service manual/Original PNG/vp415-colour300dpi-fixed_Page_141.webp,3125150,2482,3510,page-map,,,schematic,canonical source chosen by service-manual-sheet-map.csv publish_source
unsorted-source-material/vp415 service manual/Original PNG/vp415-colour300dpi-fixed_Page_142.webp,3652392,2482,3510,page-map,,,schematic,canonical source chosen by service-manual-sheet-map.csv publish_source
unsorted-source-material/vp415 service manual/Original PNG/vp415-colour300dpi-fixed_Page_143.webp,4720284,4964,3510,page-map,,,schematic,canonical source chosen by service-manual-sheet-map.csv publish_source
unsorted-source-material/vp415 service manual/Original PNG/vp415-colour300dpi-fixed_Page_144.webp,5007970,4964,3510,page-map,,,schematic,canonical source chosen by service-manual-sheet-map.csv publish_source
unsorted-source-material/vp415 service manual/Original PNG/vp415-colour300dpi-fixed_Page_145.webp,2257970,2482,3510,page-map,,,schematic,canonical source chosen by service-manual-sheet-map.csv publish_source
unsorted-source-material/vp415 service manual/Original PNG/vp415-colour300dpi-fixed_Page_146.webp,2537634,2482,3510,page-map,,,schematic,canonical source chosen by service-manual-sheet-map.csv publish_source
unsorted-source-material/vp415 service manual/Original PNG/vp415-colour300dpi-fixed_Page_147.webp,4656040,4964,3510,page-map,,,schematic,canonical source chosen by service-manual-sheet-map.csv publish_source
unsorted-source-material/vp415 service manual/Original PNG/vp415-colour300dpi-fixed_Page_148.webp,5804412,4964,3510,page-map,,,schematic,canonical source chosen by service-manual-sheet-map.csv publish_source
unsorted-source-material/vp415 service manual/Original PNG/vp415-colour300dpi-fixed_Page_149.webp,4175006,2482,3510,page-map,,,schematic,canonical source chosen by service-manual-sheet-map.csv publish_source
unsorted-source-material/vp415 service manual/Original PNG/vp415-colour300dpi-fixed_Page_150.webp,3149194,2482,3510,page-map,,,schematic,canonical source chosen by service-manual-sheet-map.csv publish_source
unsorted-source-material/vp415 service manual/Original PNG/vp415-colour300dpi-fixed_Page_151.webp,6604090,4964,3510,page-map,,,schematic,canonical source chosen by service-manual-sheet-map.csv publish_source
unsorted-source-material/vp415 service manual/Original PNG/vp415-colour300dpi-fixed_Page_152.webp,7176812,4964,3510,page-map,,,schematic,canonical source chosen by service-manual-sheet-map.csv publish_source
unsorted-source-material/vp415 service manual/Original PNG/vp415-colour300dpi-fixed_Page_153.webp,3203326,2482,3510,page-map,,,schematic,canonical source chosen by service-manual-sheet-map.csv publish_source
unsorted-source-material/vp415 service manual/Original PNG/vp415-colour300dpi-fixed_Page_154.webp,2810150,2482,3510,page-map,,,schematic,canonical source chosen by service-manual-sheet-map.csv publish_source
unsorted-source-material/vp415 service manual/Original PNG/vp415-colour300dpi-fixed_Page_155.webp,3822398,2482,3510,page-map,,,schematic,canonical source chosen by service-manual-sheet-map.csv publish_source
unsorted-source-material/vp415 service manual/Original PNG/vp415-colour300dpi-fixed_Page_156.webp,2547952,2482,3510,page-map,,,schematic,canonical source chosen by service-manual-sheet-map.csv publish_source
unsorted-source-material/vp415 service manual/Original PNG/vp415-colour300dpi-fixed_Page_157.webp,2265052,2482,3510,page-map,,,schematic,canonical source chosen by service-manual-sheet-map.csv publish_source
unsorted-source-material/vp415 service manual/Original PNG/vp415-colour300dpi-fixed_Page_158.webp,3200248,2482,3510,page-map,,,schematic,canonical source chosen by service-manual-sheet-map.csv publish_source
unsorted-source-material/vp415 service manual/Original PNG/vp415-colour300dpi-fixed_Page_159.webp,3826278,2482,3510,page-map,,,schematic,canonical source chosen by service-manual-sheet-map.csv publish_source
unsorted-source-material/vp415 service manual/Original PNG/vp415-colour300dpi-fixed_Page_160.webp,2501098,2482,3510,page-map,,,schematic,canonical source chosen by service-manual-sheet-map.csv publish_source
unsorted-source-material/vp415 service manual/Original PNG/vp415-colour300dpi-fixed_Page_161.webp,2340300,2482,3510,page-map,,,schematic,canonical source chosen by service-manual-sheet-map.csv publish_source
unsorted-source-material/vp415 service manual/Original PNG/vp415-colour300dpi-fixed_Page_162.webp,3213284,2482,3510,page-map,,,schematic,canonical source chosen by service-manual-sheet-map.csv publish_source
unsorted-source-material/vp415 service manual/Original PNG/vp415-colour300dpi-fixed_Page_163.webp,1662798,2482,3510,page-map,,,schematic,canonical source chosen by service-manual-sheet-map.csv publish_source
unsorted-source-material/vp415 service manual/Original PNG/vp415-colour300dpi-fixed_Page_164.webp,792356,2482,3510,page-map,,,schematic,canonical source chosen by service-manual-sheet-map.csv publish_source
unsorted-source-material/vp415 service manual/Original PNG/vp415-colour300dpi-fixed_Page_165.webp,1674108,2482,3510,page-map,,,schematic,canonical source chosen by service-manual-sheet-map.csv publish_source
unsorted-source-material/vp415 service manual/Original PNG/vp415-colour300dpi-fixed_Page_166.webp,2440512,2482,3510,page-map,,,schematic,canonical source chosen by service-manual-sheet-map.csv publish_source
unsorted-source-material/vp415 service manual/Original PNG/vp415-colour300dpi-fixed_Page_167.webp,2710872,2482,3510,page-map,,,schematic,canonical source chosen by service-manual-sheet-map.csv publish_source
unsorted-source-material/vp415 service manual/Original PNG/vp415-colour300dpi-fixed_Page_168.webp,2152008,2482,3510,page-map,,,schematic,canonical source chosen by service-manual-sheet-map.csv publish_source
unsorted-source-material/vp415 service manual/Original PNG/vp415-colour300dpi-fixed_Page_169.webp,503956,2482,3510,page-map,,,schematic,canonical source chosen by service-manual-sheet-map.csv publish_source
unsorted-source-material/vp415 service manual/Original PNG/vp415-colour300dpi-fixed_Page_170.webp,791068,2482,3510,page-map,,,schematic,canonical source chosen by service-manual-sheet-map.csv publish_source
unsorted-source-material/vp415 service manual/Original PNG/vp415-colour300dpi-fixed_Page_171.webp,666802,2482,3510,page-map,,,schematic,canonical source chosen by service-manual-sheet-map.csv publish_source
unsorted-source-material/vp415 service manual/Original PNG/vp415-colour300dpi-fixed_Page_172.webp,684264,2482,3510,page-map,,,schematic,canonical source chosen by service-manual-sheet-map.csv publish_source
unsorted-source-material/vp415 service manual/Original PNG/vp415-colour300dpi-fixed_Page_173.webp,222938,2482,3510,page-map,,,schematic,canonical source chosen by service-manual-sheet-map.csv publish_source
unsorted-source-material/vp415 service manual/Original PNG/vp415-colour300dpi-fixed_Page_174.webp,599048,2482,3510,page-map,,,schematic,canonical source chosen by service-manual-sheet-map.csv publish_source
unsorted-source-material/vp415 service manual/Original PNG/vp415-colour300dpi-fixed_Page_175.webp,396084,2482,3510,page-map,,,schematic,canonical source chosen by service-manual-sheet-map.csv publish_source
unsorted-source-material/vp415 service manual/Original PNG/vp415-colour300dpi-fixed_Page_176.webp,305264,2482,3510,page-map,,,schematic,canonical source chosen by service-manual-sheet-map.csv publish_source
unsorted-source-material/vp415 service manual/Original PNG/vp415-colour300dpi-fixed_Page_177.webp,248254,2482,3510,page-map,,,schematic,canonical source chosen by service-manual-sheet-map.csv publish_source
unsorted-source-material/vp415 service manual/Original PNG/vp415-colour300dpi-fixed_Page_178.webp,330504,2482,3510,page-map,,,schematic,canonical source chosen by service-manual-sheet-map.csv publish_source
unsorted-source-material/vp415 service manual/Original PNG/vp415-colour300dpi-fixed_Page_179.webp,708746,2482,3510,page-map,,,schematic,canonical source chosen by service-manual-sheet-map.csv publish_source
unsorted-source-material/vp415 service manual/Original PNG/vp415-colour300dpi-fixed_Page_180.webp,764542,2482,3510,page-map,,,schematic,canonical source chosen by service-manual-sheet-map.csv publish_source
unsorted-source-material/vp415 service manual/Original PNG/vp415-colour300dpi-fixed_Page_181.webp,524060,2482,3510,page-map,,,schematic,canonical source chosen by service-manual-sheet-map.csv publish_source
unsorted-source-material/vp415 service manual/Original PNG/vp415-colour300dpi-fixed_Page_182.webp,480734,2482,3510,page-map,,,schematic,canonical source chosen by service-manual-sheet-map.csv publish_source
unsorted-source-material/vp415 service manual/Original PNG/vp415-colour300dpi-fixed_Page_183.webp,237508,2482,3510,page-map,,,schematic,canonical source chosen by service-manual-sheet-map.csv publish_source
unsorted-source-material/vp415 service manual/Original PNG/vp415-colour300dpi-fixed_Page_184.webp,390276,2482,3510,page-map,,,schematic,canonical source chosen by service-manual-sheet-map.csv publish_source
unsorted-source-material/vp415 service manual/Original PNG/vp415-colour300dpi-fixed_Page_185.webp,422720,2482,3510,page-map,,,schematic,canonical source chosen by service-manual-sheet-map.csv publish_source
unsorted-source-material/vp415 service manual/Original PNG/vp415-colour300dpi-fixed_Page_186.webp,612346,2482,3510,page-map,,,schematic,canonical source chosen by service-manual-sheet-map.csv publish_source
unsorted-source-material/vp415 service manual/Original PNG/vp415-colour300dpi-fixed_Page_187.webp,878506,2482,3510,page-map,,,schematic,canonical source chosen by service-manual-sheet-map.csv publish_source
unsorted-source-material/vp415 service manual/Original PNG/vp415-colour300dpi-fixed_Page_188.webp,421050,2482,3510,page-map,,,schematic,canonical source chosen by service-manual-sheet-map.csv publish_source
unsorted-source-material/vp415 service manual/Original PNG/vp415-colour300dpi-fixed_Page_189.webp,503210,2482,3510,page-map,,,schematic,canonical source chosen by service-manual-sheet-map.csv publish_source
unsorted-source-material/vp415 service manual/Original PNG/vp415-colour300dpi-fixed_Page_190.webp,110840,2482,3510,page-map,,,schematic,canonical source chosen by service-manual-sheet-map.csv publish_source
unsorted-source-material/vp415 service manual/Original PNG/vp415-colour300dpi-fixed_Page_191.webp,115916,2482,3510,page-map,,,schematic,canonical source chosen by service-manual-sheet-map.csv publish_source
unsorted-source-material/vp415 service manual/Original PNG/vp415-colour300dpi-fixed_Page_192.webp,414840,2482,3510,page-map,,,schematic,canonical source chosen by service-manual-sheet-map.csv publish_source
unsorted-source-material/vp415 service manual/Original PNG/vp415-colour300dpi-fixed_Page_193.webp,330168,2482,3510,page-map,,,schematic,canonical source chosen by service-manual-sheet-map.csv publish_source
unsorted-source-material/vp415 service manual/Original PNG/vp415-colour300dpi-fixed_Page_194.webp,667140,2482,3510,page-map,,,schematic,canonical source chosen by service-manual-sheet-map.csv publish_source
unsorted-source-material/vp415 service manual/Original PNG/vp415-colour300dpi-fixed_Page_195.webp,320716,2482,3510,page-map,,,schematic,canonical source chosen by service-manual-sheet-map.csv publish_source
unsorted-source-material/vp415 service manual/Original PNG/vp415-colour300dpi-fixed_Page_196.webp,684136,2482,3510,page-map,,,schematic,canonical source chosen by service-manual-sheet-map.csv publish_source
unsorted-source-material/vp415 service manual/Original PNG/vp415-colour300dpi-fixed_Page_197.webp,254122,2482,3510,page-map,,,schematic,canonical source chosen by service-manual-sheet-map.csv publish_source
